[Licensing::Module] Trying to connect to existing licensing client channel...
Built from '6000.3/staging' branch; Version is '6000.3.9f1 (7a9955a4f2fa) revision 8034645'; Using compiler version '194234433'; Build Type 'Release'
OS: 'Windows 11  (10.0.26200) Core' Language: 'en' Physical Memory: 32685 MB
BatchMode: 1, IsHumanControllingUs: 0, StartBugReporterOnCrash: 0, Is64bit: 1
[Licensing::IpcConnector] Successfully connected to: "LicenseClient-luke" at "2026-02-22T16:43:58.5984317Z"
System  architecture: x64
Process architecture: x64
Date: 2026-02-22T16:43:58Z

COMMAND LINE ARGUMENTS:
C:\Program Files\Unity\Hub\Editor\6000.3.9f1\Editor\Unity.exe
-adb2
-batchMode
-noUpm
-name
AssetImportWorker0
-projectPath
D:/Github/Oddly-Familiar-Kart-Racing-Game/3D Mario Kart
-logFile
Logs/AssetImportWorker0.log
-srvPort
57809
-licensingIpc
LicenseClient-luke
-job-worker-count
3
-background-job-worker-count
8
-gc-helper-count
1
-name
AssetImport
Successfully changed project path to: D:/Github/Oddly-Familiar-Kart-Racing-Game/3D Mario Kart
D:/Github/Oddly-Familiar-Kart-Racing-Game/3D Mario Kart
[UnityMemory] Configuration Parameters - Can be set up in boot.config
    "memorysetup-temp-allocator-size-nav-mesh-worker=65536"
    "memorysetup-temp-allocator-size-audio-worker=65536"
    "memorysetup-temp-allocator-size-gfx=262144"
    "memorysetup-allocator-temp-initial-block-size-main=262144"
    "memorysetup-allocator-temp-initial-block-size-worker=262144"
    "memorysetup-temp-allocator-size-background-worker=32768"
    "memorysetup-temp-allocator-size-job-worker=262144"
    "memorysetup-temp-allocator-size-preload-manager=33554432"
    "memorysetup-temp-allocator-size-gi-baking-worker=262144"
    "memorysetup-temp-allocator-size-gi-baking-worker=262144"
    "memorysetup-temp-allocator-size-gi-baking-worker=262144"
    "memorysetup-temp-allocator-size-gi-baking-worker=262144"
    "memorysetup-temp-allocator-size-gi-baking-worker=262144"
    "memorysetup-bucket-allocator-granularity=16"
    "memorysetup-bucket-allocator-bucket-count=8"
    "memorysetup-bucket-allocator-block-size=33554432"
    "memorysetup-bucket-allocator-block-count=8"
    "memorysetup-main-allocator-block-size=16777216"
    "memorysetup-thread-allocator-block-size=16777216"
    "memorysetup-gfx-main-allocator-block-size=16777216"
    "memorysetup-gfx-thread-allocator-block-size=16777216"
    "memorysetup-cache-allocator-block-size=4194304"
    "memorysetup-typetree-allocator-block-size=2097152"
    "memorysetup-profiler-bucket-allocator-granularity=16"
    "memorysetup-profiler-bucket-allocator-bucket-count=8"
    "memorysetup-profiler-bucket-allocator-block-size=33554432"
    "memorysetup-profiler-bucket-allocator-block-count=8"
    "memorysetup-profiler-allocator-block-size=16777216"
    "memorysetup-profiler-editor-allocator-block-size=1048576"
    "memorysetup-temp-allocator-size-main=16777216"
    "memorysetup-job-temp-allocator-block-size=2097152"
    "memorysetup-job-temp-allocator-block-size-background=1048576"
    "memorysetup-job-temp-allocator-reduction-small-platforms=262144"
    "memorysetup-temp-allocator-size-cloud-worker=32768"
Player connection [9392]  Target information:

Player connection [9392]  * "[IP] 192.168.0.134 [Port] 0 [Flags] 2 [Guid] 2789755974 [EditorId] 2789755974 [Version] 1048832 [Id] WindowsEditor(7,Desktop) [Debug] 1 [PackageName] WindowsEditor [ProjectName] Editor" 

Player connection [9392]  * "[IP] 26.150.33.33 [Port] 0 [Flags] 2 [Guid] 2789755974 [EditorId] 2789755974 [Version] 1048832 [Id] WindowsEditor(7,Desktop) [Debug] 1 [PackageName] WindowsEditor [ProjectName] Editor" 

Player connection [9392]  * "[IP] 100.78.69.5 [Port] 0 [Flags] 2 [Guid] 2789755974 [EditorId] 2789755974 [Version] 1048832 [Id] WindowsEditor(7,Desktop) [Debug] 1 [PackageName] WindowsEditor [ProjectName] Editor" 

Player connection [9392] Host joined multi-casting on [225.0.0.222:54997]...
Player connection [9392] Host joined alternative multi-casting on [225.0.0.222:34997]...
JobSystem: Creating JobQueue using job-worker-count value 3
Input System module state changed to: Initialized.
[Physics::Module] Initialized fallback backend.
[Physics::Module] Id: 0xdecafbad
Library Redirect Path: Library/
[Physics::Module] Selected backend.
[Physics::Module] Name: PhysX
[Physics::Module] Id: 0xf2b8ea05
[Physics::Module] SDK Version: 4.1.2
[Physics::Module] Integration Version: 1.0.0
[Physics::Module] Threading Mode: Multi-Threaded
Refreshing native plugins compatible for Editor in 8.78 ms, found 2 plugins.
Preloading 0 native plugins for Editor in 0.00 ms.
Initialize engine version: 6000.3.9f1 (7a9955a4f2fa)
[Subsystems] Discovering subsystems at path C:/Program Files/Unity/Hub/Editor/6000.3.9f1/Editor/Data/Resources/UnitySubsystems
[Subsystems] Discovering subsystems at path D:/Github/Oddly-Familiar-Kart-Racing-Game/3D Mario Kart/Assets
GfxDevice: creating device client; kGfxThreadingModeNonThreaded
Direct3D:
    Version:  Direct3D 11.0 [level 11.1]
    Renderer: NVIDIA GeForce RTX 3060 Ti (ID=0x2489)
    Vendor:   NVIDIA
    VRAM:     8024 MB
    Driver:   32.0.15.8142
Initialize mono
Mono path[0] = 'C:/Program Files/Unity/Hub/Editor/6000.3.9f1/Editor/Data/Managed'
Mono path[1] = 'C:/Program Files/Unity/Hub/Editor/6000.3.9f1/Editor/Data/MonoBleedingEdge/lib/mono/unityjit-win32'
Mono config path = 'C:/Program Files/Unity/Hub/Editor/6000.3.9f1/Editor/Data/MonoBleedingEdge/etc'
Using monoOptions --debugger-agent=transport=dt_socket,embedding=1,server=y,suspend=n,address=127.0.0.1:56540
Begin MonoManager ReloadAssembly
Registering precompiled unity dll's ...
Register platform support module: C:/Program Files/Unity/Hub/Editor/6000.3.9f1/Editor/Data/PlaybackEngines/WebGLSupport/UnityEditor.WebGL.Extensions.dll
Register platform support module: C:/Program Files/Unity/Hub/Editor/6000.3.9f1/Editor/Data/PlaybackEngines/WindowsStandaloneSupport/UnityEditor.WindowsStandalone.Extensions.dll
Registered in 0.003635 seconds.
- Loaded All Assemblies, in  0.769 seconds
[Licensing::Client] Handshaking with LicensingClient:
  Version:                 1.17.4+4293ba1
  Session Id:              a3e4150e5ab1446c97387cfb3aaca0fe
  Correlation Id:          3a66b71f5a9f38307078f7f07e83337f
  External correlation Id: 2153726146007738606
  Machine Id:              cImGFwqXggsiiVazjuDKEGmEsDQ=
[Licensing::Module] Successfully connected to LicensingClient on channel: "LicenseClient-luke" (connect: 0.00s, validation: 0.00s, handshake: 1.78s)
[Licensing::IpcConnector] Successfully connected to: "LicenseClient-luke-notifications" at "2026-02-22T16:44:00.378039Z"
[Licensing::Module] Licensing Background thread has ended after 1.78s
Native extension for WindowsStandalone target not found
Native extension for WebGL target not found
ScheduleIndexationOnStartup MainProcess:False IndexOnStartup:True
Mono: successfully reloaded assembly
- Finished resetting the current domain, in  0.636 seconds
Domain Reload Profiling: 1400ms
	BeginReloadAssembly (221ms)
		ExecutionOrderSort (0ms)
		DisableScriptedObjects (0ms)
		BackupInstance (0ms)
		ReleaseScriptingObjects (0ms)
		CreateAndSetChildDomain (1ms)
	RebuildCommonClasses (68ms)
	RebuildNativeTypeToScriptingClass (24ms)
	initialDomainReloadingComplete (78ms)
	LoadAllAssembliesAndSetupDomain (373ms)
		LoadAssemblies (214ms)
		RebuildTransferFunctionScriptingTraits (0ms)
		AnalyzeDomain (368ms)
			TypeCache.Refresh (365ms)
				TypeCache.ScanAssembly (342ms)
			BuildScriptInfoCaches (0ms)
			ResolveRequiredComponents (1ms)
	FinalizeReload (637ms)
		ReleaseScriptCaches (0ms)
		RebuildScriptCaches (0ms)
		SetupLoadedEditorAssemblies (552ms)
			LogAssemblyErrors (0ms)
			InitializePlatformSupportModulesInManaged (85ms)
			SetLoadedEditorAssemblies (4ms)
			BeforeProcessingInitializeOnLoad (121ms)
			ProcessInitializeOnLoadAttributes (237ms)
			ProcessInitializeOnLoadMethodAttributes (105ms)
			AfterProcessingInitializeOnLoad (0ms)
			EditorAssembliesLoaded (0ms)
		ExecutionOrderSort2 (0ms)
		AwakeInstancesAfterBackupRestoration (0ms)
========================================================================
Worker process is ready to serve import requests
Import Worker Mode flag is 0x00
Begin MonoManager ReloadAssembly
[Licensing::Client] Successfully resolved entitlement details
[Licensing::Module] License group:
  Id: F4-Y6KC-25T9-KMKK-443G-XXXX
  Product: Unity Personal
  Type: ULF
  Expiration: Unlimited
[Licensing::Module] License group:
  Id: 350106-UnityPersXXXX
  Product: Unity Personal
  Type: Assigned
  Expiration: Unlimited
Symbol file LoadedFromMemory is not a mono symbol file
- Loaded All Assemblies, in  1.337 seconds
Script 'RotationConstraint' has the same name as built-in Unity component.
AddComponent and GetComponent will not work with this script.
Refreshing native plugins compatible for Editor in 6.93 ms, found 2 plugins.
ForwardRenderer is missing RendererFeatures
This could be due to missing scripts or compile error.
UnityEngine.Debug:ExtractStackTraceNoAlloc (byte*,int,string)
UnityEngine.StackTraceUtility:ExtractStackTrace ()
UnityEngine.DebugLogHandler:Internal_Log (UnityEngine.LogType,UnityEngine.LogOption,string,UnityEngine.Object)
UnityEngine.DebugLogHandler:LogFormat (UnityEngine.LogType,UnityEngine.Object,string,object[])
UnityEngine.Logger:Log (UnityEngine.LogType,object,UnityEngine.Object)
UnityEngine.Debug:LogError (object,UnityEngine.Object)
UnityEngine.Rendering.Universal.ScriptableRendererData:ValidateRendererFeatures () (at ./Library/PackageCache/com.unity.render-pipelines.universal@7327e77c1cc2/Runtime/ScriptableRendererData.cs:193)
UnityEngine.Rendering.Universal.ScriptableRendererData:OnValidate () (at ./Library/PackageCache/com.unity.render-pipelines.universal@7327e77c1cc2/Runtime/ScriptableRendererData.cs:81)

(Filename: ./Library/PackageCache/com.unity.render-pipelines.universal@7327e77c1cc2/Runtime/ScriptableRendererData.cs Line: 193)

Native extension for WindowsStandalone target not found
Native extension for WebGL target not found
Package Manager log level set to [2]
[Package Manager] Failed to launch server process. Reason: Unity was launched with the -noUpm command-line argument
[Package Manager] Unable to send message (not connected to server process).
[Package Manager] Cannot connect to Unity Package Manager local server
Refreshing native plugins compatible for Editor in 7.91 ms, found 2 plugins.
ScheduleIndexationOnStartup MainProcess:False IndexOnStartup:True
Mono: successfully reloaded assembly
- Finished resetting the current domain, in  1.498 seconds
Domain Reload Profiling: 2829ms
	BeginReloadAssembly (252ms)
		ExecutionOrderSort (0ms)
		DisableScriptedObjects (10ms)
		BackupInstance (0ms)
		ReleaseScriptingObjects (0ms)
		CreateAndSetChildDomain (41ms)
	RebuildCommonClasses (57ms)
	RebuildNativeTypeToScriptingClass (20ms)
	initialDomainReloadingComplete (87ms)
	LoadAllAssembliesAndSetupDomain (913ms)
		LoadAssemblies (554ms)
		RebuildTransferFunctionScriptingTraits (0ms)
		AnalyzeDomain (497ms)
			TypeCache.Refresh (315ms)
				TypeCache.ScanAssembly (289ms)
			BuildScriptInfoCaches (156ms)
			ResolveRequiredComponents (19ms)
	FinalizeReload (1499ms)
		ReleaseScriptCaches (0ms)
		RebuildScriptCaches (0ms)
		SetupLoadedEditorAssemblies (1166ms)
			LogAssemblyErrors (0ms)
			InitializePlatformSupportModulesInManaged (3ms)
			SetLoadedEditorAssemblies (6ms)
			BeforeProcessingInitializeOnLoad (225ms)
			ProcessInitializeOnLoadAttributes (547ms)
			ProcessInitializeOnLoadMethodAttributes (370ms)
			AfterProcessingInitializeOnLoad (14ms)
			EditorAssembliesLoaded (0ms)
		ExecutionOrderSort2 (0ms)
		AwakeInstancesAfterBackupRestoration (10ms)
WARNING: Shader Unsupported: 'Toon/Lit Outline' - All subshaders removed
WARNING: Shader Did you use #pragma only_renderers and omit this platform?
WARNING: Shader If subshaders removal was intentional, you may have forgotten turning Fallback off?
WARNING: Shader Unsupported: 'Toon/Lit Outline' - All subshaders removed
WARNING: Shader Did you use #pragma only_renderers and omit this platform?
WARNING: Shader If subshaders removal was intentional, you may have forgotten turning Fallback off?
WARNING: Shader Unsupported: 'Toon/Basic Outline' - All subshaders removed
WARNING: Shader Did you use #pragma only_renderers and omit this platform?
WARNING: Shader If subshaders removal was intentional, you may have forgotten turning Fallback off?
WARNING: Shader Unsupported: 'Toon/Basic Outline' - All subshaders removed
WARNING: Shader Did you use #pragma only_renderers and omit this platform?
WARNING: Shader If subshaders removal was intentional, you may have forgotten turning Fallback off?
Launched and connected shader compiler UnityShaderCompiler.exe after 0.02 seconds
Refreshing native plugins compatible for Editor in 8.00 ms, found 2 plugins.
Preloading 0 native plugins for Editor in 0.00 ms.
Unloading 36 Unused Serialized files (Serialized files now loaded: 0)
Unloading 7371 unused Assets / (9.3 MB). Loaded Objects now: 8263.
Memory consumption went from 187.1 MB to 177.8 MB.
Total: 22.494500 ms (FindLiveObjects: 1.167900 ms CreateObjectMapping: 2.250100 ms MarkObjects: 13.068300 ms  DeleteObjects: 6.006800 ms)

========================================================================
Received Import Request.
  Time since last request: 783490.052253 seconds.
  path: Assets/Scripts/Title/MainMenu.cs
  artifactKey: Guid(262c0bc57a234594a85d4825ad109ff2) Importer(2089858483,797179f86c6e516b54ff30bda720a719)
Start importing Assets/Scripts/Title/MainMenu.cs using Guid(262c0bc57a234594a85d4825ad109ff2) Importer(2089858483,797179f86c6e516b54ff30bda720a719) (ScriptedImporter) -> (artifact id: '2d9fac729603238fd0142367c789b121') in 0.0835358 seconds
Number of updated asset objects reloaded before import = 0Number of asset objects unloaded after import = 0

========================================================================
Received Import Request.
  Time since last request: 30.148612 seconds.
  path: Assets/Scenes/MainMenu.unity
  artifactKey: Guid(125da7ae0c30f234ab1694f32ac4eacb) Importer(2089858483,797179f86c6e516b54ff30bda720a719)
Start importing Assets/Scenes/MainMenu.unity using Guid(125da7ae0c30f234ab1694f32ac4eacb) Importer(2089858483,797179f86c6e516b54ff30bda720a719) (ScriptedImporter) -> (artifact id: 'a12345fdc7e10a0287caf48317ae6fc0') in 0.0152458 seconds
Number of updated asset objects reloaded before import = 0Number of asset objects unloaded after import = 1

========================================================================
Received Import Request.
  Time since last request: 9.569006 seconds.
  path: Assets/Scenes/MainMenu.unity
  artifactKey: Guid(125da7ae0c30f234ab1694f32ac4eacb) Importer(2089858483,797179f86c6e516b54ff30bda720a719)
Start importing Assets/Scenes/MainMenu.unity using Guid(125da7ae0c30f234ab1694f32ac4eacb) Importer(2089858483,797179f86c6e516b54ff30bda720a719) (ScriptedImporter) -> (artifact id: 'b6646bbb7a160178a2038048a54ff7d5') in 0.014852 seconds
Number of updated asset objects reloaded before import = 0Number of asset objects unloaded after import = 1

========================================================================
Received Prepare
Begin MonoManager ReloadAssembly
Symbol file LoadedFromMemory is not a mono symbol file
- Loaded All Assemblies, in  1.152 seconds
Script 'RotationConstraint' has the same name as built-in Unity component.
AddComponent and GetComponent will not work with this script.
Refreshing native plugins compatible for Editor in 6.84 ms, found 2 plugins.
Native extension for WindowsStandalone target not found
Native extension for WebGL target not found
[Package Manager] Failed to launch server process. Reason: Unity was launched with the -noUpm command-line argument
[Package Manager] Unable to send message (not connected to server process).
[Package Manager] Cannot connect to Unity Package Manager local server
ScheduleIndexationOnStartup MainProcess:False IndexOnStartup:True
ForwardRenderer is missing RendererFeatures
This could be due to missing scripts or compile error.
UnityEngine.Debug:ExtractStackTraceNoAlloc (byte*,int,string)
UnityEngine.StackTraceUtility:ExtractStackTrace ()
UnityEngine.DebugLogHandler:Internal_Log (UnityEngine.LogType,UnityEngine.LogOption,string,UnityEngine.Object)
UnityEngine.DebugLogHandler:LogFormat (UnityEngine.LogType,UnityEngine.Object,string,object[])
UnityEngine.Logger:Log (UnityEngine.LogType,object,UnityEngine.Object)
UnityEngine.Debug:LogError (object,UnityEngine.Object)
UnityEngine.Rendering.Universal.ScriptableRendererData:ValidateRendererFeatures () (at ./Library/PackageCache/com.unity.render-pipelines.universal@7327e77c1cc2/Runtime/ScriptableRendererData.cs:193)
UnityEngine.Rendering.Universal.ScriptableRendererData:OnValidate () (at ./Library/PackageCache/com.unity.render-pipelines.universal@7327e77c1cc2/Runtime/ScriptableRendererData.cs:81)

(Filename: ./Library/PackageCache/com.unity.render-pipelines.universal@7327e77c1cc2/Runtime/ScriptableRendererData.cs Line: 193)

Mono: successfully reloaded assembly
- Finished resetting the current domain, in  1.534 seconds
Domain Reload Profiling: 2685ms
	BeginReloadAssembly (302ms)
		ExecutionOrderSort (0ms)
		DisableScriptedObjects (10ms)
		BackupInstance (0ms)
		ReleaseScriptingObjects (0ms)
		CreateAndSetChildDomain (79ms)
	RebuildCommonClasses (53ms)
	RebuildNativeTypeToScriptingClass (22ms)
	initialDomainReloadingComplete (44ms)
	LoadAllAssembliesAndSetupDomain (729ms)
		LoadAssemblies (513ms)
		RebuildTransferFunctionScriptingTraits (0ms)
		AnalyzeDomain (351ms)
			TypeCache.Refresh (10ms)
				TypeCache.ScanAssembly (0ms)
			BuildScriptInfoCaches (314ms)
			ResolveRequiredComponents (18ms)
	FinalizeReload (1536ms)
		ReleaseScriptCaches (0ms)
		RebuildScriptCaches (0ms)
		SetupLoadedEditorAssemblies (1212ms)
			LogAssemblyErrors (0ms)
			InitializePlatformSupportModulesInManaged (3ms)
			SetLoadedEditorAssemblies (6ms)
			BeforeProcessingInitializeOnLoad (213ms)
			ProcessInitializeOnLoadAttributes (493ms)
			ProcessInitializeOnLoadMethodAttributes (482ms)
			AfterProcessingInitializeOnLoad (14ms)
			EditorAssembliesLoaded (1ms)
		ExecutionOrderSort2 (0ms)
		AwakeInstancesAfterBackupRestoration (41ms)
WARNING: Shader Unsupported: 'Toon/Lit Outline' - All subshaders removed
WARNING: Shader Did you use #pragma only_renderers and omit this platform?
WARNING: Shader If subshaders removal was intentional, you may have forgotten turning Fallback off?
WARNING: Shader Unsupported: 'Toon/Lit Outline' - All subshaders removed
WARNING: Shader Did you use #pragma only_renderers and omit this platform?
WARNING: Shader If subshaders removal was intentional, you may have forgotten turning Fallback off?
WARNING: Shader Unsupported: 'Toon/Basic Outline' - All subshaders removed
WARNING: Shader Did you use #pragma only_renderers and omit this platform?
WARNING: Shader If subshaders removal was intentional, you may have forgotten turning Fallback off?
WARNING: Shader Unsupported: 'Toon/Basic Outline' - All subshaders removed
WARNING: Shader Did you use #pragma only_renderers and omit this platform?
WARNING: Shader If subshaders removal was intentional, you may have forgotten turning Fallback off?
Refreshing native plugins compatible for Editor in 7.60 ms, found 2 plugins.
Preloading 0 native plugins for Editor in 0.00 ms.
Unloading 31 Unused Serialized files (Serialized files now loaded: 0)
Unloading 7369 unused Assets / (9.5 MB). Loaded Objects now: 8280.
Memory consumption went from 192.0 MB to 182.6 MB.
Total: 31.863800 ms (FindLiveObjects: 1.140900 ms CreateObjectMapping: 2.259200 ms MarkObjects: 22.193300 ms  DeleteObjects: 6.269000 ms)

Prepare: number of updated asset objects reloaded= 0
========================================================================
Received Prepare
Begin MonoManager ReloadAssembly
[Licensing::Client] Successfully resolved entitlement details
[Licensing::Module] License group:
  Id: F4-Y6KC-25T9-KMKK-443G-XXXX
  Product: Unity Personal
  Type: ULF
  Expiration: Unlimited
[Licensing::Module] License group:
  Id: 350106-UnityPersXXXX
  Product: Unity Personal
  Type: Assigned
  Expiration: Unlimited
Symbol file LoadedFromMemory is not a mono symbol file
- Loaded All Assemblies, in  1.132 seconds
Script 'RotationConstraint' has the same name as built-in Unity component.
AddComponent and GetComponent will not work with this script.
Refreshing native plugins compatible for Editor in 6.18 ms, found 2 plugins.
Native extension for WindowsStandalone target not found
Native extension for WebGL target not found
[Package Manager] Failed to launch server process. Reason: Unity was launched with the -noUpm command-line argument
[Package Manager] Unable to send message (not connected to server process).
[Package Manager] Cannot connect to Unity Package Manager local server
ScheduleIndexationOnStartup MainProcess:False IndexOnStartup:True
ForwardRenderer is missing RendererFeatures
This could be due to missing scripts or compile error.
UnityEngine.Debug:ExtractStackTraceNoAlloc (byte*,int,string)
UnityEngine.StackTraceUtility:ExtractStackTrace ()
UnityEngine.DebugLogHandler:Internal_Log (UnityEngine.LogType,UnityEngine.LogOption,string,UnityEngine.Object)
UnityEngine.DebugLogHandler:LogFormat (UnityEngine.LogType,UnityEngine.Object,string,object[])
UnityEngine.Logger:Log (UnityEngine.LogType,object,UnityEngine.Object)
UnityEngine.Debug:LogError (object,UnityEngine.Object)
UnityEngine.Rendering.Universal.ScriptableRendererData:ValidateRendererFeatures () (at ./Library/PackageCache/com.unity.render-pipelines.universal@7327e77c1cc2/Runtime/ScriptableRendererData.cs:193)
UnityEngine.Rendering.Universal.ScriptableRendererData:OnValidate () (at ./Library/PackageCache/com.unity.render-pipelines.universal@7327e77c1cc2/Runtime/ScriptableRendererData.cs:81)

(Filename: ./Library/PackageCache/com.unity.render-pipelines.universal@7327e77c1cc2/Runtime/ScriptableRendererData.cs Line: 193)

Mono: successfully reloaded assembly
- Finished resetting the current domain, in  1.202 seconds
Domain Reload Profiling: 2333ms
	BeginReloadAssembly (295ms)
		ExecutionOrderSort (0ms)
		DisableScriptedObjects (12ms)
		BackupInstance (0ms)
		ReleaseScriptingObjects (0ms)
		CreateAndSetChildDomain (73ms)
	RebuildCommonClasses (52ms)
	RebuildNativeTypeToScriptingClass (23ms)
	initialDomainReloadingComplete (44ms)
	LoadAllAssembliesAndSetupDomain (715ms)
		LoadAssemblies (501ms)
		RebuildTransferFunctionScriptingTraits (0ms)
		AnalyzeDomain (345ms)
			TypeCache.Refresh (16ms)
				TypeCache.ScanAssembly (2ms)
			BuildScriptInfoCaches (304ms)
			ResolveRequiredComponents (18ms)
	FinalizeReload (1203ms)
		ReleaseScriptCaches (0ms)
		RebuildScriptCaches (0ms)
		SetupLoadedEditorAssemblies (969ms)
			LogAssemblyErrors (0ms)
			InitializePlatformSupportModulesInManaged (3ms)
			SetLoadedEditorAssemblies (5ms)
			BeforeProcessingInitializeOnLoad (197ms)
			ProcessInitializeOnLoadAttributes (457ms)
			ProcessInitializeOnLoadMethodAttributes (296ms)
			AfterProcessingInitializeOnLoad (11ms)
			EditorAssembliesLoaded (0ms)
		ExecutionOrderSort2 (0ms)
		AwakeInstancesAfterBackupRestoration (26ms)
WARNING: Shader Unsupported: 'Toon/Lit Outline' - All subshaders removed
WARNING: Shader Did you use #pragma only_renderers and omit this platform?
WARNING: Shader If subshaders removal was intentional, you may have forgotten turning Fallback off?
WARNING: Shader Unsupported: 'Toon/Lit Outline' - All subshaders removed
WARNING: Shader Did you use #pragma only_renderers and omit this platform?
WARNING: Shader If subshaders removal was intentional, you may have forgotten turning Fallback off?
WARNING: Shader Unsupported: 'Toon/Basic Outline' - All subshaders removed
WARNING: Shader Did you use #pragma only_renderers and omit this platform?
WARNING: Shader If subshaders removal was intentional, you may have forgotten turning Fallback off?
WARNING: Shader Unsupported: 'Toon/Basic Outline' - All subshaders removed
WARNING: Shader Did you use #pragma only_renderers and omit this platform?
WARNING: Shader If subshaders removal was intentional, you may have forgotten turning Fallback off?
Refreshing native plugins compatible for Editor in 6.95 ms, found 2 plugins.
Preloading 0 native plugins for Editor in 0.00 ms.
Unloading 31 Unused Serialized files (Serialized files now loaded: 0)
Unloading 7369 unused Assets / (8.8 MB). Loaded Objects now: 8283.
Memory consumption went from 192.1 MB to 183.3 MB.
Total: 22.779900 ms (FindLiveObjects: 0.986200 ms CreateObjectMapping: 1.839000 ms MarkObjects: 13.042600 ms  DeleteObjects: 6.910900 ms)

Prepare: number of updated asset objects reloaded= 0
========================================================================
Received Prepare
Begin MonoManager ReloadAssembly
Symbol file LoadedFromMemory is not a mono symbol file
- Loaded All Assemblies, in  1.122 seconds
Script 'RotationConstraint' has the same name as built-in Unity component.
AddComponent and GetComponent will not work with this script.
Refreshing native plugins compatible for Editor in 6.33 ms, found 2 plugins.
Native extension for WindowsStandalone target not found
Native extension for WebGL target not found
[Package Manager] Failed to launch server process. Reason: Unity was launched with the -noUpm command-line argument
[Package Manager] Unable to send message (not connected to server process).
[Package Manager] Cannot connect to Unity Package Manager local server
ScheduleIndexationOnStartup MainProcess:False IndexOnStartup:True
ForwardRenderer is missing RendererFeatures
This could be due to missing scripts or compile error.
UnityEngine.Debug:ExtractStackTraceNoAlloc (byte*,int,string)
UnityEngine.StackTraceUtility:ExtractStackTrace ()
UnityEngine.DebugLogHandler:Internal_Log (UnityEngine.LogType,UnityEngine.LogOption,string,UnityEngine.Object)
UnityEngine.DebugLogHandler:LogFormat (UnityEngine.LogType,UnityEngine.Object,string,object[])
UnityEngine.Logger:Log (UnityEngine.LogType,object,UnityEngine.Object)
UnityEngine.Debug:LogError (object,UnityEngine.Object)
UnityEngine.Rendering.Universal.ScriptableRendererData:ValidateRendererFeatures () (at ./Library/PackageCache/com.unity.render-pipelines.universal@7327e77c1cc2/Runtime/ScriptableRendererData.cs:193)
UnityEngine.Rendering.Universal.ScriptableRendererData:OnValidate () (at ./Library/PackageCache/com.unity.render-pipelines.universal@7327e77c1cc2/Runtime/ScriptableRendererData.cs:81)

(Filename: ./Library/PackageCache/com.unity.render-pipelines.universal@7327e77c1cc2/Runtime/ScriptableRendererData.cs Line: 193)

Mono: successfully reloaded assembly
- Finished resetting the current domain, in  1.490 seconds
Domain Reload Profiling: 2612ms
	BeginReloadAssembly (280ms)
		ExecutionOrderSort (0ms)
		DisableScriptedObjects (9ms)
		BackupInstance (0ms)
		ReleaseScriptingObjects (0ms)
		CreateAndSetChildDomain (70ms)
	RebuildCommonClasses (53ms)
	RebuildNativeTypeToScriptingClass (20ms)
	initialDomainReloadingComplete (44ms)
	LoadAllAssembliesAndSetupDomain (724ms)
		LoadAssemblies (493ms)
		RebuildTransferFunctionScriptingTraits (0ms)
		AnalyzeDomain (357ms)
			TypeCache.Refresh (10ms)
				TypeCache.ScanAssembly (0ms)
			BuildScriptInfoCaches (321ms)
			ResolveRequiredComponents (19ms)
	FinalizeReload (1491ms)
		ReleaseScriptCaches (0ms)
		RebuildScriptCaches (0ms)
		SetupLoadedEditorAssemblies (1231ms)
			LogAssemblyErrors (0ms)
			InitializePlatformSupportModulesInManaged (3ms)
			SetLoadedEditorAssemblies (5ms)
			BeforeProcessingInitializeOnLoad (201ms)
			ProcessInitializeOnLoadAttributes (599ms)
			ProcessInitializeOnLoadMethodAttributes (410ms)
			AfterProcessingInitializeOnLoad (13ms)
			EditorAssembliesLoaded (1ms)
		ExecutionOrderSort2 (0ms)
		AwakeInstancesAfterBackupRestoration (31ms)
WARNING: Shader Unsupported: 'Toon/Lit Outline' - All subshaders removed
WARNING: Shader Did you use #pragma only_renderers and omit this platform?
WARNING: Shader If subshaders removal was intentional, you may have forgotten turning Fallback off?
WARNING: Shader Unsupported: 'Toon/Lit Outline' - All subshaders removed
WARNING: Shader Did you use #pragma only_renderers and omit this platform?
WARNING: Shader If subshaders removal was intentional, you may have forgotten turning Fallback off?
WARNING: Shader Unsupported: 'Toon/Basic Outline' - All subshaders removed
WARNING: Shader Did you use #pragma only_renderers and omit this platform?
WARNING: Shader If subshaders removal was intentional, you may have forgotten turning Fallback off?
WARNING: Shader Unsupported: 'Toon/Basic Outline' - All subshaders removed
WARNING: Shader Did you use #pragma only_renderers and omit this platform?
WARNING: Shader If subshaders removal was intentional, you may have forgotten turning Fallback off?
Refreshing native plugins compatible for Editor in 6.74 ms, found 2 plugins.
Preloading 0 native plugins for Editor in 0.00 ms.
Unloading 31 Unused Serialized files (Serialized files now loaded: 0)
Unloading 7369 unused Assets / (8.6 MB). Loaded Objects now: 8286.
Memory consumption went from 192.1 MB to 183.5 MB.
Total: 20.582600 ms (FindLiveObjects: 1.139400 ms CreateObjectMapping: 1.791200 ms MarkObjects: 12.867700 ms  DeleteObjects: 4.783100 ms)

Prepare: number of updated asset objects reloaded= 0
========================================================================
Received Import Request.
  Time since last request: 203.240030 seconds.
  path: Assets/SOunds/Effects/3,2,1.wav
  artifactKey: Guid(0eea053ed6985e54fb6f2676388e6816) Importer(815301076,1909f56bfc062723c751e8b465ee728b)
Start importing Assets/SOunds/Effects/3,2,1.wav using Guid(0eea053ed6985e54fb6f2676388e6816) Importer(815301076,1909f56bfc062723c751e8b465ee728b) (PreviewImporter) -> (artifact id: '69fc4ff3c760fa6af1e1b64255505edf') in 0.2352043 seconds
Number of updated asset objects reloaded before import = 0Number of asset objects unloaded after import = 2

========================================================================
Received Import Request.
  Time since last request: 0.000085 seconds.
  path: Assets/SOunds/Kart/AccelNormal.ry.32.wav
  artifactKey: Guid(a1f7f407f6cfbb84d899473765709cad) Importer(815301076,1909f56bfc062723c751e8b465ee728b)
Start importing Assets/SOunds/Kart/AccelNormal.ry.32.wav using Guid(a1f7f407f6cfbb84d899473765709cad) Importer(815301076,1909f56bfc062723c751e8b465ee728b) (PreviewImporter) -> (artifact id: 'f7fec8ad68d8bd13ef6911c78073ce23') in 0.0355905 seconds
Number of updated asset objects reloaded before import = 0Number of asset objects unloaded after import = 2

========================================================================
Received Import Request.
  Time since last request: 0.707101 seconds.
  path: Assets/SOunds/Mario/Mario/mr_Action_RocketStart-01_Amb.ny.32.wav
  artifactKey: Guid(3e7129a5ea607444294370a0eb926dd7) Importer(815301076,1909f56bfc062723c751e8b465ee728b)
Start importing Assets/SOunds/Mario/Mario/mr_Action_RocketStart-01_Amb.ny.32.wav using Guid(3e7129a5ea607444294370a0eb926dd7) Importer(815301076,1909f56bfc062723c751e8b465ee728b) (PreviewImporter) -> (artifact id: '43504f1938d07556234e2b12f4c509fd') in 0.0255766 seconds
Number of updated asset objects reloaded before import = 0Number of asset objects unloaded after import = 2

========================================================================
Received Import Request.
  Time since last request: 0.000017 seconds.
  path: Assets/SOunds/Kart/SE_KT_START_HOVERZONE.wav
  artifactKey: Guid(9fdf7f8dde78bff4282b523301a16b6e) Importer(815301076,1909f56bfc062723c751e8b465ee728b)
Start importing Assets/SOunds/Kart/SE_KT_START_HOVERZONE.wav using Guid(9fdf7f8dde78bff4282b523301a16b6e) Importer(815301076,1909f56bfc062723c751e8b465ee728b) (PreviewImporter) -> (artifact id: '3ef772b79c3248585411c68a3d33ee48') in 0.0266504 seconds
Number of updated asset objects reloaded before import = 0Number of asset objects unloaded after import = 2

========================================================================
Received Import Request.
  Time since last request: 0.000022 seconds.
  path: Assets/SOunds/Mario/RocketStart.wav
  artifactKey: Guid(c14682501ab60c747823dcec9e5004d1) Importer(815301076,1909f56bfc062723c751e8b465ee728b)
Start importing Assets/SOunds/Mario/RocketStart.wav using Guid(c14682501ab60c747823dcec9e5004d1) Importer(815301076,1909f56bfc062723c751e8b465ee728b) (PreviewImporter) -> (artifact id: 'bb2696d4801dd810c64399f418aeeb23') in 0.0398255 seconds
Number of updated asset objects reloaded before import = 0Number of asset objects unloaded after import = 2

========================================================================
Received Import Request.
  Time since last request: 19.442313 seconds.
  path: Assets/Models/Rainbow Road N64/Chomp Ball/ChompBounce.wav
  artifactKey: Guid(f3fd6532e89a1d044afc4f99e0b0620b) Importer(815301076,1909f56bfc062723c751e8b465ee728b)
Start importing Assets/Models/Rainbow Road N64/Chomp Ball/ChompBounce.wav using Guid(f3fd6532e89a1d044afc4f99e0b0620b) Importer(815301076,1909f56bfc062723c751e8b465ee728b) (PreviewImporter) -> (artifact id: 'f0ebe3cc31aecf25ed523c42e9f80275') in 0.0265208 seconds
Number of updated asset objects reloaded before import = 0Number of asset objects unloaded after import = 2

========================================================================
Received Import Request.
  Time since last request: 0.000022 seconds.
  path: Assets/SOunds/Cow/Cow_Moo3.q.22.wav
  artifactKey: Guid(46965e11423c3d5489c1c7a0122fba51) Importer(815301076,1909f56bfc062723c751e8b465ee728b)
Start importing Assets/SOunds/Cow/Cow_Moo3.q.22.wav using Guid(46965e11423c3d5489c1c7a0122fba51) Importer(815301076,1909f56bfc062723c751e8b465ee728b) (PreviewImporter) -> (artifact id: 'a46a04cad88c949df18c20050f56851d') in 0.0278757 seconds
Number of updated asset objects reloaded before import = 0Number of asset objects unloaded after import = 2

========================================================================
Received Prepare
Begin MonoManager ReloadAssembly
[Licensing::Client] Successfully resolved entitlement details
[Licensing::Module] License group:
  Id: F4-Y6KC-25T9-KMKK-443G-XXXX
  Product: Unity Personal
  Type: ULF
  Expiration: Unlimited
[Licensing::Module] License group:
  Id: 350106-UnityPersXXXX
  Product: Unity Personal
  Type: Assigned
  Expiration: Unlimited
ADTM: Control thread waiting for realtime thread timed out, have to lock...
Symbol file LoadedFromMemory is not a mono symbol file
- Loaded All Assemblies, in  2.174 seconds
Script 'RotationConstraint' has the same name as built-in Unity component.
AddComponent and GetComponent will not work with this script.
Refreshing native plugins compatible for Editor in 6.80 ms, found 2 plugins.
Native extension for WindowsStandalone target not found
Native extension for WebGL target not found
[Package Manager] Failed to launch server process. Reason: Unity was launched with the -noUpm command-line argument
[Package Manager] Unable to send message (not connected to server process).
[Package Manager] Cannot connect to Unity Package Manager local server
ScheduleIndexationOnStartup MainProcess:False IndexOnStartup:True
ForwardRenderer is missing RendererFeatures
This could be due to missing scripts or compile error.
UnityEngine.Debug:ExtractStackTraceNoAlloc (byte*,int,string)
UnityEngine.StackTraceUtility:ExtractStackTrace ()
UnityEngine.DebugLogHandler:Internal_Log (UnityEngine.LogType,UnityEngine.LogOption,string,UnityEngine.Object)
UnityEngine.DebugLogHandler:LogFormat (UnityEngine.LogType,UnityEngine.Object,string,object[])
UnityEngine.Logger:Log (UnityEngine.LogType,object,UnityEngine.Object)
UnityEngine.Debug:LogError (object,UnityEngine.Object)
UnityEngine.Rendering.Universal.ScriptableRendererData:ValidateRendererFeatures () (at ./Library/PackageCache/com.unity.render-pipelines.universal@7327e77c1cc2/Runtime/ScriptableRendererData.cs:193)
UnityEngine.Rendering.Universal.ScriptableRendererData:OnValidate () (at ./Library/PackageCache/com.unity.render-pipelines.universal@7327e77c1cc2/Runtime/ScriptableRendererData.cs:81)

(Filename: ./Library/PackageCache/com.unity.render-pipelines.universal@7327e77c1cc2/Runtime/ScriptableRendererData.cs Line: 193)

Mono: successfully reloaded assembly
- Finished resetting the current domain, in  1.331 seconds
Domain Reload Profiling: 3503ms
	BeginReloadAssembly (1308ms)
		ExecutionOrderSort (0ms)
		DisableScriptedObjects (10ms)
		BackupInstance (0ms)
		ReleaseScriptingObjects (0ms)
		CreateAndSetChildDomain (1082ms)
	RebuildCommonClasses (56ms)
	RebuildNativeTypeToScriptingClass (22ms)
	initialDomainReloadingComplete (44ms)
	LoadAllAssembliesAndSetupDomain (742ms)
		LoadAssemblies (528ms)
		RebuildTransferFunctionScriptingTraits (0ms)
		AnalyzeDomain (353ms)
			TypeCache.Refresh (16ms)
				TypeCache.ScanAssembly (2ms)
			BuildScriptInfoCaches (310ms)
			ResolveRequiredComponents (18ms)
	FinalizeReload (1332ms)
		ReleaseScriptCaches (0ms)
		RebuildScriptCaches (0ms)
		SetupLoadedEditorAssemblies (1097ms)
			LogAssemblyErrors (0ms)
			InitializePlatformSupportModulesInManaged (3ms)
			SetLoadedEditorAssemblies (5ms)
			BeforeProcessingInitializeOnLoad (201ms)
			ProcessInitializeOnLoadAttributes (509ms)
			ProcessInitializeOnLoadMethodAttributes (367ms)
			AfterProcessingInitializeOnLoad (11ms)
			EditorAssembliesLoaded (0ms)
		ExecutionOrderSort2 (0ms)
		AwakeInstancesAfterBackupRestoration (28ms)
WARNING: Shader Unsupported: 'Toon/Lit Outline' - All subshaders removed
WARNING: Shader Did you use #pragma only_renderers and omit this platform?
WARNING: Shader If subshaders removal was intentional, you may have forgotten turning Fallback off?
WARNING: Shader Unsupported: 'Toon/Lit Outline' - All subshaders removed
WARNING: Shader Did you use #pragma only_renderers and omit this platform?
WARNING: Shader If subshaders removal was intentional, you may have forgotten turning Fallback off?
WARNING: Shader Unsupported: 'Toon/Basic Outline' - All subshaders removed
WARNING: Shader Did you use #pragma only_renderers and omit this platform?
WARNING: Shader If subshaders removal was intentional, you may have forgotten turning Fallback off?
WARNING: Shader Unsupported: 'Toon/Basic Outline' - All subshaders removed
WARNING: Shader Did you use #pragma only_renderers and omit this platform?
WARNING: Shader If subshaders removal was intentional, you may have forgotten turning Fallback off?
Refreshing native plugins compatible for Editor in 6.73 ms, found 2 plugins.
Preloading 0 native plugins for Editor in 0.00 ms.
Unloading 31 Unused Serialized files (Serialized files now loaded: 0)
Unloading 7369 unused Assets / (8.3 MB). Loaded Objects now: 8298.
Memory consumption went from 191.6 MB to 183.3 MB.
Total: 20.132600 ms (FindLiveObjects: 1.101600 ms CreateObjectMapping: 1.585000 ms MarkObjects: 12.551600 ms  DeleteObjects: 4.893200 ms)

Prepare: number of updated asset objects reloaded= 0
========================================================================
Received Prepare
Begin MonoManager ReloadAssembly
ADTM: Control thread waiting for realtime thread timed out, have to lock...
Symbol file LoadedFromMemory is not a mono symbol file
- Loaded All Assemblies, in  2.123 seconds
Script 'RotationConstraint' has the same name as built-in Unity component.
AddComponent and GetComponent will not work with this script.
Refreshing native plugins compatible for Editor in 7.69 ms, found 2 plugins.
Native extension for WindowsStandalone target not found
Native extension for WebGL target not found
[Package Manager] Failed to launch server process. Reason: Unity was launched with the -noUpm command-line argument
[Package Manager] Unable to send message (not connected to server process).
[Package Manager] Cannot connect to Unity Package Manager local server
ScheduleIndexationOnStartup MainProcess:False IndexOnStartup:True
ForwardRenderer is missing RendererFeatures
This could be due to missing scripts or compile error.
UnityEngine.Debug:ExtractStackTraceNoAlloc (byte*,int,string)
UnityEngine.StackTraceUtility:ExtractStackTrace ()
UnityEngine.DebugLogHandler:Internal_Log (UnityEngine.LogType,UnityEngine.LogOption,string,UnityEngine.Object)
UnityEngine.DebugLogHandler:LogFormat (UnityEngine.LogType,UnityEngine.Object,string,object[])
UnityEngine.Logger:Log (UnityEngine.LogType,object,UnityEngine.Object)
UnityEngine.Debug:LogError (object,UnityEngine.Object)
UnityEngine.Rendering.Universal.ScriptableRendererData:ValidateRendererFeatures () (at ./Library/PackageCache/com.unity.render-pipelines.universal@7327e77c1cc2/Runtime/ScriptableRendererData.cs:193)
UnityEngine.Rendering.Universal.ScriptableRendererData:OnValidate () (at ./Library/PackageCache/com.unity.render-pipelines.universal@7327e77c1cc2/Runtime/ScriptableRendererData.cs:81)

(Filename: ./Library/PackageCache/com.unity.render-pipelines.universal@7327e77c1cc2/Runtime/ScriptableRendererData.cs Line: 193)

Mono: successfully reloaded assembly
- Finished resetting the current domain, in  2.115 seconds
Domain Reload Profiling: 4237ms
	BeginReloadAssembly (1296ms)
		ExecutionOrderSort (0ms)
		DisableScriptedObjects (9ms)
		BackupInstance (0ms)
		ReleaseScriptingObjects (0ms)
		CreateAndSetChildDomain (1077ms)
	RebuildCommonClasses (54ms)
	RebuildNativeTypeToScriptingClass (21ms)
	initialDomainReloadingComplete (45ms)
	LoadAllAssembliesAndSetupDomain (705ms)
		LoadAssemblies (492ms)
		RebuildTransferFunctionScriptingTraits (0ms)
		AnalyzeDomain (347ms)
			TypeCache.Refresh (10ms)
				TypeCache.ScanAssembly (0ms)
			BuildScriptInfoCaches (310ms)
			ResolveRequiredComponents (18ms)
	FinalizeReload (2116ms)
		ReleaseScriptCaches (0ms)
		RebuildScriptCaches (0ms)
		SetupLoadedEditorAssemblies (1734ms)
			LogAssemblyErrors (0ms)
			InitializePlatformSupportModulesInManaged (6ms)
			SetLoadedEditorAssemblies (6ms)
			BeforeProcessingInitializeOnLoad (493ms)
			ProcessInitializeOnLoadAttributes (646ms)
			ProcessInitializeOnLoadMethodAttributes (570ms)
			AfterProcessingInitializeOnLoad (12ms)
			EditorAssembliesLoaded (1ms)
		ExecutionOrderSort2 (0ms)
		AwakeInstancesAfterBackupRestoration (29ms)
WARNING: Shader Unsupported: 'Toon/Lit Outline' - All subshaders removed
WARNING: Shader Did you use #pragma only_renderers and omit this platform?
WARNING: Shader If subshaders removal was intentional, you may have forgotten turning Fallback off?
WARNING: Shader Unsupported: 'Toon/Lit Outline' - All subshaders removed
WARNING: Shader Did you use #pragma only_renderers and omit this platform?
WARNING: Shader If subshaders removal was intentional, you may have forgotten turning Fallback off?
WARNING: Shader Unsupported: 'Toon/Basic Outline' - All subshaders removed
WARNING: Shader Did you use #pragma only_renderers and omit this platform?
WARNING: Shader If subshaders removal was intentional, you may have forgotten turning Fallback off?
WARNING: Shader Unsupported: 'Toon/Basic Outline' - All subshaders removed
WARNING: Shader Did you use #pragma only_renderers and omit this platform?
WARNING: Shader If subshaders removal was intentional, you may have forgotten turning Fallback off?
Refreshing native plugins compatible for Editor in 6.95 ms, found 2 plugins.
Preloading 0 native plugins for Editor in 0.00 ms.
Unloading 31 Unused Serialized files (Serialized files now loaded: 0)
Unloading 7369 unused Assets / (8.1 MB). Loaded Objects now: 8301.
Memory consumption went from 191.7 MB to 183.6 MB.
Total: 21.545900 ms (FindLiveObjects: 1.156300 ms CreateObjectMapping: 2.168900 ms MarkObjects: 13.052800 ms  DeleteObjects: 5.166800 ms)

Prepare: number of updated asset objects reloaded= 0
========================================================================
Received Import Request.
  Time since last request: 184.206140 seconds.
  path: Assets/SOunds/Water Park/WATERPARk.mp3
  artifactKey: Guid(ad847a7d335ec8a47ae480aa688d0fa1) Importer(815301076,1909f56bfc062723c751e8b465ee728b)
Start importing Assets/SOunds/Water Park/WATERPARk.mp3 using Guid(ad847a7d335ec8a47ae480aa688d0fa1) Importer(815301076,1909f56bfc062723c751e8b465ee728b) (PreviewImporter) -> (artifact id: 'c6c521a238d5a3857a091611f317a3ec') in 0.2589819 seconds
Number of updated asset objects reloaded before import = 0Number of asset objects unloaded after import = 2

========================================================================
Received Import Request.
  Time since last request: 6.993301 seconds.
  path: Assets/SOunds/Toads/toad2-[AudioTrimmer.com].wav
  artifactKey: Guid(fe28c18978c6ad94a89a4285e7bc6cc4) Importer(815301076,1909f56bfc062723c751e8b465ee728b)
Start importing Assets/SOunds/Toads/toad2-[AudioTrimmer.com].wav using Guid(fe28c18978c6ad94a89a4285e7bc6cc4) Importer(815301076,1909f56bfc062723c751e8b465ee728b) (PreviewImporter) -> (artifact id: '3d5315058a5f60e8ef9a924370dd5e72') in 0.0272017 seconds
Number of updated asset objects reloaded before import = 0Number of asset objects unloaded after import = 2

========================================================================
Received Import Request.
  Time since last request: 0.000019 seconds.
  path: Assets/SOunds/Water Park/UNDERWATERMUSICWaterPark.mp3
  artifactKey: Guid(86228a16b3c244d468e725f82f508564) Importer(815301076,1909f56bfc062723c751e8b465ee728b)
Start importing Assets/SOunds/Water Park/UNDERWATERMUSICWaterPark.mp3 using Guid(86228a16b3c244d468e725f82f508564) Importer(815301076,1909f56bfc062723c751e8b465ee728b) (PreviewImporter) -> (artifact id: 'cf0458144da7b7c758a320b3398034c1') in 0.129082 seconds
Number of updated asset objects reloaded before import = 0Number of asset objects unloaded after import = 2

========================================================================
Received Prepare
Begin MonoManager ReloadAssembly
[Licensing::Client] Successfully resolved entitlement details
[Licensing::Module] License group:
  Id: F4-Y6KC-25T9-KMKK-443G-XXXX
  Product: Unity Personal
  Type: ULF
  Expiration: Unlimited
[Licensing::Module] License group:
  Id: 350106-UnityPersXXXX
  Product: Unity Personal
  Type: Assigned
  Expiration: Unlimited
ADTM: Control thread waiting for realtime thread timed out, have to lock...
Symbol file LoadedFromMemory is not a mono symbol file
- Loaded All Assemblies, in  2.139 seconds
Script 'RotationConstraint' has the same name as built-in Unity component.
AddComponent and GetComponent will not work with this script.
Refreshing native plugins compatible for Editor in 6.25 ms, found 2 plugins.
Native extension for WindowsStandalone target not found
Native extension for WebGL target not found
[Package Manager] Failed to launch server process. Reason: Unity was launched with the -noUpm command-line argument
[Package Manager] Unable to send message (not connected to server process).
[Package Manager] Cannot connect to Unity Package Manager local server
ScheduleIndexationOnStartup MainProcess:False IndexOnStartup:True
ForwardRenderer is missing RendererFeatures
This could be due to missing scripts or compile error.
UnityEngine.Debug:ExtractStackTraceNoAlloc (byte*,int,string)
UnityEngine.StackTraceUtility:ExtractStackTrace ()
UnityEngine.DebugLogHandler:Internal_Log (UnityEngine.LogType,UnityEngine.LogOption,string,UnityEngine.Object)
UnityEngine.DebugLogHandler:LogFormat (UnityEngine.LogType,UnityEngine.Object,string,object[])
UnityEngine.Logger:Log (UnityEngine.LogType,object,UnityEngine.Object)
UnityEngine.Debug:LogError (object,UnityEngine.Object)
UnityEngine.Rendering.Universal.ScriptableRendererData:ValidateRendererFeatures () (at ./Library/PackageCache/com.unity.render-pipelines.universal@7327e77c1cc2/Runtime/ScriptableRendererData.cs:193)
UnityEngine.Rendering.Universal.ScriptableRendererData:OnValidate () (at ./Library/PackageCache/com.unity.render-pipelines.universal@7327e77c1cc2/Runtime/ScriptableRendererData.cs:81)

(Filename: ./Library/PackageCache/com.unity.render-pipelines.universal@7327e77c1cc2/Runtime/ScriptableRendererData.cs Line: 193)

Mono: successfully reloaded assembly
- Finished resetting the current domain, in  1.512 seconds
Domain Reload Profiling: 3650ms
	BeginReloadAssembly (1294ms)
		ExecutionOrderSort (0ms)
		DisableScriptedObjects (11ms)
		BackupInstance (0ms)
		ReleaseScriptingObjects (0ms)
		CreateAndSetChildDomain (1076ms)
	RebuildCommonClasses (63ms)
	RebuildNativeTypeToScriptingClass (22ms)
	initialDomainReloadingComplete (45ms)
	LoadAllAssembliesAndSetupDomain (714ms)
		LoadAssemblies (490ms)
		RebuildTransferFunctionScriptingTraits (0ms)
		AnalyzeDomain (355ms)
			TypeCache.Refresh (10ms)
				TypeCache.ScanAssembly (0ms)
			BuildScriptInfoCaches (320ms)
			ResolveRequiredComponents (18ms)
	FinalizeReload (1512ms)
		ReleaseScriptCaches (0ms)
		RebuildScriptCaches (0ms)
		SetupLoadedEditorAssemblies (1226ms)
			LogAssemblyErrors (0ms)
			InitializePlatformSupportModulesInManaged (4ms)
			SetLoadedEditorAssemblies (6ms)
			BeforeProcessingInitializeOnLoad (292ms)
			ProcessInitializeOnLoadAttributes (544ms)
			ProcessInitializeOnLoadMethodAttributes (366ms)
			AfterProcessingInitializeOnLoad (13ms)
			EditorAssembliesLoaded (0ms)
		ExecutionOrderSort2 (0ms)
		AwakeInstancesAfterBackupRestoration (32ms)
WARNING: Shader Unsupported: 'Toon/Lit Outline' - All subshaders removed
WARNING: Shader Did you use #pragma only_renderers and omit this platform?
WARNING: Shader If subshaders removal was intentional, you may have forgotten turning Fallback off?
WARNING: Shader Unsupported: 'Toon/Lit Outline' - All subshaders removed
WARNING: Shader Did you use #pragma only_renderers and omit this platform?
WARNING: Shader If subshaders removal was intentional, you may have forgotten turning Fallback off?
WARNING: Shader Unsupported: 'Toon/Basic Outline' - All subshaders removed
WARNING: Shader Did you use #pragma only_renderers and omit this platform?
WARNING: Shader If subshaders removal was intentional, you may have forgotten turning Fallback off?
WARNING: Shader Unsupported: 'Toon/Basic Outline' - All subshaders removed
WARNING: Shader Did you use #pragma only_renderers and omit this platform?
WARNING: Shader If subshaders removal was intentional, you may have forgotten turning Fallback off?
Refreshing native plugins compatible for Editor in 7.50 ms, found 2 plugins.
Preloading 0 native plugins for Editor in 0.00 ms.
Unloading 31 Unused Serialized files (Serialized files now loaded: 0)
Unloading 7369 unused Assets / (8.6 MB). Loaded Objects now: 8304.
Memory consumption went from 191.7 MB to 183.1 MB.
Total: 20.938500 ms (FindLiveObjects: 1.100400 ms CreateObjectMapping: 1.919200 ms MarkObjects: 12.340700 ms  DeleteObjects: 5.576900 ms)

Prepare: number of updated asset objects reloaded= 0
========================================================================
Received Prepare
Begin MonoManager ReloadAssembly
[Licensing::Client] Successfully resolved entitlement details
[Licensing::Module] License group:
  Id: F4-Y6KC-25T9-KMKK-443G-XXXX
  Product: Unity Personal
  Type: ULF
  Expiration: Unlimited
[Licensing::Module] License group:
  Id: 350106-UnityPersXXXX
  Product: Unity Personal
  Type: Assigned
  Expiration: Unlimited
ADTM: Control thread waiting for realtime thread timed out, have to lock...
Symbol file LoadedFromMemory is not a mono symbol file
- Loaded All Assemblies, in  2.134 seconds
Script 'RotationConstraint' has the same name as built-in Unity component.
AddComponent and GetComponent will not work with this script.
Refreshing native plugins compatible for Editor in 7.33 ms, found 2 plugins.
Native extension for WindowsStandalone target not found
Native extension for WebGL target not found
[Package Manager] Failed to launch server process. Reason: Unity was launched with the -noUpm command-line argument
[Package Manager] Unable to send message (not connected to server process).
[Package Manager] Cannot connect to Unity Package Manager local server
ScheduleIndexationOnStartup MainProcess:False IndexOnStartup:True
ForwardRenderer is missing RendererFeatures
This could be due to missing scripts or compile error.
UnityEngine.Debug:ExtractStackTraceNoAlloc (byte*,int,string)
UnityEngine.StackTraceUtility:ExtractStackTrace ()
UnityEngine.DebugLogHandler:Internal_Log (UnityEngine.LogType,UnityEngine.LogOption,string,UnityEngine.Object)
UnityEngine.DebugLogHandler:LogFormat (UnityEngine.LogType,UnityEngine.Object,string,object[])
UnityEngine.Logger:Log (UnityEngine.LogType,object,UnityEngine.Object)
UnityEngine.Debug:LogError (object,UnityEngine.Object)
UnityEngine.Rendering.Universal.ScriptableRendererData:ValidateRendererFeatures () (at ./Library/PackageCache/com.unity.render-pipelines.universal@7327e77c1cc2/Runtime/ScriptableRendererData.cs:193)
UnityEngine.Rendering.Universal.ScriptableRendererData:OnValidate () (at ./Library/PackageCache/com.unity.render-pipelines.universal@7327e77c1cc2/Runtime/ScriptableRendererData.cs:81)

(Filename: ./Library/PackageCache/com.unity.render-pipelines.universal@7327e77c1cc2/Runtime/ScriptableRendererData.cs Line: 193)

Mono: successfully reloaded assembly
- Finished resetting the current domain, in  1.819 seconds
Domain Reload Profiling: 3954ms
	BeginReloadAssembly (1286ms)
		ExecutionOrderSort (0ms)
		DisableScriptedObjects (11ms)
		BackupInstance (0ms)
		ReleaseScriptingObjects (0ms)
		CreateAndSetChildDomain (1069ms)
	RebuildCommonClasses (52ms)
	RebuildNativeTypeToScriptingClass (21ms)
	initialDomainReloadingComplete (43ms)
	LoadAllAssembliesAndSetupDomain (732ms)
		LoadAssemblies (506ms)
		RebuildTransferFunctionScriptingTraits (0ms)
		AnalyzeDomain (355ms)
			TypeCache.Refresh (10ms)
				TypeCache.ScanAssembly (0ms)
			BuildScriptInfoCaches (318ms)
			ResolveRequiredComponents (18ms)
	FinalizeReload (1820ms)
		ReleaseScriptCaches (0ms)
		RebuildScriptCaches (0ms)
		SetupLoadedEditorAssemblies (1539ms)
			LogAssemblyErrors (0ms)
			InitializePlatformSupportModulesInManaged (3ms)
			SetLoadedEditorAssemblies (5ms)
			BeforeProcessingInitializeOnLoad (245ms)
			ProcessInitializeOnLoadAttributes (594ms)
			ProcessInitializeOnLoadMethodAttributes (677ms)
			AfterProcessingInitializeOnLoad (14ms)
			EditorAssembliesLoaded (1ms)
		ExecutionOrderSort2 (0ms)
		AwakeInstancesAfterBackupRestoration (39ms)
WARNING: Shader Unsupported: 'Toon/Lit Outline' - All subshaders removed
WARNING: Shader Did you use #pragma only_renderers and omit this platform?
WARNING: Shader If subshaders removal was intentional, you may have forgotten turning Fallback off?
WARNING: Shader Unsupported: 'Toon/Lit Outline' - All subshaders removed
WARNING: Shader Did you use #pragma only_renderers and omit this platform?
WARNING: Shader If subshaders removal was intentional, you may have forgotten turning Fallback off?
WARNING: Shader Unsupported: 'Toon/Basic Outline' - All subshaders removed
WARNING: Shader Did you use #pragma only_renderers and omit this platform?
WARNING: Shader If subshaders removal was intentional, you may have forgotten turning Fallback off?
WARNING: Shader Unsupported: 'Toon/Basic Outline' - All subshaders removed
WARNING: Shader Did you use #pragma only_renderers and omit this platform?
WARNING: Shader If subshaders removal was intentional, you may have forgotten turning Fallback off?
Refreshing native plugins compatible for Editor in 6.48 ms, found 2 plugins.
Preloading 0 native plugins for Editor in 0.00 ms.
Unloading 31 Unused Serialized files (Serialized files now loaded: 0)
Unloading 7369 unused Assets / (8.6 MB). Loaded Objects now: 8307.
Memory consumption went from 191.8 MB to 183.2 MB.
Total: 19.771700 ms (FindLiveObjects: 1.034300 ms CreateObjectMapping: 1.579200 ms MarkObjects: 12.350500 ms  DeleteObjects: 4.806500 ms)

Prepare: number of updated asset objects reloaded= 0
========================================================================
Received Import Request.
  Time since last request: 162.306403 seconds.
  path: Assets/Scripts/Title/MainMenu.cs
  artifactKey: Guid(262c0bc57a234594a85d4825ad109ff2) Importer(2089858483,797179f86c6e516b54ff30bda720a719)
Start importing Assets/Scripts/Title/MainMenu.cs using Guid(262c0bc57a234594a85d4825ad109ff2) Importer(2089858483,797179f86c6e516b54ff30bda720a719) (ScriptedImporter) -> (artifact id: 'c343d76d080bd948182b37424742f0ca') in 0.1012742 seconds
Number of updated asset objects reloaded before import = 0Number of asset objects unloaded after import = 0

========================================================================
Received Import Request.
  Time since last request: 1.159055 seconds.
  path: Assets/Prefabs/Menu
  artifactKey: Guid(857a7684470773e45ae7d390f7a3f56f) Importer(815301076,1909f56bfc062723c751e8b465ee728b)
Start importing Assets/Prefabs/Menu using Guid(857a7684470773e45ae7d390f7a3f56f) Importer(815301076,1909f56bfc062723c751e8b465ee728b) (PreviewImporter) -> (artifact id: 'a11639e3f83b42490275d277eadbfc87') in 0.0006294 seconds
Number of updated asset objects reloaded before import = 0Number of asset objects unloaded after import = 0

========================================================================
Received Import Request.
  Time since last request: 0.883817 seconds.
  path: Assets/Prefabs/Menu
  artifactKey: Guid(857a7684470773e45ae7d390f7a3f56f) Importer(2089858483,797179f86c6e516b54ff30bda720a719)
Start importing Assets/Prefabs/Menu using Guid(857a7684470773e45ae7d390f7a3f56f) Importer(2089858483,797179f86c6e516b54ff30bda720a719) (ScriptedImporter) -> (artifact id: '07b9dcdcb2e7e97504a76fe6528dd17f') in 0.0133744 seconds
Number of updated asset objects reloaded before import = 0Number of asset objects unloaded after import = 1

========================================================================
Received Import Request.
  Time since last request: 1.459046 seconds.
  path: Assets/Prefabs/Menu/Map Selection.prefab
  artifactKey: Guid(c4ea66fddc7bf8f4e91c46d546935f76) Importer(815301076,1909f56bfc062723c751e8b465ee728b)
Start importing Assets/Prefabs/Menu/Map Selection.prefab using Guid(c4ea66fddc7bf8f4e91c46d546935f76) Importer(815301076,1909f56bfc062723c751e8b465ee728b) (PreviewImporter) -> (artifact id: '2f83372c7d919b918a4a248375c42de9') in 0.0824029 seconds
Number of updated asset objects reloaded before import = 0Number of asset objects unloaded after import = 149

========================================================================
Received Import Request.
  Time since last request: 0.771708 seconds.
  path: Assets/Prefabs/Menu/Map Selection.prefab
  artifactKey: Guid(c4ea66fddc7bf8f4e91c46d546935f76) Importer(2089858483,797179f86c6e516b54ff30bda720a719)
Start importing Assets/Prefabs/Menu/Map Selection.prefab using Guid(c4ea66fddc7bf8f4e91c46d546935f76) Importer(2089858483,797179f86c6e516b54ff30bda720a719) (ScriptedImporter) -> (artifact id: 'f0a72e404a90c05e4fe56ad04624e179') in 0.040018 seconds
Number of updated asset objects reloaded before import = 0Number of asset objects unloaded after import = 149

========================================================================
Received Import Request.
  Time since last request: 5.296289 seconds.
  path: Assets/Scenes/WhiteScreen.unity
  artifactKey: Guid(2cec29abe38711a4c815b155405e921b) Importer(2089858483,797179f86c6e516b54ff30bda720a719)
Start importing Assets/Scenes/WhiteScreen.unity using Guid(2cec29abe38711a4c815b155405e921b) Importer(2089858483,797179f86c6e516b54ff30bda720a719) (ScriptedImporter) -> (artifact id: '878a6ae797674bc57c04350b1d6ecf31') in 0.0134956 seconds
Number of updated asset objects reloaded before import = 0Number of asset objects unloaded after import = 1

========================================================================
Received Import Request.
  Time since last request: 12.749208 seconds.
  path: Assets/Scenes/WhiteScreen.unity
  artifactKey: Guid(2cec29abe38711a4c815b155405e921b) Importer(2089858483,797179f86c6e516b54ff30bda720a719)
Start importing Assets/Scenes/WhiteScreen.unity using Guid(2cec29abe38711a4c815b155405e921b) Importer(2089858483,797179f86c6e516b54ff30bda720a719) (ScriptedImporter) -> (artifact id: 'cfaa29b63beb2c59f90f15405b66a3e3') in 0.0141564 seconds
Number of updated asset objects reloaded before import = 0Number of asset objects unloaded after import = 1

========================================================================
Received Import Request.
  Time since last request: 24.970404 seconds.
  path: Assets/Materials/ShaderGraphs/BakeMapTex.shadergraph
  artifactKey: Guid(7c1df0785522fb646ae279a08608dd27) Importer(815301076,1909f56bfc062723c751e8b465ee728b)
Start importing Assets/Materials/ShaderGraphs/BakeMapTex.shadergraph using Guid(7c1df0785522fb646ae279a08608dd27) Importer(815301076,1909f56bfc062723c751e8b465ee728b) (PreviewImporter) -> (artifact id: '5349ae80e5a92dd177a2d0eecd9cfed1') in 0.9120686 seconds
Number of updated asset objects reloaded before import = 0Number of asset objects unloaded after import = 5

========================================================================
Received Import Request.
  Time since last request: 0.000039 seconds.
  path: Assets/Sprites/Maps/mooMooMeadowsMap.png
  artifactKey: Guid(7cacdfee3e7f8ea4284d2398f57d8cee) Importer(815301076,1909f56bfc062723c751e8b465ee728b)
Start importing Assets/Sprites/Maps/mooMooMeadowsMap.png using Guid(7cacdfee3e7f8ea4284d2398f57d8cee) Importer(815301076,1909f56bfc062723c751e8b465ee728b) (PreviewImporter) -> (artifact id: '1d2222ea6b2349545047c2bdf9309429') in 0.1256164 seconds
Number of updated asset objects reloaded before import = 0Number of asset objects unloaded after import = 3

========================================================================
Received Import Request.
  Time since last request: 0.000039 seconds.
  path: Assets/Scenes/Rainbow Road/Lightmap-0_comp_dir.png
  artifactKey: Guid(d8df5366779f53943b58dbd735758d91) Importer(815301076,1909f56bfc062723c751e8b465ee728b)
Start importing Assets/Scenes/Rainbow Road/Lightmap-0_comp_dir.png using Guid(d8df5366779f53943b58dbd735758d91) Importer(815301076,1909f56bfc062723c751e8b465ee728b) (PreviewImporter) -> (artifact id: '116fe06c16692fc37c405a7967a1a16c') in 0.0330966 seconds
Number of updated asset objects reloaded before import = 0Number of asset objects unloaded after import = 2

========================================================================
Received Import Request.
  Time since last request: 0.000110 seconds.
  path: Assets/Scenes/MooMooMeadows/Lightmap-0_comp_light.exr
  artifactKey: Guid(9dd2ac4bd4eb381479c457bba213d885) Importer(815301076,1909f56bfc062723c751e8b465ee728b)
Start importing Assets/Scenes/MooMooMeadows/Lightmap-0_comp_light.exr using Guid(9dd2ac4bd4eb381479c457bba213d885) Importer(815301076,1909f56bfc062723c751e8b465ee728b) (PreviewImporter) -> (artifact id: '1ad6ee1d383f9c76b77476372e407b28') in 0.050237 seconds
Number of updated asset objects reloaded before import = 0Number of asset objects unloaded after import = 2

========================================================================
Received Import Request.
  Time since last request: 0.000039 seconds.
  path: Assets/Scenes/Rainbow Road/Lightmap-0_comp_light.exr
  artifactKey: Guid(fc2031960ad1d2746bb0fc63eeae0377) Importer(815301076,1909f56bfc062723c751e8b465ee728b)
Start importing Assets/Scenes/Rainbow Road/Lightmap-0_comp_light.exr using Guid(fc2031960ad1d2746bb0fc63eeae0377) Importer(815301076,1909f56bfc062723c751e8b465ee728b) (PreviewImporter) -> (artifact id: '82e16ce82ace8c409a8ba6232983d734') in 0.0277622 seconds
Number of updated asset objects reloaded before import = 0Number of asset objects unloaded after import = 2

========================================================================
Received Import Request.
  Time since last request: 0.000104 seconds.
  path: Assets/Sprites/Maps/MapPlayer/LemmyMap.png
  artifactKey: Guid(acdeed2c0ca2c5142b9b7cfa629cdaee) Importer(815301076,1909f56bfc062723c751e8b465ee728b)
Start importing Assets/Sprites/Maps/MapPlayer/LemmyMap.png using Guid(acdeed2c0ca2c5142b9b7cfa629cdaee) Importer(815301076,1909f56bfc062723c751e8b465ee728b) (PreviewImporter) -> (artifact id: 'b97884daf5c6539326db4a256bceb280') in 0.0274326 seconds
Number of updated asset objects reloaded before import = 0Number of asset objects unloaded after import = 3

========================================================================
Received Import Request.
  Time since last request: 0.000029 seconds.
  path: Assets/Models/Water Park/Sky/VRWaterPark.dae
  artifactKey: Guid(54ab05f57b6a3d24f87a9bd7bae4195b) Importer(815301076,1909f56bfc062723c751e8b465ee728b)
Start importing Assets/Models/Water Park/Sky/VRWaterPark.dae using Guid(54ab05f57b6a3d24f87a9bd7bae4195b) Importer(815301076,1909f56bfc062723c751e8b465ee728b) (PreviewImporter) -> (artifact id: 'd671959a9fc546f6b6c556c912830eca') in 0.1897756 seconds
Number of updated asset objects reloaded before import = 0Number of asset objects unloaded after import = 21

========================================================================
Received Import Request.
  Time since last request: 0.000038 seconds.
  path: Assets/Models/Rainbow Road N64/Track/RR64_CubeMap_Alb.png
  artifactKey: Guid(12be82a75b62e684bac2469b47c5af98) Importer(815301076,1909f56bfc062723c751e8b465ee728b)
Start importing Assets/Models/Rainbow Road N64/Track/RR64_CubeMap_Alb.png using Guid(12be82a75b62e684bac2469b47c5af98) Importer(815301076,1909f56bfc062723c751e8b465ee728b) (PreviewImporter) -> (artifact id: '18d57e0f010ea4392c1c458a48da2991') in 0.0299047 seconds
Number of updated asset objects reloaded before import = 0Number of asset objects unloaded after import = 2

========================================================================
Received Import Request.
  Time since last request: 0.000036 seconds.
  path: Assets/Sprites/Maps/MapPlayer/LuigiMap.png
  artifactKey: Guid(c4cb3c53136ee8042b238eab8e989ec7) Importer(815301076,1909f56bfc062723c751e8b465ee728b)
Start importing Assets/Sprites/Maps/MapPlayer/LuigiMap.png using Guid(c4cb3c53136ee8042b238eab8e989ec7) Importer(815301076,1909f56bfc062723c751e8b465ee728b) (PreviewImporter) -> (artifact id: '1d08f6b248c632aba5485bb3fa9f670d') in 0.0293937 seconds
Number of updated asset objects reloaded before import = 0Number of asset objects unloaded after import = 3

========================================================================
Received Import Request.
  Time since last request: 0.000032 seconds.
  path: Assets/Sprites/Maps/MapPlayer/shyguyMap.png
  artifactKey: Guid(0dc1eef88b4d310449326be23c09da33) Importer(815301076,1909f56bfc062723c751e8b465ee728b)
Start importing Assets/Sprites/Maps/MapPlayer/shyguyMap.png using Guid(0dc1eef88b4d310449326be23c09da33) Importer(815301076,1909f56bfc062723c751e8b465ee728b) (PreviewImporter) -> (artifact id: '1850c0e53827119b64c77f88794bf4b4') in 0.0313738 seconds
Number of updated asset objects reloaded before import = 0Number of asset objects unloaded after import = 3

========================================================================
Received Import Request.
  Time since last request: 0.000036 seconds.
  path: Assets/Models/Rainbow Road N64/Sky/VRG64Rainbow_Emm_CubeMap.png
  artifactKey: Guid(4490270093b506143bec64a22284a8ba) Importer(815301076,1909f56bfc062723c751e8b465ee728b)
Start importing Assets/Models/Rainbow Road N64/Sky/VRG64Rainbow_Emm_CubeMap.png using Guid(4490270093b506143bec64a22284a8ba) Importer(815301076,1909f56bfc062723c751e8b465ee728b) (PreviewImporter) -> (artifact id: '77892f8539539bd2f60d30b3407067bf') in 0.0208209 seconds
Number of updated asset objects reloaded before import = 0Number of asset objects unloaded after import = 2

========================================================================
Received Import Request.
  Time since last request: 0.000138 seconds.
  path: Assets/Sprites/Maps/MapPlayer/Waluigi Map.png
  artifactKey: Guid(9b3556c2d5537c94b877f5e5d8b79f70) Importer(815301076,1909f56bfc062723c751e8b465ee728b)
Start importing Assets/Sprites/Maps/MapPlayer/Waluigi Map.png using Guid(9b3556c2d5537c94b877f5e5d8b79f70) Importer(815301076,1909f56bfc062723c751e8b465ee728b) (PreviewImporter) -> (artifact id: 'a0b431df9cb49e98feedaed8e134f804') in 0.0255379 seconds
Number of updated asset objects reloaded before import = 0Number of asset objects unloaded after import = 3

========================================================================
Received Import Request.
  Time since last request: 17.663738 seconds.
  path: Assets/Plugins/Modio/Unity/UI/Sprites/Inputs/xbox/xbox_button_start.png
  artifactKey: Guid(701ecf33dfd804fec86f5ca72be25e16) Importer(815301076,1909f56bfc062723c751e8b465ee728b)
Start importing Assets/Plugins/Modio/Unity/UI/Sprites/Inputs/xbox/xbox_button_start.png using Guid(701ecf33dfd804fec86f5ca72be25e16) Importer(815301076,1909f56bfc062723c751e8b465ee728b) (PreviewImporter) -> (artifact id: 'f5a9345dead469d339e9128d5a7fc36e') in 0.0212567 seconds
Number of updated asset objects reloaded before import = 0Number of asset objects unloaded after import = 3

========================================================================
Received Import Request.
  Time since last request: 0.000030 seconds.
  path: Assets/Plugins/Modio/Unity/UI/Sprites/Inputs/xbox/xbox_button_y.png
  artifactKey: Guid(1caae6afb26174549b785c24b8cdc632) Importer(815301076,1909f56bfc062723c751e8b465ee728b)
Start importing Assets/Plugins/Modio/Unity/UI/Sprites/Inputs/xbox/xbox_button_y.png using Guid(1caae6afb26174549b785c24b8cdc632) Importer(815301076,1909f56bfc062723c751e8b465ee728b) (PreviewImporter) -> (artifact id: 'a1369908fa9c040d4ce47e9393f9b29d') in 0.0200286 seconds
Number of updated asset objects reloaded before import = 0Number of asset objects unloaded after import = 3

========================================================================
Received Import Request.
  Time since last request: 58.292873 seconds.
  path: Assets/TextMesh Pro/Resources/Fonts & Materials/LiberationSans SDF - Fallback.asset
  artifactKey: Guid(2e498d1c8094910479dc3e1b768306a4) Importer(815301076,1909f56bfc062723c751e8b465ee728b)
Start importing Assets/TextMesh Pro/Resources/Fonts & Materials/LiberationSans SDF - Fallback.asset using Guid(2e498d1c8094910479dc3e1b768306a4) Importer(815301076,1909f56bfc062723c751e8b465ee728b) (PreviewImporter) -> (artifact id: '59f725feafd96ae99fae96c317666afc') in 0.0363629 seconds
Number of updated asset objects reloaded before import = 0Number of asset objects unloaded after import = 6

========================================================================
Received Import Request.
  Time since last request: 0.000040 seconds.
  path: Assets/Plugins/Modio/Unity/UI/Fonts/TMPro Fonts/ModioSans/modioSans_KR_Regular SDF.asset
  artifactKey: Guid(955a111905ef2fb48a4b942c833aa545) Importer(815301076,1909f56bfc062723c751e8b465ee728b)
Start importing Assets/Plugins/Modio/Unity/UI/Fonts/TMPro Fonts/ModioSans/modioSans_KR_Regular SDF.asset using Guid(955a111905ef2fb48a4b942c833aa545) Importer(815301076,1909f56bfc062723c751e8b465ee728b) (PreviewImporter) -> (artifact id: '25fe81fa1064ce49cafcbf35a13ff684') in 0.0505096 seconds
Number of updated asset objects reloaded before import = 0Number of asset objects unloaded after import = 6

========================================================================
Received Import Request.
  Time since last request: 0.000050 seconds.
  path: Assets/Plugins/Modio/Unity/UI/Fonts/TMPro Fonts/SuisseIntl/SuisseIntl-Bold SDF.asset
  artifactKey: Guid(a6487a22895c8aa4ab27e972c4bea7e4) Importer(815301076,1909f56bfc062723c751e8b465ee728b)
Start importing Assets/Plugins/Modio/Unity/UI/Fonts/TMPro Fonts/SuisseIntl/SuisseIntl-Bold SDF.asset using Guid(a6487a22895c8aa4ab27e972c4bea7e4) Importer(815301076,1909f56bfc062723c751e8b465ee728b) (PreviewImporter) -> (artifact id: '6f423d4c9488bb11cc01ccecb9128482') in 0.2185951 seconds
Number of updated asset objects reloaded before import = 0Number of asset objects unloaded after import = 34

========================================================================
Received Import Request.
  Time since last request: 2.275819 seconds.
  path: Assets/Plugins/Modio/Unity/UI/Fonts/TMPro Fonts/SuisseIntl/SuisseIntl-Medium SDF.asset
  artifactKey: Guid(238b5e92e52b395458d09c295d5bc30c) Importer(815301076,1909f56bfc062723c751e8b465ee728b)
Start importing Assets/Plugins/Modio/Unity/UI/Fonts/TMPro Fonts/SuisseIntl/SuisseIntl-Medium SDF.asset using Guid(238b5e92e52b395458d09c295d5bc30c) Importer(815301076,1909f56bfc062723c751e8b465ee728b) (PreviewImporter) -> (artifact id: 'eb2e93278b778471ef2a3c2414b0c3fd') in 0.1199971 seconds
Number of updated asset objects reloaded before import = 0Number of asset objects unloaded after import = 34

========================================================================
Received Import Request.
  Time since last request: 27.114873 seconds.
  path: Assets/Plugins/Modio/Unity/UI/Fonts/TMPro Fonts/ModioSans/modioSans_TH_Regular SDF.asset
  artifactKey: Guid(87ba8f36664b4df4ea1d525c877ddb02) Importer(2089858483,797179f86c6e516b54ff30bda720a719)
Start importing Assets/Plugins/Modio/Unity/UI/Fonts/TMPro Fonts/ModioSans/modioSans_TH_Regular SDF.asset using Guid(87ba8f36664b4df4ea1d525c877ddb02) Importer(2089858483,797179f86c6e516b54ff30bda720a719) (ScriptedImporter) -> (artifact id: 'cfa397486ce2759dd6ea375ccb76b305') in 0.0747516 seconds
Number of updated asset objects reloaded before import = 0Number of asset objects unloaded after import = 5

========================================================================
Received Import Request.
  Time since last request: 0.000089 seconds.
  path: Assets/Plugins/Modio/Unity/UI/Fonts/TMPro Fonts/ModioSans/modioSans_KR_Regular SDF.asset
  artifactKey: Guid(955a111905ef2fb48a4b942c833aa545) Importer(2089858483,797179f86c6e516b54ff30bda720a719)
Start importing Assets/Plugins/Modio/Unity/UI/Fonts/TMPro Fonts/ModioSans/modioSans_KR_Regular SDF.asset using Guid(955a111905ef2fb48a4b942c833aa545) Importer(2089858483,797179f86c6e516b54ff30bda720a719) (ScriptedImporter) -> (artifact id: 'f08888e775269b8e9783bc904332233a') in 0.0506908 seconds
Number of updated asset objects reloaded before import = 0Number of asset objects unloaded after import = 5

========================================================================
Received Prepare
Begin MonoManager ReloadAssembly
[Licensing::Client] Successfully resolved entitlement details
[Licensing::Module] License group:
  Id: F4-Y6KC-25T9-KMKK-443G-XXXX
  Product: Unity Personal
  Type: ULF
  Expiration: Unlimited
[Licensing::Module] License group:
  Id: 350106-UnityPersXXXX
  Product: Unity Personal
  Type: Assigned
  Expiration: Unlimited
ADTM: Control thread waiting for realtime thread timed out, have to lock...
Symbol file LoadedFromMemory is not a mono symbol file
- Loaded All Assemblies, in  2.222 seconds
Script 'RotationConstraint' has the same name as built-in Unity component.
AddComponent and GetComponent will not work with this script.
Refreshing native plugins compatible for Editor in 6.32 ms, found 2 plugins.
Native extension for WindowsStandalone target not found
Native extension for WebGL target not found
[Package Manager] Failed to launch server process. Reason: Unity was launched with the -noUpm command-line argument
[Package Manager] Unable to send message (not connected to server process).
[Package Manager] Cannot connect to Unity Package Manager local server
ScheduleIndexationOnStartup MainProcess:False IndexOnStartup:True
ForwardRenderer is missing RendererFeatures
This could be due to missing scripts or compile error.
UnityEngine.Debug:ExtractStackTraceNoAlloc (byte*,int,string)
UnityEngine.StackTraceUtility:ExtractStackTrace ()
UnityEngine.DebugLogHandler:Internal_Log (UnityEngine.LogType,UnityEngine.LogOption,string,UnityEngine.Object)
UnityEngine.DebugLogHandler:LogFormat (UnityEngine.LogType,UnityEngine.Object,string,object[])
UnityEngine.Logger:Log (UnityEngine.LogType,object,UnityEngine.Object)
UnityEngine.Debug:LogError (object,UnityEngine.Object)
UnityEngine.Rendering.Universal.ScriptableRendererData:ValidateRendererFeatures () (at ./Library/PackageCache/com.unity.render-pipelines.universal@7327e77c1cc2/Runtime/ScriptableRendererData.cs:193)
UnityEngine.Rendering.Universal.ScriptableRendererData:OnValidate () (at ./Library/PackageCache/com.unity.render-pipelines.universal@7327e77c1cc2/Runtime/ScriptableRendererData.cs:81)

(Filename: ./Library/PackageCache/com.unity.render-pipelines.universal@7327e77c1cc2/Runtime/ScriptableRendererData.cs Line: 193)

Mono: successfully reloaded assembly
- Finished resetting the current domain, in  1.305 seconds
Domain Reload Profiling: 3527ms
	BeginReloadAssembly (1351ms)
		ExecutionOrderSort (0ms)
		DisableScriptedObjects (38ms)
		BackupInstance (0ms)
		ReleaseScriptingObjects (0ms)
		CreateAndSetChildDomain (1094ms)
	RebuildCommonClasses (54ms)
	RebuildNativeTypeToScriptingClass (22ms)
	initialDomainReloadingComplete (45ms)
	LoadAllAssembliesAndSetupDomain (748ms)
		LoadAssemblies (523ms)
		RebuildTransferFunctionScriptingTraits (0ms)
		AnalyzeDomain (367ms)
			TypeCache.Refresh (16ms)
				TypeCache.ScanAssembly (2ms)
			BuildScriptInfoCaches (326ms)
			ResolveRequiredComponents (18ms)
	FinalizeReload (1305ms)
		ReleaseScriptCaches (0ms)
		RebuildScriptCaches (0ms)
		SetupLoadedEditorAssemblies (1065ms)
			LogAssemblyErrors (0ms)
			InitializePlatformSupportModulesInManaged (3ms)
			SetLoadedEditorAssemblies (5ms)
			BeforeProcessingInitializeOnLoad (198ms)
			ProcessInitializeOnLoadAttributes (523ms)
			ProcessInitializeOnLoadMethodAttributes (322ms)
			AfterProcessingInitializeOnLoad (12ms)
			EditorAssembliesLoaded (1ms)
		ExecutionOrderSort2 (0ms)
		AwakeInstancesAfterBackupRestoration (26ms)
WARNING: Shader Unsupported: 'Toon/Lit Outline' - All subshaders removed
WARNING: Shader Did you use #pragma only_renderers and omit this platform?
WARNING: Shader If subshaders removal was intentional, you may have forgotten turning Fallback off?
WARNING: Shader Unsupported: 'Toon/Lit Outline' - All subshaders removed
WARNING: Shader Did you use #pragma only_renderers and omit this platform?
WARNING: Shader If subshaders removal was intentional, you may have forgotten turning Fallback off?
WARNING: Shader Unsupported: 'Toon/Basic Outline' - All subshaders removed
WARNING: Shader Did you use #pragma only_renderers and omit this platform?
WARNING: Shader If subshaders removal was intentional, you may have forgotten turning Fallback off?
WARNING: Shader Unsupported: 'Toon/Basic Outline' - All subshaders removed
WARNING: Shader Did you use #pragma only_renderers and omit this platform?
WARNING: Shader If subshaders removal was intentional, you may have forgotten turning Fallback off?
Refreshing native plugins compatible for Editor in 5.76 ms, found 2 plugins.
Preloading 0 native plugins for Editor in 0.00 ms.
Unloading 31 Unused Serialized files (Serialized files now loaded: 0)
Unloading 7373 unused Assets / (8.4 MB). Loaded Objects now: 8390.
Memory consumption went from 200.5 MB to 192.1 MB.
Total: 18.863800 ms (FindLiveObjects: 1.139900 ms CreateObjectMapping: 1.535700 ms MarkObjects: 11.693100 ms  DeleteObjects: 4.494100 ms)

Prepare: number of updated asset objects reloaded= 0
========================================================================
Received Prepare
Begin MonoManager ReloadAssembly
ADTM: Control thread waiting for realtime thread timed out, have to lock...
Symbol file LoadedFromMemory is not a mono symbol file
- Loaded All Assemblies, in  2.103 seconds
Script 'RotationConstraint' has the same name as built-in Unity component.
AddComponent and GetComponent will not work with this script.
Refreshing native plugins compatible for Editor in 8.16 ms, found 2 plugins.
Native extension for WindowsStandalone target not found
Native extension for WebGL target not found
[Package Manager] Failed to launch server process. Reason: Unity was launched with the -noUpm command-line argument
[Package Manager] Unable to send message (not connected to server process).
[Package Manager] Cannot connect to Unity Package Manager local server
ScheduleIndexationOnStartup MainProcess:False IndexOnStartup:True
ForwardRenderer is missing RendererFeatures
This could be due to missing scripts or compile error.
UnityEngine.Debug:ExtractStackTraceNoAlloc (byte*,int,string)
UnityEngine.StackTraceUtility:ExtractStackTrace ()
UnityEngine.DebugLogHandler:Internal_Log (UnityEngine.LogType,UnityEngine.LogOption,string,UnityEngine.Object)
UnityEngine.DebugLogHandler:LogFormat (UnityEngine.LogType,UnityEngine.Object,string,object[])
UnityEngine.Logger:Log (UnityEngine.LogType,object,UnityEngine.Object)
UnityEngine.Debug:LogError (object,UnityEngine.Object)
UnityEngine.Rendering.Universal.ScriptableRendererData:ValidateRendererFeatures () (at ./Library/PackageCache/com.unity.render-pipelines.universal@7327e77c1cc2/Runtime/ScriptableRendererData.cs:193)
UnityEngine.Rendering.Universal.ScriptableRendererData:OnValidate () (at ./Library/PackageCache/com.unity.render-pipelines.universal@7327e77c1cc2/Runtime/ScriptableRendererData.cs:81)

(Filename: ./Library/PackageCache/com.unity.render-pipelines.universal@7327e77c1cc2/Runtime/ScriptableRendererData.cs Line: 193)

Mono: successfully reloaded assembly
- Finished resetting the current domain, in  1.588 seconds
Domain Reload Profiling: 3690ms
	BeginReloadAssembly (1281ms)
		ExecutionOrderSort (0ms)
		DisableScriptedObjects (10ms)
		BackupInstance (0ms)
		ReleaseScriptingObjects (0ms)
		CreateAndSetChildDomain (1068ms)
	RebuildCommonClasses (52ms)
	RebuildNativeTypeToScriptingClass (21ms)
	initialDomainReloadingComplete (42ms)
	LoadAllAssembliesAndSetupDomain (705ms)
		LoadAssemblies (475ms)
		RebuildTransferFunctionScriptingTraits (0ms)
		AnalyzeDomain (358ms)
			TypeCache.Refresh (9ms)
				TypeCache.ScanAssembly (0ms)
			BuildScriptInfoCaches (323ms)
			ResolveRequiredComponents (18ms)
	FinalizeReload (1589ms)
		ReleaseScriptCaches (0ms)
		RebuildScriptCaches (0ms)
		SetupLoadedEditorAssemblies (1275ms)
			LogAssemblyErrors (0ms)
			InitializePlatformSupportModulesInManaged (3ms)
			SetLoadedEditorAssemblies (5ms)
			BeforeProcessingInitializeOnLoad (265ms)
			ProcessInitializeOnLoadAttributes (650ms)
			ProcessInitializeOnLoadMethodAttributes (339ms)
			AfterProcessingInitializeOnLoad (12ms)
			EditorAssembliesLoaded (1ms)
		ExecutionOrderSort2 (0ms)
		AwakeInstancesAfterBackupRestoration (29ms)
WARNING: Shader Unsupported: 'Toon/Lit Outline' - All subshaders removed
WARNING: Shader Did you use #pragma only_renderers and omit this platform?
WARNING: Shader If subshaders removal was intentional, you may have forgotten turning Fallback off?
WARNING: Shader Unsupported: 'Toon/Lit Outline' - All subshaders removed
WARNING: Shader Did you use #pragma only_renderers and omit this platform?
WARNING: Shader If subshaders removal was intentional, you may have forgotten turning Fallback off?
WARNING: Shader Unsupported: 'Toon/Basic Outline' - All subshaders removed
WARNING: Shader Did you use #pragma only_renderers and omit this platform?
WARNING: Shader If subshaders removal was intentional, you may have forgotten turning Fallback off?
WARNING: Shader Unsupported: 'Toon/Basic Outline' - All subshaders removed
WARNING: Shader Did you use #pragma only_renderers and omit this platform?
WARNING: Shader If subshaders removal was intentional, you may have forgotten turning Fallback off?
Refreshing native plugins compatible for Editor in 6.80 ms, found 2 plugins.
Preloading 0 native plugins for Editor in 0.00 ms.
Unloading 31 Unused Serialized files (Serialized files now loaded: 0)
Unloading 7369 unused Assets / (8.4 MB). Loaded Objects now: 8393.
Memory consumption went from 200.4 MB to 192.0 MB.
Total: 22.628300 ms (FindLiveObjects: 1.297000 ms CreateObjectMapping: 2.714100 ms MarkObjects: 13.734400 ms  DeleteObjects: 4.880900 ms)

Prepare: number of updated asset objects reloaded= 0
========================================================================
Received Prepare
Begin MonoManager ReloadAssembly
ADTM: Control thread waiting for realtime thread timed out, have to lock...
Symbol file LoadedFromMemory is not a mono symbol file
- Loaded All Assemblies, in  2.179 seconds
Script 'RotationConstraint' has the same name as built-in Unity component.
AddComponent and GetComponent will not work with this script.
Refreshing native plugins compatible for Editor in 6.18 ms, found 2 plugins.
Native extension for WindowsStandalone target not found
Native extension for WebGL target not found
[Package Manager] Failed to launch server process. Reason: Unity was launched with the -noUpm command-line argument
[Package Manager] Unable to send message (not connected to server process).
[Package Manager] Cannot connect to Unity Package Manager local server
ScheduleIndexationOnStartup MainProcess:False IndexOnStartup:True
ForwardRenderer is missing RendererFeatures
This could be due to missing scripts or compile error.
UnityEngine.Debug:ExtractStackTraceNoAlloc (byte*,int,string)
UnityEngine.StackTraceUtility:ExtractStackTrace ()
UnityEngine.DebugLogHandler:Internal_Log (UnityEngine.LogType,UnityEngine.LogOption,string,UnityEngine.Object)
UnityEngine.DebugLogHandler:LogFormat (UnityEngine.LogType,UnityEngine.Object,string,object[])
UnityEngine.Logger:Log (UnityEngine.LogType,object,UnityEngine.Object)
UnityEngine.Debug:LogError (object,UnityEngine.Object)
UnityEngine.Rendering.Universal.ScriptableRendererData:ValidateRendererFeatures () (at ./Library/PackageCache/com.unity.render-pipelines.universal@7327e77c1cc2/Runtime/ScriptableRendererData.cs:193)
UnityEngine.Rendering.Universal.ScriptableRendererData:OnValidate () (at ./Library/PackageCache/com.unity.render-pipelines.universal@7327e77c1cc2/Runtime/ScriptableRendererData.cs:81)

(Filename: ./Library/PackageCache/com.unity.render-pipelines.universal@7327e77c1cc2/Runtime/ScriptableRendererData.cs Line: 193)

Mono: successfully reloaded assembly
- Finished resetting the current domain, in  1.278 seconds
Domain Reload Profiling: 3457ms
	BeginReloadAssembly (1284ms)
		ExecutionOrderSort (0ms)
		DisableScriptedObjects (10ms)
		BackupInstance (0ms)
		ReleaseScriptingObjects (0ms)
		CreateAndSetChildDomain (1069ms)
	RebuildCommonClasses (59ms)
	RebuildNativeTypeToScriptingClass (22ms)
	initialDomainReloadingComplete (44ms)
	LoadAllAssembliesAndSetupDomain (770ms)
		LoadAssemblies (486ms)
		RebuildTransferFunctionScriptingTraits (0ms)
		AnalyzeDomain (413ms)
			TypeCache.Refresh (15ms)
				TypeCache.ScanAssembly (2ms)
			BuildScriptInfoCaches (361ms)
			ResolveRequiredComponents (29ms)
	FinalizeReload (1278ms)
		ReleaseScriptCaches (0ms)
		RebuildScriptCaches (0ms)
		SetupLoadedEditorAssemblies (1033ms)
			LogAssemblyErrors (0ms)
			InitializePlatformSupportModulesInManaged (4ms)
			SetLoadedEditorAssemblies (5ms)
			BeforeProcessingInitializeOnLoad (230ms)
			ProcessInitializeOnLoadAttributes (477ms)
			ProcessInitializeOnLoadMethodAttributes (304ms)
			AfterProcessingInitializeOnLoad (11ms)
			EditorAssembliesLoaded (0ms)
		ExecutionOrderSort2 (0ms)
		AwakeInstancesAfterBackupRestoration (25ms)
WARNING: Shader Unsupported: 'Toon/Lit Outline' - All subshaders removed
WARNING: Shader Did you use #pragma only_renderers and omit this platform?
WARNING: Shader If subshaders removal was intentional, you may have forgotten turning Fallback off?
WARNING: Shader Unsupported: 'Toon/Lit Outline' - All subshaders removed
WARNING: Shader Did you use #pragma only_renderers and omit this platform?
WARNING: Shader If subshaders removal was intentional, you may have forgotten turning Fallback off?
WARNING: Shader Unsupported: 'Toon/Basic Outline' - All subshaders removed
WARNING: Shader Did you use #pragma only_renderers and omit this platform?
WARNING: Shader If subshaders removal was intentional, you may have forgotten turning Fallback off?
WARNING: Shader Unsupported: 'Toon/Basic Outline' - All subshaders removed
WARNING: Shader Did you use #pragma only_renderers and omit this platform?
WARNING: Shader If subshaders removal was intentional, you may have forgotten turning Fallback off?
Refreshing native plugins compatible for Editor in 6.14 ms, found 2 plugins.
Preloading 0 native plugins for Editor in 0.00 ms.
Unloading 31 Unused Serialized files (Serialized files now loaded: 0)
Unloading 7369 unused Assets / (8.4 MB). Loaded Objects now: 8396.
Memory consumption went from 200.5 MB to 192.1 MB.
Total: 18.177700 ms (FindLiveObjects: 1.009600 ms CreateObjectMapping: 1.724000 ms MarkObjects: 11.201400 ms  DeleteObjects: 4.241500 ms)

Prepare: number of updated asset objects reloaded= 0
========================================================================
Received Prepare
Begin MonoManager ReloadAssembly
[Licensing::Client] Successfully resolved entitlement details
[Licensing::Module] License group:
  Id: F4-Y6KC-25T9-KMKK-443G-XXXX
  Product: Unity Personal
  Type: ULF
  Expiration: Unlimited
[Licensing::Module] License group:
  Id: 350106-UnityPersXXXX
  Product: Unity Personal
  Type: Assigned
  Expiration: Unlimited
ADTM: Control thread waiting for realtime thread timed out, have to lock...
Symbol file LoadedFromMemory is not a mono symbol file
- Loaded All Assemblies, in  2.117 seconds
Script 'RotationConstraint' has the same name as built-in Unity component.
AddComponent and GetComponent will not work with this script.
Refreshing native plugins compatible for Editor in 8.51 ms, found 2 plugins.
Native extension for WindowsStandalone target not found
Native extension for WebGL target not found
[Package Manager] Failed to launch server process. Reason: Unity was launched with the -noUpm command-line argument
[Package Manager] Unable to send message (not connected to server process).
[Package Manager] Cannot connect to Unity Package Manager local server
ScheduleIndexationOnStartup MainProcess:False IndexOnStartup:True
ForwardRenderer is missing RendererFeatures
This could be due to missing scripts or compile error.
UnityEngine.Debug:ExtractStackTraceNoAlloc (byte*,int,string)
UnityEngine.StackTraceUtility:ExtractStackTrace ()
UnityEngine.DebugLogHandler:Internal_Log (UnityEngine.LogType,UnityEngine.LogOption,string,UnityEngine.Object)
UnityEngine.DebugLogHandler:LogFormat (UnityEngine.LogType,UnityEngine.Object,string,object[])
UnityEngine.Logger:Log (UnityEngine.LogType,object,UnityEngine.Object)
UnityEngine.Debug:LogError (object,UnityEngine.Object)
UnityEngine.Rendering.Universal.ScriptableRendererData:ValidateRendererFeatures () (at ./Library/PackageCache/com.unity.render-pipelines.universal@7327e77c1cc2/Runtime/ScriptableRendererData.cs:193)
UnityEngine.Rendering.Universal.ScriptableRendererData:OnValidate () (at ./Library/PackageCache/com.unity.render-pipelines.universal@7327e77c1cc2/Runtime/ScriptableRendererData.cs:81)

(Filename: ./Library/PackageCache/com.unity.render-pipelines.universal@7327e77c1cc2/Runtime/ScriptableRendererData.cs Line: 193)

Mono: successfully reloaded assembly
- Finished resetting the current domain, in  1.481 seconds
Domain Reload Profiling: 3602ms
	BeginReloadAssembly (1277ms)
		ExecutionOrderSort (0ms)
		DisableScriptedObjects (10ms)
		BackupInstance (0ms)
		ReleaseScriptingObjects (0ms)
		CreateAndSetChildDomain (1063ms)
	RebuildCommonClasses (52ms)
	RebuildNativeTypeToScriptingClass (21ms)
	initialDomainReloadingComplete (46ms)
	LoadAllAssembliesAndSetupDomain (724ms)
		LoadAssemblies (479ms)
		RebuildTransferFunctionScriptingTraits (0ms)
		AnalyzeDomain (367ms)
			TypeCache.Refresh (9ms)
				TypeCache.ScanAssembly (0ms)
			BuildScriptInfoCaches (329ms)
			ResolveRequiredComponents (20ms)
	FinalizeReload (1482ms)
		ReleaseScriptCaches (0ms)
		RebuildScriptCaches (0ms)
		SetupLoadedEditorAssemblies (1176ms)
			LogAssemblyErrors (0ms)
			InitializePlatformSupportModulesInManaged (5ms)
			SetLoadedEditorAssemblies (7ms)
			BeforeProcessingInitializeOnLoad (230ms)
			ProcessInitializeOnLoadAttributes (584ms)
			ProcessInitializeOnLoadMethodAttributes (338ms)
			AfterProcessingInitializeOnLoad (11ms)
			EditorAssembliesLoaded (0ms)
		ExecutionOrderSort2 (0ms)
		AwakeInstancesAfterBackupRestoration (30ms)
WARNING: Shader Unsupported: 'Toon/Lit Outline' - All subshaders removed
WARNING: Shader Did you use #pragma only_renderers and omit this platform?
WARNING: Shader If subshaders removal was intentional, you may have forgotten turning Fallback off?
WARNING: Shader Unsupported: 'Toon/Lit Outline' - All subshaders removed
WARNING: Shader Did you use #pragma only_renderers and omit this platform?
WARNING: Shader If subshaders removal was intentional, you may have forgotten turning Fallback off?
WARNING: Shader Unsupported: 'Toon/Basic Outline' - All subshaders removed
WARNING: Shader Did you use #pragma only_renderers and omit this platform?
WARNING: Shader If subshaders removal was intentional, you may have forgotten turning Fallback off?
WARNING: Shader Unsupported: 'Toon/Basic Outline' - All subshaders removed
WARNING: Shader Did you use #pragma only_renderers and omit this platform?
WARNING: Shader If subshaders removal was intentional, you may have forgotten turning Fallback off?
Refreshing native plugins compatible for Editor in 6.87 ms, found 2 plugins.
Preloading 0 native plugins for Editor in 0.00 ms.
Unloading 31 Unused Serialized files (Serialized files now loaded: 0)
Unloading 7369 unused Assets / (8.7 MB). Loaded Objects now: 8399.
Memory consumption went from 200.5 MB to 191.8 MB.
Total: 20.720500 ms (FindLiveObjects: 1.059700 ms CreateObjectMapping: 2.167000 ms MarkObjects: 12.161700 ms  DeleteObjects: 5.330700 ms)

Prepare: number of updated asset objects reloaded= 0
========================================================================
Received Prepare
Begin MonoManager ReloadAssembly
[Licensing::Client] Successfully resolved entitlement details
[Licensing::Module] License group:
  Id: F4-Y6KC-25T9-KMKK-443G-XXXX
  Product: Unity Personal
  Type: ULF
  Expiration: Unlimited
[Licensing::Module] License group:
  Id: 350106-UnityPersXXXX
  Product: Unity Personal
  Type: Assigned
  Expiration: Unlimited
ADTM: Control thread waiting for realtime thread timed out, have to lock...
Symbol file LoadedFromMemory is not a mono symbol file
- Loaded All Assemblies, in  2.127 seconds
Script 'RotationConstraint' has the same name as built-in Unity component.
AddComponent and GetComponent will not work with this script.
Refreshing native plugins compatible for Editor in 7.19 ms, found 2 plugins.
Native extension for WindowsStandalone target not found
Native extension for WebGL target not found
[Package Manager] Failed to launch server process. Reason: Unity was launched with the -noUpm command-line argument
[Package Manager] Unable to send message (not connected to server process).
[Package Manager] Cannot connect to Unity Package Manager local server
ScheduleIndexationOnStartup MainProcess:False IndexOnStartup:True
ForwardRenderer is missing RendererFeatures
This could be due to missing scripts or compile error.
UnityEngine.Debug:ExtractStackTraceNoAlloc (byte*,int,string)
UnityEngine.StackTraceUtility:ExtractStackTrace ()
UnityEngine.DebugLogHandler:Internal_Log (UnityEngine.LogType,UnityEngine.LogOption,string,UnityEngine.Object)
UnityEngine.DebugLogHandler:LogFormat (UnityEngine.LogType,UnityEngine.Object,string,object[])
UnityEngine.Logger:Log (UnityEngine.LogType,object,UnityEngine.Object)
UnityEngine.Debug:LogError (object,UnityEngine.Object)
UnityEngine.Rendering.Universal.ScriptableRendererData:ValidateRendererFeatures () (at ./Library/PackageCache/com.unity.render-pipelines.universal@7327e77c1cc2/Runtime/ScriptableRendererData.cs:193)
UnityEngine.Rendering.Universal.ScriptableRendererData:OnValidate () (at ./Library/PackageCache/com.unity.render-pipelines.universal@7327e77c1cc2/Runtime/ScriptableRendererData.cs:81)

(Filename: ./Library/PackageCache/com.unity.render-pipelines.universal@7327e77c1cc2/Runtime/ScriptableRendererData.cs Line: 193)

Mono: successfully reloaded assembly
- Finished resetting the current domain, in  1.669 seconds
Domain Reload Profiling: 3797ms
	BeginReloadAssembly (1280ms)
		ExecutionOrderSort (0ms)
		DisableScriptedObjects (13ms)
		BackupInstance (0ms)
		ReleaseScriptingObjects (0ms)
		CreateAndSetChildDomain (1063ms)
	RebuildCommonClasses (51ms)
	RebuildNativeTypeToScriptingClass (21ms)
	initialDomainReloadingComplete (46ms)
	LoadAllAssembliesAndSetupDomain (729ms)
		LoadAssemblies (481ms)
		RebuildTransferFunctionScriptingTraits (0ms)
		AnalyzeDomain (372ms)
			TypeCache.Refresh (11ms)
				TypeCache.ScanAssembly (0ms)
			BuildScriptInfoCaches (332ms)
			ResolveRequiredComponents (21ms)
	FinalizeReload (1669ms)
		ReleaseScriptCaches (0ms)
		RebuildScriptCaches (0ms)
		SetupLoadedEditorAssemblies (1392ms)
			LogAssemblyErrors (0ms)
			InitializePlatformSupportModulesInManaged (4ms)
			SetLoadedEditorAssemblies (6ms)
			BeforeProcessingInitializeOnLoad (217ms)
			ProcessInitializeOnLoadAttributes (787ms)
			ProcessInitializeOnLoadMethodAttributes (365ms)
			AfterProcessingInitializeOnLoad (14ms)
			EditorAssembliesLoaded (1ms)
		ExecutionOrderSort2 (0ms)
		AwakeInstancesAfterBackupRestoration (34ms)
WARNING: Shader Unsupported: 'Toon/Lit Outline' - All subshaders removed
WARNING: Shader Did you use #pragma only_renderers and omit this platform?
WARNING: Shader If subshaders removal was intentional, you may have forgotten turning Fallback off?
WARNING: Shader Unsupported: 'Toon/Lit Outline' - All subshaders removed
WARNING: Shader Did you use #pragma only_renderers and omit this platform?
WARNING: Shader If subshaders removal was intentional, you may have forgotten turning Fallback off?
WARNING: Shader Unsupported: 'Toon/Basic Outline' - All subshaders removed
WARNING: Shader Did you use #pragma only_renderers and omit this platform?
WARNING: Shader If subshaders removal was intentional, you may have forgotten turning Fallback off?
WARNING: Shader Unsupported: 'Toon/Basic Outline' - All subshaders removed
WARNING: Shader Did you use #pragma only_renderers and omit this platform?
WARNING: Shader If subshaders removal was intentional, you may have forgotten turning Fallback off?
Refreshing native plugins compatible for Editor in 6.94 ms, found 2 plugins.
Preloading 0 native plugins for Editor in 0.00 ms.
Unloading 31 Unused Serialized files (Serialized files now loaded: 0)
Unloading 7369 unused Assets / (8.4 MB). Loaded Objects now: 8402.
Memory consumption went from 200.6 MB to 192.2 MB.
Total: 19.991600 ms (FindLiveObjects: 1.006200 ms CreateObjectMapping: 1.974000 ms MarkObjects: 12.269700 ms  DeleteObjects: 4.740600 ms)

Prepare: number of updated asset objects reloaded= 0
========================================================================
Received Prepare
Begin MonoManager ReloadAssembly
[Licensing::Client] Successfully resolved entitlement details
[Licensing::Module] License group:
  Id: F4-Y6KC-25T9-KMKK-443G-XXXX
  Product: Unity Personal
  Type: ULF
  Expiration: Unlimited
[Licensing::Module] License group:
  Id: 350106-UnityPersXXXX
  Product: Unity Personal
  Type: Assigned
  Expiration: Unlimited
ADTM: Control thread waiting for realtime thread timed out, have to lock...
Symbol file LoadedFromMemory is not a mono symbol file
- Loaded All Assemblies, in  2.195 seconds
Script 'RotationConstraint' has the same name as built-in Unity component.
AddComponent and GetComponent will not work with this script.
Refreshing native plugins compatible for Editor in 6.71 ms, found 2 plugins.
Native extension for WindowsStandalone target not found
Native extension for WebGL target not found
[Package Manager] Failed to launch server process. Reason: Unity was launched with the -noUpm command-line argument
[Package Manager] Unable to send message (not connected to server process).
[Package Manager] Cannot connect to Unity Package Manager local server
ScheduleIndexationOnStartup MainProcess:False IndexOnStartup:True
ForwardRenderer is missing RendererFeatures
This could be due to missing scripts or compile error.
UnityEngine.Debug:ExtractStackTraceNoAlloc (byte*,int,string)
UnityEngine.StackTraceUtility:ExtractStackTrace ()
UnityEngine.DebugLogHandler:Internal_Log (UnityEngine.LogType,UnityEngine.LogOption,string,UnityEngine.Object)
UnityEngine.DebugLogHandler:LogFormat (UnityEngine.LogType,UnityEngine.Object,string,object[])
UnityEngine.Logger:Log (UnityEngine.LogType,object,UnityEngine.Object)
UnityEngine.Debug:LogError (object,UnityEngine.Object)
UnityEngine.Rendering.Universal.ScriptableRendererData:ValidateRendererFeatures () (at ./Library/PackageCache/com.unity.render-pipelines.universal@7327e77c1cc2/Runtime/ScriptableRendererData.cs:193)
UnityEngine.Rendering.Universal.ScriptableRendererData:OnValidate () (at ./Library/PackageCache/com.unity.render-pipelines.universal@7327e77c1cc2/Runtime/ScriptableRendererData.cs:81)

(Filename: ./Library/PackageCache/com.unity.render-pipelines.universal@7327e77c1cc2/Runtime/ScriptableRendererData.cs Line: 193)

Mono: successfully reloaded assembly
- Finished resetting the current domain, in  1.589 seconds
Domain Reload Profiling: 3785ms
	BeginReloadAssembly (1317ms)
		ExecutionOrderSort (0ms)
		DisableScriptedObjects (12ms)
		BackupInstance (0ms)
		ReleaseScriptingObjects (0ms)
		CreateAndSetChildDomain (1092ms)
	RebuildCommonClasses (56ms)
	RebuildNativeTypeToScriptingClass (21ms)
	initialDomainReloadingComplete (44ms)
	LoadAllAssembliesAndSetupDomain (757ms)
		LoadAssemblies (501ms)
		RebuildTransferFunctionScriptingTraits (0ms)
		AnalyzeDomain (388ms)
			TypeCache.Refresh (16ms)
				TypeCache.ScanAssembly (3ms)
			BuildScriptInfoCaches (342ms)
			ResolveRequiredComponents (22ms)
	FinalizeReload (1590ms)
		ReleaseScriptCaches (0ms)
		RebuildScriptCaches (0ms)
		SetupLoadedEditorAssemblies (1302ms)
			LogAssemblyErrors (0ms)
			InitializePlatformSupportModulesInManaged (4ms)
			SetLoadedEditorAssemblies (5ms)
			BeforeProcessingInitializeOnLoad (215ms)
			ProcessInitializeOnLoadAttributes (650ms)
			ProcessInitializeOnLoadMethodAttributes (414ms)
			AfterProcessingInitializeOnLoad (14ms)
			EditorAssembliesLoaded (1ms)
		ExecutionOrderSort2 (0ms)
		AwakeInstancesAfterBackupRestoration (32ms)
WARNING: Shader Unsupported: 'Toon/Lit Outline' - All subshaders removed
WARNING: Shader Did you use #pragma only_renderers and omit this platform?
WARNING: Shader If subshaders removal was intentional, you may have forgotten turning Fallback off?
WARNING: Shader Unsupported: 'Toon/Lit Outline' - All subshaders removed
WARNING: Shader Did you use #pragma only_renderers and omit this platform?
WARNING: Shader If subshaders removal was intentional, you may have forgotten turning Fallback off?
WARNING: Shader Unsupported: 'Toon/Basic Outline' - All subshaders removed
WARNING: Shader Did you use #pragma only_renderers and omit this platform?
WARNING: Shader If subshaders removal was intentional, you may have forgotten turning Fallback off?
WARNING: Shader Unsupported: 'Toon/Basic Outline' - All subshaders removed
WARNING: Shader Did you use #pragma only_renderers and omit this platform?
WARNING: Shader If subshaders removal was intentional, you may have forgotten turning Fallback off?
Refreshing native plugins compatible for Editor in 7.08 ms, found 2 plugins.
Preloading 0 native plugins for Editor in 0.00 ms.
Unloading 31 Unused Serialized files (Serialized files now loaded: 0)
Unloading 7369 unused Assets / (8.4 MB). Loaded Objects now: 8405.
Memory consumption went from 200.6 MB to 192.3 MB.
Total: 25.947600 ms (FindLiveObjects: 1.564000 ms CreateObjectMapping: 5.831100 ms MarkObjects: 13.314100 ms  DeleteObjects: 5.237000 ms)

Prepare: number of updated asset objects reloaded= 0
========================================================================
Received Prepare
Begin MonoManager ReloadAssembly
[Licensing::Client] Successfully resolved entitlement details
[Licensing::Module] License group:
  Id: F4-Y6KC-25T9-KMKK-443G-XXXX
  Product: Unity Personal
  Type: ULF
  Expiration: Unlimited
[Licensing::Module] License group:
  Id: 350106-UnityPersXXXX
  Product: Unity Personal
  Type: Assigned
  Expiration: Unlimited
ADTM: Control thread waiting for realtime thread timed out, have to lock...
Symbol file LoadedFromMemory is not a mono symbol file
- Loaded All Assemblies, in  2.216 seconds
Script 'RotationConstraint' has the same name as built-in Unity component.
AddComponent and GetComponent will not work with this script.
Refreshing native plugins compatible for Editor in 7.96 ms, found 2 plugins.
Native extension for WindowsStandalone target not found
Native extension for WebGL target not found
[Package Manager] Failed to launch server process. Reason: Unity was launched with the -noUpm command-line argument
[Package Manager] Unable to send message (not connected to server process).
[Package Manager] Cannot connect to Unity Package Manager local server
ScheduleIndexationOnStartup MainProcess:False IndexOnStartup:True
ForwardRenderer is missing RendererFeatures
This could be due to missing scripts or compile error.
UnityEngine.Debug:ExtractStackTraceNoAlloc (byte*,int,string)
UnityEngine.StackTraceUtility:ExtractStackTrace ()
UnityEngine.DebugLogHandler:Internal_Log (UnityEngine.LogType,UnityEngine.LogOption,string,UnityEngine.Object)
UnityEngine.DebugLogHandler:LogFormat (UnityEngine.LogType,UnityEngine.Object,string,object[])
UnityEngine.Logger:Log (UnityEngine.LogType,object,UnityEngine.Object)
UnityEngine.Debug:LogError (object,UnityEngine.Object)
UnityEngine.Rendering.Universal.ScriptableRendererData:ValidateRendererFeatures () (at ./Library/PackageCache/com.unity.render-pipelines.universal@7327e77c1cc2/Runtime/ScriptableRendererData.cs:193)
UnityEngine.Rendering.Universal.ScriptableRendererData:OnValidate () (at ./Library/PackageCache/com.unity.render-pipelines.universal@7327e77c1cc2/Runtime/ScriptableRendererData.cs:81)

(Filename: ./Library/PackageCache/com.unity.render-pipelines.universal@7327e77c1cc2/Runtime/ScriptableRendererData.cs Line: 193)

Mono: successfully reloaded assembly
- Finished resetting the current domain, in  1.356 seconds
Domain Reload Profiling: 3574ms
	BeginReloadAssembly (1297ms)
		ExecutionOrderSort (0ms)
		DisableScriptedObjects (11ms)
		BackupInstance (0ms)
		ReleaseScriptingObjects (0ms)
		CreateAndSetChildDomain (1069ms)
	RebuildCommonClasses (57ms)
	RebuildNativeTypeToScriptingClass (22ms)
	initialDomainReloadingComplete (47ms)
	LoadAllAssembliesAndSetupDomain (795ms)
		LoadAssemblies (510ms)
		RebuildTransferFunctionScriptingTraits (0ms)
		AnalyzeDomain (422ms)
			TypeCache.Refresh (17ms)
				TypeCache.ScanAssembly (3ms)
			BuildScriptInfoCaches (377ms)
			ResolveRequiredComponents (20ms)
	FinalizeReload (1357ms)
		ReleaseScriptCaches (0ms)
		RebuildScriptCaches (0ms)
		SetupLoadedEditorAssemblies (1086ms)
			LogAssemblyErrors (0ms)
			InitializePlatformSupportModulesInManaged (3ms)
			SetLoadedEditorAssemblies (5ms)
			BeforeProcessingInitializeOnLoad (205ms)
			ProcessInitializeOnLoadAttributes (532ms)
			ProcessInitializeOnLoadMethodAttributes (330ms)
			AfterProcessingInitializeOnLoad (11ms)
			EditorAssembliesLoaded (1ms)
		ExecutionOrderSort2 (0ms)
		AwakeInstancesAfterBackupRestoration (27ms)
WARNING: Shader Unsupported: 'Toon/Lit Outline' - All subshaders removed
WARNING: Shader Did you use #pragma only_renderers and omit this platform?
WARNING: Shader If subshaders removal was intentional, you may have forgotten turning Fallback off?
WARNING: Shader Unsupported: 'Toon/Lit Outline' - All subshaders removed
WARNING: Shader Did you use #pragma only_renderers and omit this platform?
WARNING: Shader If subshaders removal was intentional, you may have forgotten turning Fallback off?
WARNING: Shader Unsupported: 'Toon/Basic Outline' - All subshaders removed
WARNING: Shader Did you use #pragma only_renderers and omit this platform?
WARNING: Shader If subshaders removal was intentional, you may have forgotten turning Fallback off?
WARNING: Shader Unsupported: 'Toon/Basic Outline' - All subshaders removed
WARNING: Shader Did you use #pragma only_renderers and omit this platform?
WARNING: Shader If subshaders removal was intentional, you may have forgotten turning Fallback off?
Refreshing native plugins compatible for Editor in 6.23 ms, found 2 plugins.
Preloading 0 native plugins for Editor in 0.00 ms.
Unloading 31 Unused Serialized files (Serialized files now loaded: 0)
Unloading 7369 unused Assets / (8.4 MB). Loaded Objects now: 8408.
Memory consumption went from 200.7 MB to 192.3 MB.
Total: 18.697200 ms (FindLiveObjects: 1.009800 ms CreateObjectMapping: 1.770400 ms MarkObjects: 11.521400 ms  DeleteObjects: 4.394400 ms)

Prepare: number of updated asset objects reloaded= 0
========================================================================
Received Import Request.
  Time since last request: 1009.033098 seconds.
  path: Assets/Prefabs/Menu/Map Selection.prefab
  artifactKey: Guid(c4ea66fddc7bf8f4e91c46d546935f76) Importer(815301076,1909f56bfc062723c751e8b465ee728b)
Start importing Assets/Prefabs/Menu/Map Selection.prefab using Guid(c4ea66fddc7bf8f4e91c46d546935f76) Importer(815301076,1909f56bfc062723c751e8b465ee728b) (PreviewImporter) -> (artifact id: '72da36cbef45f11970ba6536b00288f5') in 0.3043436 seconds
Number of updated asset objects reloaded before import = 0Number of asset objects unloaded after import = 83

========================================================================
Received Import Request.
  Time since last request: 210.971789 seconds.
  path: Assets/Prefabs/Menu/Map Selection.prefab
  artifactKey: Guid(c4ea66fddc7bf8f4e91c46d546935f76) Importer(815301076,1909f56bfc062723c751e8b465ee728b)
Start importing Assets/Prefabs/Menu/Map Selection.prefab using Guid(c4ea66fddc7bf8f4e91c46d546935f76) Importer(815301076,1909f56bfc062723c751e8b465ee728b) (PreviewImporter) -> (artifact id: '0635be8f26d0cbbc3c8265cafafebb65') in 0.0253573 seconds
Number of updated asset objects reloaded before import = 0Number of asset objects unloaded after import = 155

========================================================================
Received Import Request.
  Time since last request: 0.503618 seconds.
  path: Assets/Prefabs/Menu/Map Selection.prefab
  artifactKey: Guid(c4ea66fddc7bf8f4e91c46d546935f76) Importer(815301076,1909f56bfc062723c751e8b465ee728b)
Start importing Assets/Prefabs/Menu/Map Selection.prefab using Guid(c4ea66fddc7bf8f4e91c46d546935f76) Importer(815301076,1909f56bfc062723c751e8b465ee728b) (PreviewImporter) -> (artifact id: '30ccbdef867e9b4c1944b120a8a60582') in 0.0236233 seconds
Number of updated asset objects reloaded before import = 0Number of asset objects unloaded after import = 155

========================================================================
Received Import Request.
  Time since last request: 1.352433 seconds.
  path: Assets/Prefabs/Menu/Map Selection.prefab
  artifactKey: Guid(c4ea66fddc7bf8f4e91c46d546935f76) Importer(815301076,1909f56bfc062723c751e8b465ee728b)
Start importing Assets/Prefabs/Menu/Map Selection.prefab using Guid(c4ea66fddc7bf8f4e91c46d546935f76) Importer(815301076,1909f56bfc062723c751e8b465ee728b) (PreviewImporter) -> (artifact id: '66e366b45a13c4495e7b93c38ffd5808') in 0.0242744 seconds
Number of updated asset objects reloaded before import = 0Number of asset objects unloaded after import = 155

========================================================================
Received Import Request.
  Time since last request: 4.842213 seconds.
  path: Assets/Prefabs/Menu/Map Selection.prefab
  artifactKey: Guid(c4ea66fddc7bf8f4e91c46d546935f76) Importer(815301076,1909f56bfc062723c751e8b465ee728b)
Start importing Assets/Prefabs/Menu/Map Selection.prefab using Guid(c4ea66fddc7bf8f4e91c46d546935f76) Importer(815301076,1909f56bfc062723c751e8b465ee728b) (PreviewImporter) -> (artifact id: '4ceca2a7bc8856d629f5af820ba4f4bf') in 0.023027 seconds
Number of updated asset objects reloaded before import = 0Number of asset objects unloaded after import = 155

========================================================================
Received Import Request.
  Time since last request: 444.777327 seconds.
  path: Assets/Prefabs/Menu/Map Selection.prefab
  artifactKey: Guid(c4ea66fddc7bf8f4e91c46d546935f76) Importer(815301076,1909f56bfc062723c751e8b465ee728b)
Start importing Assets/Prefabs/Menu/Map Selection.prefab using Guid(c4ea66fddc7bf8f4e91c46d546935f76) Importer(815301076,1909f56bfc062723c751e8b465ee728b) (PreviewImporter) -> (artifact id: 'ef6d0324b1479dbdb8dfdef2a5cfadf6') in 0.0255398 seconds
Number of updated asset objects reloaded before import = 0Number of asset objects unloaded after import = 120

========================================================================
Received Prepare
Begin MonoManager ReloadAssembly
[Licensing::Client] Successfully resolved entitlement details
[Licensing::Module] License group:
  Id: F4-Y6KC-25T9-KMKK-443G-XXXX
  Product: Unity Personal
  Type: ULF
  Expiration: Unlimited
[Licensing::Module] License group:
  Id: 350106-UnityPersXXXX
  Product: Unity Personal
  Type: Assigned
  Expiration: Unlimited
ADTM: Control thread waiting for realtime thread timed out, have to lock...
Symbol file LoadedFromMemory is not a mono symbol file
- Loaded All Assemblies, in  2.167 seconds
Script 'RotationConstraint' has the same name as built-in Unity component.
AddComponent and GetComponent will not work with this script.
Refreshing native plugins compatible for Editor in 7.34 ms, found 2 plugins.
Native extension for WindowsStandalone target not found
Native extension for WebGL target not found
[Package Manager] Failed to launch server process. Reason: Unity was launched with the -noUpm command-line argument
[Package Manager] Unable to send message (not connected to server process).
[Package Manager] Cannot connect to Unity Package Manager local server
ScheduleIndexationOnStartup MainProcess:False IndexOnStartup:True
ForwardRenderer is missing RendererFeatures
This could be due to missing scripts or compile error.
UnityEngine.Debug:ExtractStackTraceNoAlloc (byte*,int,string)
UnityEngine.StackTraceUtility:ExtractStackTrace ()
UnityEngine.DebugLogHandler:Internal_Log (UnityEngine.LogType,UnityEngine.LogOption,string,UnityEngine.Object)
UnityEngine.DebugLogHandler:LogFormat (UnityEngine.LogType,UnityEngine.Object,string,object[])
UnityEngine.Logger:Log (UnityEngine.LogType,object,UnityEngine.Object)
UnityEngine.Debug:LogError (object,UnityEngine.Object)
UnityEngine.Rendering.Universal.ScriptableRendererData:ValidateRendererFeatures () (at ./Library/PackageCache/com.unity.render-pipelines.universal@7327e77c1cc2/Runtime/ScriptableRendererData.cs:193)
UnityEngine.Rendering.Universal.ScriptableRendererData:OnValidate () (at ./Library/PackageCache/com.unity.render-pipelines.universal@7327e77c1cc2/Runtime/ScriptableRendererData.cs:81)

(Filename: ./Library/PackageCache/com.unity.render-pipelines.universal@7327e77c1cc2/Runtime/ScriptableRendererData.cs Line: 193)

Mono: successfully reloaded assembly
- Finished resetting the current domain, in  1.551 seconds
Domain Reload Profiling: 3718ms
	BeginReloadAssembly (1314ms)
		ExecutionOrderSort (0ms)
		DisableScriptedObjects (16ms)
		BackupInstance (0ms)
		ReleaseScriptingObjects (0ms)
		CreateAndSetChildDomain (1088ms)
	RebuildCommonClasses (52ms)
	RebuildNativeTypeToScriptingClass (21ms)
	initialDomainReloadingComplete (44ms)
	LoadAllAssembliesAndSetupDomain (736ms)
		LoadAssemblies (500ms)
		RebuildTransferFunctionScriptingTraits (0ms)
		AnalyzeDomain (367ms)
			TypeCache.Refresh (10ms)
				TypeCache.ScanAssembly (0ms)
			BuildScriptInfoCaches (331ms)
			ResolveRequiredComponents (18ms)
	FinalizeReload (1551ms)
		ReleaseScriptCaches (0ms)
		RebuildScriptCaches (0ms)
		SetupLoadedEditorAssemblies (1272ms)
			LogAssemblyErrors (0ms)
			InitializePlatformSupportModulesInManaged (3ms)
			SetLoadedEditorAssemblies (5ms)
			BeforeProcessingInitializeOnLoad (225ms)
			ProcessInitializeOnLoadAttributes (600ms)
			ProcessInitializeOnLoadMethodAttributes (426ms)
			AfterProcessingInitializeOnLoad (13ms)
			EditorAssembliesLoaded (1ms)
		ExecutionOrderSort2 (0ms)
		AwakeInstancesAfterBackupRestoration (33ms)
WARNING: Shader Unsupported: 'Toon/Lit Outline' - All subshaders removed
WARNING: Shader Did you use #pragma only_renderers and omit this platform?
WARNING: Shader If subshaders removal was intentional, you may have forgotten turning Fallback off?
WARNING: Shader Unsupported: 'Toon/Lit Outline' - All subshaders removed
WARNING: Shader Did you use #pragma only_renderers and omit this platform?
WARNING: Shader If subshaders removal was intentional, you may have forgotten turning Fallback off?
WARNING: Shader Unsupported: 'Toon/Basic Outline' - All subshaders removed
WARNING: Shader Did you use #pragma only_renderers and omit this platform?
WARNING: Shader If subshaders removal was intentional, you may have forgotten turning Fallback off?
WARNING: Shader Unsupported: 'Toon/Basic Outline' - All subshaders removed
WARNING: Shader Did you use #pragma only_renderers and omit this platform?
WARNING: Shader If subshaders removal was intentional, you may have forgotten turning Fallback off?
Refreshing native plugins compatible for Editor in 7.52 ms, found 2 plugins.
Preloading 0 native plugins for Editor in 0.00 ms.
Unloading 31 Unused Serialized files (Serialized files now loaded: 0)
Unloading 7372 unused Assets / (8.6 MB). Loaded Objects now: 8411.
Memory consumption went from 200.7 MB to 192.1 MB.
Total: 27.752600 ms (FindLiveObjects: 1.115400 ms CreateObjectMapping: 2.522900 ms MarkObjects: 18.825100 ms  DeleteObjects: 5.287700 ms)

Prepare: number of updated asset objects reloaded= 0
========================================================================
Received Import Request.
  Time since last request: 196.737768 seconds.
  path: Assets/Prefabs/Menu/Map Selection.prefab
  artifactKey: Guid(c4ea66fddc7bf8f4e91c46d546935f76) Importer(815301076,1909f56bfc062723c751e8b465ee728b)
Start importing Assets/Prefabs/Menu/Map Selection.prefab using Guid(c4ea66fddc7bf8f4e91c46d546935f76) Importer(815301076,1909f56bfc062723c751e8b465ee728b) (PreviewImporter) -> (artifact id: 'f58383c96e1eb66627dbeb808324c803') in 0.1792169 seconds
Number of updated asset objects reloaded before import = 0Number of asset objects unloaded after import = 157

========================================================================
Received Prepare
Begin MonoManager ReloadAssembly
ADTM: Control thread waiting for realtime thread timed out, have to lock...
Symbol file LoadedFromMemory is not a mono symbol file
- Loaded All Assemblies, in  2.205 seconds
Script 'RotationConstraint' has the same name as built-in Unity component.
AddComponent and GetComponent will not work with this script.
Refreshing native plugins compatible for Editor in 17.07 ms, found 2 plugins.
Native extension for WindowsStandalone target not found
Native extension for WebGL target not found
[Package Manager] Failed to launch server process. Reason: Unity was launched with the -noUpm command-line argument
[Package Manager] Unable to send message (not connected to server process).
[Package Manager] Cannot connect to Unity Package Manager local server
ScheduleIndexationOnStartup MainProcess:False IndexOnStartup:True
ForwardRenderer is missing RendererFeatures
This could be due to missing scripts or compile error.
UnityEngine.Debug:ExtractStackTraceNoAlloc (byte*,int,string)
UnityEngine.StackTraceUtility:ExtractStackTrace ()
UnityEngine.DebugLogHandler:Internal_Log (UnityEngine.LogType,UnityEngine.LogOption,string,UnityEngine.Object)
UnityEngine.DebugLogHandler:LogFormat (UnityEngine.LogType,UnityEngine.Object,string,object[])
UnityEngine.Logger:Log (UnityEngine.LogType,object,UnityEngine.Object)
UnityEngine.Debug:LogError (object,UnityEngine.Object)
UnityEngine.Rendering.Universal.ScriptableRendererData:ValidateRendererFeatures () (at ./Library/PackageCache/com.unity.render-pipelines.universal@7327e77c1cc2/Runtime/ScriptableRendererData.cs:193)
UnityEngine.Rendering.Universal.ScriptableRendererData:OnValidate () (at ./Library/PackageCache/com.unity.render-pipelines.universal@7327e77c1cc2/Runtime/ScriptableRendererData.cs:81)

(Filename: ./Library/PackageCache/com.unity.render-pipelines.universal@7327e77c1cc2/Runtime/ScriptableRendererData.cs Line: 193)

Mono: successfully reloaded assembly
- Finished resetting the current domain, in  1.658 seconds
Domain Reload Profiling: 3868ms
	BeginReloadAssembly (1299ms)
		ExecutionOrderSort (0ms)
		DisableScriptedObjects (10ms)
		BackupInstance (0ms)
		ReleaseScriptingObjects (0ms)
		CreateAndSetChildDomain (1084ms)
	RebuildCommonClasses (53ms)
	RebuildNativeTypeToScriptingClass (20ms)
	initialDomainReloadingComplete (43ms)
	LoadAllAssembliesAndSetupDomain (794ms)
		LoadAssemblies (492ms)
		RebuildTransferFunctionScriptingTraits (0ms)
		AnalyzeDomain (428ms)
			TypeCache.Refresh (10ms)
				TypeCache.ScanAssembly (0ms)
			BuildScriptInfoCaches (386ms)
			ResolveRequiredComponents (23ms)
	FinalizeReload (1658ms)
		ReleaseScriptCaches (0ms)
		RebuildScriptCaches (0ms)
		SetupLoadedEditorAssemblies (1323ms)
			LogAssemblyErrors (0ms)
			InitializePlatformSupportModulesInManaged (4ms)
			SetLoadedEditorAssemblies (5ms)
			BeforeProcessingInitializeOnLoad (244ms)
			ProcessInitializeOnLoadAttributes (698ms)
			ProcessInitializeOnLoadMethodAttributes (356ms)
			AfterProcessingInitializeOnLoad (16ms)
			EditorAssembliesLoaded (1ms)
		ExecutionOrderSort2 (0ms)
		AwakeInstancesAfterBackupRestoration (32ms)
WARNING: Shader Unsupported: 'Toon/Lit Outline' - All subshaders removed
WARNING: Shader Did you use #pragma only_renderers and omit this platform?
WARNING: Shader If subshaders removal was intentional, you may have forgotten turning Fallback off?
WARNING: Shader Unsupported: 'Toon/Lit Outline' - All subshaders removed
WARNING: Shader Did you use #pragma only_renderers and omit this platform?
WARNING: Shader If subshaders removal was intentional, you may have forgotten turning Fallback off?
WARNING: Shader Unsupported: 'Toon/Basic Outline' - All subshaders removed
WARNING: Shader Did you use #pragma only_renderers and omit this platform?
WARNING: Shader If subshaders removal was intentional, you may have forgotten turning Fallback off?
WARNING: Shader Unsupported: 'Toon/Basic Outline' - All subshaders removed
WARNING: Shader Did you use #pragma only_renderers and omit this platform?
WARNING: Shader If subshaders removal was intentional, you may have forgotten turning Fallback off?
Refreshing native plugins compatible for Editor in 7.09 ms, found 2 plugins.
Preloading 0 native plugins for Editor in 0.00 ms.
Unloading 31 Unused Serialized files (Serialized files now loaded: 0)
Unloading 7372 unused Assets / (8.5 MB). Loaded Objects now: 8414.
Memory consumption went from 200.8 MB to 192.3 MB.
Total: 20.863500 ms (FindLiveObjects: 1.065400 ms CreateObjectMapping: 1.989700 ms MarkObjects: 12.791700 ms  DeleteObjects: 5.015400 ms)

Prepare: number of updated asset objects reloaded= 0
========================================================================
Received Prepare
Begin MonoManager ReloadAssembly
[Licensing::Client] Successfully resolved entitlement details
[Licensing::Module] License group:
  Id: F4-Y6KC-25T9-KMKK-443G-XXXX
  Product: Unity Personal
  Type: ULF
  Expiration: Unlimited
[Licensing::Module] License group:
  Id: 350106-UnityPersXXXX
  Product: Unity Personal
  Type: Assigned
  Expiration: Unlimited
ADTM: Control thread waiting for realtime thread timed out, have to lock...
Symbol file LoadedFromMemory is not a mono symbol file
- Loaded All Assemblies, in  2.144 seconds
Script 'RotationConstraint' has the same name as built-in Unity component.
AddComponent and GetComponent will not work with this script.
Refreshing native plugins compatible for Editor in 6.03 ms, found 2 plugins.
Native extension for WindowsStandalone target not found
Native extension for WebGL target not found
[Package Manager] Failed to launch server process. Reason: Unity was launched with the -noUpm command-line argument
[Package Manager] Unable to send message (not connected to server process).
[Package Manager] Cannot connect to Unity Package Manager local server
ScheduleIndexationOnStartup MainProcess:False IndexOnStartup:True
ForwardRenderer is missing RendererFeatures
This could be due to missing scripts or compile error.
UnityEngine.Debug:ExtractStackTraceNoAlloc (byte*,int,string)
UnityEngine.StackTraceUtility:ExtractStackTrace ()
UnityEngine.DebugLogHandler:Internal_Log (UnityEngine.LogType,UnityEngine.LogOption,string,UnityEngine.Object)
UnityEngine.DebugLogHandler:LogFormat (UnityEngine.LogType,UnityEngine.Object,string,object[])
UnityEngine.Logger:Log (UnityEngine.LogType,object,UnityEngine.Object)
UnityEngine.Debug:LogError (object,UnityEngine.Object)
UnityEngine.Rendering.Universal.ScriptableRendererData:ValidateRendererFeatures () (at ./Library/PackageCache/com.unity.render-pipelines.universal@7327e77c1cc2/Runtime/ScriptableRendererData.cs:193)
UnityEngine.Rendering.Universal.ScriptableRendererData:OnValidate () (at ./Library/PackageCache/com.unity.render-pipelines.universal@7327e77c1cc2/Runtime/ScriptableRendererData.cs:81)

(Filename: ./Library/PackageCache/com.unity.render-pipelines.universal@7327e77c1cc2/Runtime/ScriptableRendererData.cs Line: 193)

Mono: successfully reloaded assembly
- Finished resetting the current domain, in  1.229 seconds
Domain Reload Profiling: 3373ms
	BeginReloadAssembly (1285ms)
		ExecutionOrderSort (0ms)
		DisableScriptedObjects (11ms)
		BackupInstance (0ms)
		ReleaseScriptingObjects (0ms)
		CreateAndSetChildDomain (1068ms)
	RebuildCommonClasses (52ms)
	RebuildNativeTypeToScriptingClass (21ms)
	initialDomainReloadingComplete (46ms)
	LoadAllAssembliesAndSetupDomain (739ms)
		LoadAssemblies (506ms)
		RebuildTransferFunctionScriptingTraits (0ms)
		AnalyzeDomain (361ms)
			TypeCache.Refresh (16ms)
				TypeCache.ScanAssembly (2ms)
			BuildScriptInfoCaches (320ms)
			ResolveRequiredComponents (18ms)
	FinalizeReload (1230ms)
		ReleaseScriptCaches (0ms)
		RebuildScriptCaches (0ms)
		SetupLoadedEditorAssemblies (990ms)
			LogAssemblyErrors (0ms)
			InitializePlatformSupportModulesInManaged (3ms)
			SetLoadedEditorAssemblies (4ms)
			BeforeProcessingInitializeOnLoad (191ms)
			ProcessInitializeOnLoadAttributes (480ms)
			ProcessInitializeOnLoadMethodAttributes (301ms)
			AfterProcessingInitializeOnLoad (11ms)
			EditorAssembliesLoaded (0ms)
		ExecutionOrderSort2 (0ms)
		AwakeInstancesAfterBackupRestoration (26ms)
WARNING: Shader Unsupported: 'Toon/Lit Outline' - All subshaders removed
WARNING: Shader Did you use #pragma only_renderers and omit this platform?
WARNING: Shader If subshaders removal was intentional, you may have forgotten turning Fallback off?
WARNING: Shader Unsupported: 'Toon/Lit Outline' - All subshaders removed
WARNING: Shader Did you use #pragma only_renderers and omit this platform?
WARNING: Shader If subshaders removal was intentional, you may have forgotten turning Fallback off?
WARNING: Shader Unsupported: 'Toon/Basic Outline' - All subshaders removed
WARNING: Shader Did you use #pragma only_renderers and omit this platform?
WARNING: Shader If subshaders removal was intentional, you may have forgotten turning Fallback off?
WARNING: Shader Unsupported: 'Toon/Basic Outline' - All subshaders removed
WARNING: Shader Did you use #pragma only_renderers and omit this platform?
WARNING: Shader If subshaders removal was intentional, you may have forgotten turning Fallback off?
Refreshing native plugins compatible for Editor in 6.14 ms, found 2 plugins.
Preloading 0 native plugins for Editor in 0.00 ms.
Unloading 31 Unused Serialized files (Serialized files now loaded: 0)
Unloading 7369 unused Assets / (8.3 MB). Loaded Objects now: 8417.
Memory consumption went from 200.9 MB to 192.5 MB.
Total: 21.279300 ms (FindLiveObjects: 1.028200 ms CreateObjectMapping: 1.630900 ms MarkObjects: 12.427500 ms  DeleteObjects: 6.191300 ms)

Prepare: number of updated asset objects reloaded= 0
========================================================================
Received Prepare
Begin MonoManager ReloadAssembly
ADTM: Control thread waiting for realtime thread timed out, have to lock...
Symbol file LoadedFromMemory is not a mono symbol file
- Loaded All Assemblies, in  2.104 seconds
Script 'RotationConstraint' has the same name as built-in Unity component.
AddComponent and GetComponent will not work with this script.
Refreshing native plugins compatible for Editor in 7.26 ms, found 2 plugins.
Native extension for WindowsStandalone target not found
Native extension for WebGL target not found
[Package Manager] Failed to launch server process. Reason: Unity was launched with the -noUpm command-line argument
[Package Manager] Unable to send message (not connected to server process).
[Package Manager] Cannot connect to Unity Package Manager local server
ScheduleIndexationOnStartup MainProcess:False IndexOnStartup:True
ForwardRenderer is missing RendererFeatures
This could be due to missing scripts or compile error.
UnityEngine.Debug:ExtractStackTraceNoAlloc (byte*,int,string)
UnityEngine.StackTraceUtility:ExtractStackTrace ()
UnityEngine.DebugLogHandler:Internal_Log (UnityEngine.LogType,UnityEngine.LogOption,string,UnityEngine.Object)
UnityEngine.DebugLogHandler:LogFormat (UnityEngine.LogType,UnityEngine.Object,string,object[])
UnityEngine.Logger:Log (UnityEngine.LogType,object,UnityEngine.Object)
UnityEngine.Debug:LogError (object,UnityEngine.Object)
UnityEngine.Rendering.Universal.ScriptableRendererData:ValidateRendererFeatures () (at ./Library/PackageCache/com.unity.render-pipelines.universal@7327e77c1cc2/Runtime/ScriptableRendererData.cs:193)
UnityEngine.Rendering.Universal.ScriptableRendererData:OnValidate () (at ./Library/PackageCache/com.unity.render-pipelines.universal@7327e77c1cc2/Runtime/ScriptableRendererData.cs:81)

(Filename: ./Library/PackageCache/com.unity.render-pipelines.universal@7327e77c1cc2/Runtime/ScriptableRendererData.cs Line: 193)

Mono: successfully reloaded assembly
- Finished resetting the current domain, in  1.467 seconds
Domain Reload Profiling: 3570ms
	BeginReloadAssembly (1277ms)
		ExecutionOrderSort (0ms)
		DisableScriptedObjects (9ms)
		BackupInstance (0ms)
		ReleaseScriptingObjects (0ms)
		CreateAndSetChildDomain (1070ms)
	RebuildCommonClasses (52ms)
	RebuildNativeTypeToScriptingClass (21ms)
	initialDomainReloadingComplete (43ms)
	LoadAllAssembliesAndSetupDomain (710ms)
		LoadAssemblies (471ms)
		RebuildTransferFunctionScriptingTraits (0ms)
		AnalyzeDomain (362ms)
			TypeCache.Refresh (10ms)
				TypeCache.ScanAssembly (0ms)
			BuildScriptInfoCaches (325ms)
			ResolveRequiredComponents (19ms)
	FinalizeReload (1467ms)
		ReleaseScriptCaches (0ms)
		RebuildScriptCaches (0ms)
		SetupLoadedEditorAssemblies (1186ms)
			LogAssemblyErrors (0ms)
			InitializePlatformSupportModulesInManaged (3ms)
			SetLoadedEditorAssemblies (5ms)
			BeforeProcessingInitializeOnLoad (216ms)
			ProcessInitializeOnLoadAttributes (604ms)
			ProcessInitializeOnLoadMethodAttributes (339ms)
			AfterProcessingInitializeOnLoad (18ms)
			EditorAssembliesLoaded (1ms)
		ExecutionOrderSort2 (0ms)
		AwakeInstancesAfterBackupRestoration (31ms)
WARNING: Shader Unsupported: 'Toon/Lit Outline' - All subshaders removed
WARNING: Shader Did you use #pragma only_renderers and omit this platform?
WARNING: Shader If subshaders removal was intentional, you may have forgotten turning Fallback off?
WARNING: Shader Unsupported: 'Toon/Lit Outline' - All subshaders removed
WARNING: Shader Did you use #pragma only_renderers and omit this platform?
WARNING: Shader If subshaders removal was intentional, you may have forgotten turning Fallback off?
WARNING: Shader Unsupported: 'Toon/Basic Outline' - All subshaders removed
WARNING: Shader Did you use #pragma only_renderers and omit this platform?
WARNING: Shader If subshaders removal was intentional, you may have forgotten turning Fallback off?
WARNING: Shader Unsupported: 'Toon/Basic Outline' - All subshaders removed
WARNING: Shader Did you use #pragma only_renderers and omit this platform?
WARNING: Shader If subshaders removal was intentional, you may have forgotten turning Fallback off?
Refreshing native plugins compatible for Editor in 7.15 ms, found 2 plugins.
Preloading 0 native plugins for Editor in 0.00 ms.
Unloading 31 Unused Serialized files (Serialized files now loaded: 0)
Unloading 7369 unused Assets / (8.5 MB). Loaded Objects now: 8420.
Memory consumption went from 200.9 MB to 192.4 MB.
Total: 34.329500 ms (FindLiveObjects: 1.117200 ms CreateObjectMapping: 6.023200 ms MarkObjects: 20.984400 ms  DeleteObjects: 6.202900 ms)

Prepare: number of updated asset objects reloaded= 0
========================================================================
Received Import Request.
  Time since last request: 1051.487869 seconds.
  path: Assets/Scenes/MainMenu.unity
  artifactKey: Guid(125da7ae0c30f234ab1694f32ac4eacb) Importer(2089858483,797179f86c6e516b54ff30bda720a719)
Start importing Assets/Scenes/MainMenu.unity using Guid(125da7ae0c30f234ab1694f32ac4eacb) Importer(2089858483,797179f86c6e516b54ff30bda720a719) (ScriptedImporter) -> (artifact id: '0bd917c1aa29f3c91b726bb59b343f9d') in 0.1835024 seconds
Number of updated asset objects reloaded before import = 0Number of asset objects unloaded after import = 1

========================================================================
Received Import Request.
  Time since last request: 0.000032 seconds.
  path: Assets/Scripts/Map Selector/MapSelectorOption.cs
  artifactKey: Guid(434246ecb05b51b4ba8c64707f4225de) Importer(2089858483,797179f86c6e516b54ff30bda720a719)
Start importing Assets/Scripts/Map Selector/MapSelectorOption.cs using Guid(434246ecb05b51b4ba8c64707f4225de) Importer(2089858483,797179f86c6e516b54ff30bda720a719) (ScriptedImporter) -> (artifact id: '591e565f2d67c9cc8fdfeb012644ec5a') in 0.0180528 seconds
Number of updated asset objects reloaded before import = 0Number of asset objects unloaded after import = 0

========================================================================
Received Import Request.
  Time since last request: 0.000030 seconds.
  path: Assets/Scripts/UGC/UGC.cs
  artifactKey: Guid(62bad47d4dc118f41b5c04b8015cbd63) Importer(2089858483,797179f86c6e516b54ff30bda720a719)
Start importing Assets/Scripts/UGC/UGC.cs using Guid(62bad47d4dc118f41b5c04b8015cbd63) Importer(2089858483,797179f86c6e516b54ff30bda720a719) (ScriptedImporter) -> (artifact id: 'f5957e453e1bd5964be3cf1063b79f8d') in 0.0160091 seconds
Number of updated asset objects reloaded before import = 0Number of asset objects unloaded after import = 0

========================================================================
Received Import Request.
  Time since last request: 0.000018 seconds.
  path: Assets/Prefabs/Menu/Map Selection.prefab
  artifactKey: Guid(c4ea66fddc7bf8f4e91c46d546935f76) Importer(2089858483,797179f86c6e516b54ff30bda720a719)
Start importing Assets/Prefabs/Menu/Map Selection.prefab using Guid(c4ea66fddc7bf8f4e91c46d546935f76) Importer(2089858483,797179f86c6e516b54ff30bda720a719) (ScriptedImporter) -> (artifact id: 'a2ccd5e750d8df453346e088f2322eaf') in 0.0841559 seconds
Number of updated asset objects reloaded before import = 0Number of asset objects unloaded after import = 157

========================================================================
Received Prepare
Script 'RotationConstraint' has the same name as built-in Unity component.
AddComponent and GetComponent will not work with this script.
WARNING: Shader Unsupported: 'Toon/Lit Outline' - All subshaders removed
WARNING: Shader Did you use #pragma only_renderers and omit this platform?
WARNING: Shader If subshaders removal was intentional, you may have forgotten turning Fallback off?
WARNING: Shader Unsupported: 'Toon/Lit Outline' - All subshaders removed
WARNING: Shader Did you use #pragma only_renderers and omit this platform?
WARNING: Shader If subshaders removal was intentional, you may have forgotten turning Fallback off?
WARNING: Shader Unsupported: 'Toon/Basic Outline' - All subshaders removed
WARNING: Shader Did you use #pragma only_renderers and omit this platform?
WARNING: Shader If subshaders removal was intentional, you may have forgotten turning Fallback off?
WARNING: Shader Unsupported: 'Toon/Basic Outline' - All subshaders removed
WARNING: Shader Did you use #pragma only_renderers and omit this platform?
WARNING: Shader If subshaders removal was intentional, you may have forgotten turning Fallback off?
Refreshing native plugins compatible for Editor in 26.29 ms, found 2 plugins.
Preloading 0 native plugins for Editor in 0.00 ms.
Unloading 31 Unused Serialized files (Serialized files now loaded: 0)
Unloading 7340 unused Assets / (5.0 MB). Loaded Objects now: 8421.
Memory consumption went from 201.3 MB to 196.3 MB.
Total: 141.615100 ms (FindLiveObjects: 7.851100 ms CreateObjectMapping: 58.314300 ms MarkObjects: 21.890900 ms  DeleteObjects: 53.556500 ms)

Prepare: number of updated asset objects reloaded= 0
========================================================================
Received Import Request.
  Time since last request: 5.781265 seconds.
  path: Assets/Scripts/Title/AudioCrossfade.cs
  artifactKey: Guid(b550e11dbe74dbe43bd37903b86674bf) Importer(2089858483,797179f86c6e516b54ff30bda720a719)
Start importing Assets/Scripts/Title/AudioCrossfade.cs using Guid(b550e11dbe74dbe43bd37903b86674bf) Importer(2089858483,797179f86c6e516b54ff30bda720a719) (ScriptedImporter) -> (artifact id: '1b32b718083829eba72c74b44220d4bc') in 0.1123857 seconds
Number of updated asset objects reloaded before import = 0Number of asset objects unloaded after import = 0

========================================================================
Received Prepare
Begin MonoManager ReloadAssembly
[Licensing::Client] Successfully resolved entitlement details
[Licensing::Module] License group:
  Id: F4-Y6KC-25T9-KMKK-443G-XXXX
  Product: Unity Personal
  Type: ULF
  Expiration: Unlimited
[Licensing::Module] License group:
  Id: 350106-UnityPersXXXX
  Product: Unity Personal
  Type: Assigned
  Expiration: Unlimited
ADTM: Control thread waiting for realtime thread timed out, have to lock...
Symbol file LoadedFromMemory is not a mono symbol file
- Loaded All Assemblies, in  2.393 seconds
Script 'RotationConstraint' has the same name as built-in Unity component.
AddComponent and GetComponent will not work with this script.
Refreshing native plugins compatible for Editor in 7.06 ms, found 2 plugins.
Native extension for WindowsStandalone target not found
Native extension for WebGL target not found
[Package Manager] Failed to launch server process. Reason: Unity was launched with the -noUpm command-line argument
[Package Manager] Unable to send message (not connected to server process).
[Package Manager] Cannot connect to Unity Package Manager local server
ScheduleIndexationOnStartup MainProcess:False IndexOnStartup:True
ForwardRenderer is missing RendererFeatures
This could be due to missing scripts or compile error.
UnityEngine.Debug:ExtractStackTraceNoAlloc (byte*,int,string)
UnityEngine.StackTraceUtility:ExtractStackTrace ()
UnityEngine.DebugLogHandler:Internal_Log (UnityEngine.LogType,UnityEngine.LogOption,string,UnityEngine.Object)
UnityEngine.DebugLogHandler:LogFormat (UnityEngine.LogType,UnityEngine.Object,string,object[])
UnityEngine.Logger:Log (UnityEngine.LogType,object,UnityEngine.Object)
UnityEngine.Debug:LogError (object,UnityEngine.Object)
UnityEngine.Rendering.Universal.ScriptableRendererData:ValidateRendererFeatures () (at ./Library/PackageCache/com.unity.render-pipelines.universal@7327e77c1cc2/Runtime/ScriptableRendererData.cs:193)
UnityEngine.Rendering.Universal.ScriptableRendererData:OnValidate () (at ./Library/PackageCache/com.unity.render-pipelines.universal@7327e77c1cc2/Runtime/ScriptableRendererData.cs:81)

(Filename: ./Library/PackageCache/com.unity.render-pipelines.universal@7327e77c1cc2/Runtime/ScriptableRendererData.cs Line: 193)

Mono: successfully reloaded assembly
- Finished resetting the current domain, in  1.595 seconds
Domain Reload Profiling: 3990ms
	BeginReloadAssembly (1340ms)
		ExecutionOrderSort (0ms)
		DisableScriptedObjects (15ms)
		BackupInstance (0ms)
		ReleaseScriptingObjects (0ms)
		CreateAndSetChildDomain (1094ms)
	RebuildCommonClasses (58ms)
	RebuildNativeTypeToScriptingClass (22ms)
	initialDomainReloadingComplete (58ms)
	LoadAllAssembliesAndSetupDomain (916ms)
		LoadAssemblies (582ms)
		RebuildTransferFunctionScriptingTraits (0ms)
		AnalyzeDomain (477ms)
			TypeCache.Refresh (18ms)
				TypeCache.ScanAssembly (3ms)
			BuildScriptInfoCaches (428ms)
			ResolveRequiredComponents (22ms)
	FinalizeReload (1596ms)
		ReleaseScriptCaches (0ms)
		RebuildScriptCaches (0ms)
		SetupLoadedEditorAssemblies (1327ms)
			LogAssemblyErrors (0ms)
			InitializePlatformSupportModulesInManaged (4ms)
			SetLoadedEditorAssemblies (5ms)
			BeforeProcessingInitializeOnLoad (246ms)
			ProcessInitializeOnLoadAttributes (749ms)
			ProcessInitializeOnLoadMethodAttributes (311ms)
			AfterProcessingInitializeOnLoad (12ms)
			EditorAssembliesLoaded (1ms)
		ExecutionOrderSort2 (0ms)
		AwakeInstancesAfterBackupRestoration (28ms)
WARNING: Shader Unsupported: 'Toon/Lit Outline' - All subshaders removed
WARNING: Shader Did you use #pragma only_renderers and omit this platform?
WARNING: Shader If subshaders removal was intentional, you may have forgotten turning Fallback off?
WARNING: Shader Unsupported: 'Toon/Lit Outline' - All subshaders removed
WARNING: Shader Did you use #pragma only_renderers and omit this platform?
WARNING: Shader If subshaders removal was intentional, you may have forgotten turning Fallback off?
WARNING: Shader Unsupported: 'Toon/Basic Outline' - All subshaders removed
WARNING: Shader Did you use #pragma only_renderers and omit this platform?
WARNING: Shader If subshaders removal was intentional, you may have forgotten turning Fallback off?
WARNING: Shader Unsupported: 'Toon/Basic Outline' - All subshaders removed
WARNING: Shader Did you use #pragma only_renderers and omit this platform?
WARNING: Shader If subshaders removal was intentional, you may have forgotten turning Fallback off?
Refreshing native plugins compatible for Editor in 5.79 ms, found 2 plugins.
Preloading 0 native plugins for Editor in 0.00 ms.
Unloading 31 Unused Serialized files (Serialized files now loaded: 0)
Unloading 7370 unused Assets / (8.7 MB). Loaded Objects now: 8424.
Memory consumption went from 201.0 MB to 192.3 MB.
Total: 18.568700 ms (FindLiveObjects: 1.028700 ms CreateObjectMapping: 1.501000 ms MarkObjects: 11.102300 ms  DeleteObjects: 4.935600 ms)

Prepare: number of updated asset objects reloaded= 0
========================================================================
Received Prepare
Begin MonoManager ReloadAssembly
[Licensing::Client] Successfully resolved entitlement details
[Licensing::Module] License group:
  Id: F4-Y6KC-25T9-KMKK-443G-XXXX
  Product: Unity Personal
  Type: ULF
  Expiration: Unlimited
[Licensing::Module] License group:
  Id: 350106-UnityPersXXXX
  Product: Unity Personal
  Type: Assigned
  Expiration: Unlimited
ADTM: Control thread waiting for realtime thread timed out, have to lock...
Symbol file LoadedFromMemory is not a mono symbol file
- Loaded All Assemblies, in  2.096 seconds
Script 'RotationConstraint' has the same name as built-in Unity component.
AddComponent and GetComponent will not work with this script.
Refreshing native plugins compatible for Editor in 7.07 ms, found 2 plugins.
Native extension for WindowsStandalone target not found
Native extension for WebGL target not found
[Package Manager] Failed to launch server process. Reason: Unity was launched with the -noUpm command-line argument
[Package Manager] Unable to send message (not connected to server process).
[Package Manager] Cannot connect to Unity Package Manager local server
ScheduleIndexationOnStartup MainProcess:False IndexOnStartup:True
ForwardRenderer is missing RendererFeatures
This could be due to missing scripts or compile error.
UnityEngine.Debug:ExtractStackTraceNoAlloc (byte*,int,string)
UnityEngine.StackTraceUtility:ExtractStackTrace ()
UnityEngine.DebugLogHandler:Internal_Log (UnityEngine.LogType,UnityEngine.LogOption,string,UnityEngine.Object)
UnityEngine.DebugLogHandler:LogFormat (UnityEngine.LogType,UnityEngine.Object,string,object[])
UnityEngine.Logger:Log (UnityEngine.LogType,object,UnityEngine.Object)
UnityEngine.Debug:LogError (object,UnityEngine.Object)
UnityEngine.Rendering.Universal.ScriptableRendererData:ValidateRendererFeatures () (at ./Library/PackageCache/com.unity.render-pipelines.universal@7327e77c1cc2/Runtime/ScriptableRendererData.cs:193)
UnityEngine.Rendering.Universal.ScriptableRendererData:OnValidate () (at ./Library/PackageCache/com.unity.render-pipelines.universal@7327e77c1cc2/Runtime/ScriptableRendererData.cs:81)

(Filename: ./Library/PackageCache/com.unity.render-pipelines.universal@7327e77c1cc2/Runtime/ScriptableRendererData.cs Line: 193)

Mono: successfully reloaded assembly
- Finished resetting the current domain, in  1.476 seconds
Domain Reload Profiling: 3575ms
	BeginReloadAssembly (1279ms)
		ExecutionOrderSort (0ms)
		DisableScriptedObjects (11ms)
		BackupInstance (0ms)
		ReleaseScriptingObjects (0ms)
		CreateAndSetChildDomain (1067ms)
	RebuildCommonClasses (52ms)
	RebuildNativeTypeToScriptingClass (21ms)
	initialDomainReloadingComplete (43ms)
	LoadAllAssembliesAndSetupDomain (703ms)
		LoadAssemblies (467ms)
		RebuildTransferFunctionScriptingTraits (0ms)
		AnalyzeDomain (359ms)
			TypeCache.Refresh (17ms)
				TypeCache.ScanAssembly (3ms)
			BuildScriptInfoCaches (317ms)
			ResolveRequiredComponents (18ms)
	FinalizeReload (1477ms)
		ReleaseScriptCaches (0ms)
		RebuildScriptCaches (0ms)
		SetupLoadedEditorAssemblies (1191ms)
			LogAssemblyErrors (0ms)
			InitializePlatformSupportModulesInManaged (3ms)
			SetLoadedEditorAssemblies (5ms)
			BeforeProcessingInitializeOnLoad (273ms)
			ProcessInitializeOnLoadAttributes (599ms)
			ProcessInitializeOnLoadMethodAttributes (300ms)
			AfterProcessingInitializeOnLoad (11ms)
			EditorAssembliesLoaded (0ms)
		ExecutionOrderSort2 (0ms)
		AwakeInstancesAfterBackupRestoration (26ms)
WARNING: Shader Unsupported: 'Toon/Lit Outline' - All subshaders removed
WARNING: Shader Did you use #pragma only_renderers and omit this platform?
WARNING: Shader If subshaders removal was intentional, you may have forgotten turning Fallback off?
WARNING: Shader Unsupported: 'Toon/Lit Outline' - All subshaders removed
WARNING: Shader Did you use #pragma only_renderers and omit this platform?
WARNING: Shader If subshaders removal was intentional, you may have forgotten turning Fallback off?
WARNING: Shader Unsupported: 'Toon/Basic Outline' - All subshaders removed
WARNING: Shader Did you use #pragma only_renderers and omit this platform?
WARNING: Shader If subshaders removal was intentional, you may have forgotten turning Fallback off?
WARNING: Shader Unsupported: 'Toon/Basic Outline' - All subshaders removed
WARNING: Shader Did you use #pragma only_renderers and omit this platform?
WARNING: Shader If subshaders removal was intentional, you may have forgotten turning Fallback off?
Refreshing native plugins compatible for Editor in 6.12 ms, found 2 plugins.
Preloading 0 native plugins for Editor in 0.00 ms.
Unloading 31 Unused Serialized files (Serialized files now loaded: 0)
Unloading 7370 unused Assets / (8.4 MB). Loaded Objects now: 8427.
Memory consumption went from 201.0 MB to 192.6 MB.
Total: 17.845300 ms (FindLiveObjects: 0.976900 ms CreateObjectMapping: 1.469500 ms MarkObjects: 11.160500 ms  DeleteObjects: 4.237300 ms)

Prepare: number of updated asset objects reloaded= 0
========================================================================
Received Prepare
Begin MonoManager ReloadAssembly
ADTM: Control thread waiting for realtime thread timed out, have to lock...
Symbol file LoadedFromMemory is not a mono symbol file
- Loaded All Assemblies, in  2.088 seconds
Script 'RotationConstraint' has the same name as built-in Unity component.
AddComponent and GetComponent will not work with this script.
Refreshing native plugins compatible for Editor in 6.10 ms, found 2 plugins.
Native extension for WindowsStandalone target not found
Native extension for WebGL target not found
[Package Manager] Failed to launch server process. Reason: Unity was launched with the -noUpm command-line argument
[Package Manager] Unable to send message (not connected to server process).
[Package Manager] Cannot connect to Unity Package Manager local server
ScheduleIndexationOnStartup MainProcess:False IndexOnStartup:True
ForwardRenderer is missing RendererFeatures
This could be due to missing scripts or compile error.
UnityEngine.Debug:ExtractStackTraceNoAlloc (byte*,int,string)
UnityEngine.StackTraceUtility:ExtractStackTrace ()
UnityEngine.DebugLogHandler:Internal_Log (UnityEngine.LogType,UnityEngine.LogOption,string,UnityEngine.Object)
UnityEngine.DebugLogHandler:LogFormat (UnityEngine.LogType,UnityEngine.Object,string,object[])
UnityEngine.Logger:Log (UnityEngine.LogType,object,UnityEngine.Object)
UnityEngine.Debug:LogError (object,UnityEngine.Object)
UnityEngine.Rendering.Universal.ScriptableRendererData:ValidateRendererFeatures () (at ./Library/PackageCache/com.unity.render-pipelines.universal@7327e77c1cc2/Runtime/ScriptableRendererData.cs:193)
UnityEngine.Rendering.Universal.ScriptableRendererData:OnValidate () (at ./Library/PackageCache/com.unity.render-pipelines.universal@7327e77c1cc2/Runtime/ScriptableRendererData.cs:81)

(Filename: ./Library/PackageCache/com.unity.render-pipelines.universal@7327e77c1cc2/Runtime/ScriptableRendererData.cs Line: 193)

Mono: successfully reloaded assembly
- Finished resetting the current domain, in  1.227 seconds
Domain Reload Profiling: 3315ms
	BeginReloadAssembly (1275ms)
		ExecutionOrderSort (0ms)
		DisableScriptedObjects (9ms)
		BackupInstance (0ms)
		ReleaseScriptingObjects (0ms)
		CreateAndSetChildDomain (1068ms)
	RebuildCommonClasses (51ms)
	RebuildNativeTypeToScriptingClass (21ms)
	initialDomainReloadingComplete (42ms)
	LoadAllAssembliesAndSetupDomain (698ms)
		LoadAssemblies (468ms)
		RebuildTransferFunctionScriptingTraits (0ms)
		AnalyzeDomain (353ms)
			TypeCache.Refresh (16ms)
				TypeCache.ScanAssembly (3ms)
			BuildScriptInfoCaches (312ms)
			ResolveRequiredComponents (18ms)
	FinalizeReload (1228ms)
		ReleaseScriptCaches (0ms)
		RebuildScriptCaches (0ms)
		SetupLoadedEditorAssemblies (995ms)
			LogAssemblyErrors (0ms)
			InitializePlatformSupportModulesInManaged (3ms)
			SetLoadedEditorAssemblies (5ms)
			BeforeProcessingInitializeOnLoad (183ms)
			ProcessInitializeOnLoadAttributes (493ms)
			ProcessInitializeOnLoadMethodAttributes (300ms)
			AfterProcessingInitializeOnLoad (11ms)
			EditorAssembliesLoaded (1ms)
		ExecutionOrderSort2 (0ms)
		AwakeInstancesAfterBackupRestoration (27ms)
WARNING: Shader Unsupported: 'Toon/Lit Outline' - All subshaders removed
WARNING: Shader Did you use #pragma only_renderers and omit this platform?
WARNING: Shader If subshaders removal was intentional, you may have forgotten turning Fallback off?
WARNING: Shader Unsupported: 'Toon/Lit Outline' - All subshaders removed
WARNING: Shader Did you use #pragma only_renderers and omit this platform?
WARNING: Shader If subshaders removal was intentional, you may have forgotten turning Fallback off?
WARNING: Shader Unsupported: 'Toon/Basic Outline' - All subshaders removed
WARNING: Shader Did you use #pragma only_renderers and omit this platform?
WARNING: Shader If subshaders removal was intentional, you may have forgotten turning Fallback off?
WARNING: Shader Unsupported: 'Toon/Basic Outline' - All subshaders removed
WARNING: Shader Did you use #pragma only_renderers and omit this platform?
WARNING: Shader If subshaders removal was intentional, you may have forgotten turning Fallback off?
Refreshing native plugins compatible for Editor in 5.82 ms, found 2 plugins.
Preloading 0 native plugins for Editor in 0.00 ms.
Unloading 31 Unused Serialized files (Serialized files now loaded: 0)
Unloading 7370 unused Assets / (8.5 MB). Loaded Objects now: 8430.
Memory consumption went from 201.1 MB to 192.5 MB.
Total: 17.840600 ms (FindLiveObjects: 1.025900 ms CreateObjectMapping: 1.460000 ms MarkObjects: 10.879900 ms  DeleteObjects: 4.473700 ms)

Prepare: number of updated asset objects reloaded= 0
========================================================================
Received Import Request.
  Time since last request: 182.490143 seconds.
  path: Assets/SOunds/Effects/SE_KT_HOVER_CHARGE.wav
  artifactKey: Guid(37c86fd5083e8d94ca4a6593fca80b62) Importer(815301076,1909f56bfc062723c751e8b465ee728b)
Start importing Assets/SOunds/Effects/SE_KT_HOVER_CHARGE.wav using Guid(37c86fd5083e8d94ca4a6593fca80b62) Importer(815301076,1909f56bfc062723c751e8b465ee728b) (PreviewImporter) -> (artifact id: 'feecf7c5477fa0b1aeae8c94f7c1c3b7') in 0.1671654 seconds
Number of updated asset objects reloaded before import = 0Number of asset objects unloaded after import = 2

========================================================================
Received Import Request.
  Time since last request: 0.000036 seconds.
  path: Assets/SOunds/Toad Harbor/sea_shore_1_EQExcitRev.ny.32.c4.wav
  artifactKey: Guid(7178e2bd3c089b540950ffc5f00f3807) Importer(815301076,1909f56bfc062723c751e8b465ee728b)
Start importing Assets/SOunds/Toad Harbor/sea_shore_1_EQExcitRev.ny.32.c4.wav using Guid(7178e2bd3c089b540950ffc5f00f3807) Importer(815301076,1909f56bfc062723c751e8b465ee728b) (PreviewImporter) -> (artifact id: '19100fde2c4c96388ace3d2b1b1c03b8') in 0.060265 seconds
Number of updated asset objects reloaded before import = 0Number of asset objects unloaded after import = 2

========================================================================
Received Import Request.
  Time since last request: 0.000033 seconds.
  path: Assets/SOunds/Toad Harbor/sea_shore_2ExcitRev.ny.32.c4.wav
  artifactKey: Guid(4f76b966c43b5c848adf70d60ca38747) Importer(815301076,1909f56bfc062723c751e8b465ee728b)
Start importing Assets/SOunds/Toad Harbor/sea_shore_2ExcitRev.ny.32.c4.wav using Guid(4f76b966c43b5c848adf70d60ca38747) Importer(815301076,1909f56bfc062723c751e8b465ee728b) (PreviewImporter) -> (artifact id: '18dd36df0b2059cad4e1947cb29fffd7') in 0.0345975 seconds
Number of updated asset objects reloaded before import = 0Number of asset objects unloaded after import = 2

========================================================================
Received Import Request.
  Time since last request: 2.426800 seconds.
  path: Assets/SOunds/Mario/HitBySomething1.wav
  artifactKey: Guid(82414c288abd3da4faac630a39965b05) Importer(815301076,1909f56bfc062723c751e8b465ee728b)
Start importing Assets/SOunds/Mario/HitBySomething1.wav using Guid(82414c288abd3da4faac630a39965b05) Importer(815301076,1909f56bfc062723c751e8b465ee728b) (PreviewImporter) -> (artifact id: '2cb44bc6c366c82308c3a3f0d50e8439') in 0.0220119 seconds
Number of updated asset objects reloaded before import = 0Number of asset objects unloaded after import = 2

========================================================================
Received Import Request.
  Time since last request: 2.904622 seconds.
  path: Assets/SOunds/Toad Harbor/Toad Harbor - Mario Kart 8 OST Extended.mp3
  artifactKey: Guid(e70c99bff4d702d49b6d1e71c0dde978) Importer(815301076,1909f56bfc062723c751e8b465ee728b)
Start importing Assets/SOunds/Toad Harbor/Toad Harbor - Mario Kart 8 OST Extended.mp3 using Guid(e70c99bff4d702d49b6d1e71c0dde978) Importer(815301076,1909f56bfc062723c751e8b465ee728b) (PreviewImporter) -> (artifact id: 'c3a302106d1edd95d5c607a7db40bc94') in 0.018215 seconds
Number of updated asset objects reloaded before import = 0Number of asset objects unloaded after import = 2

========================================================================
Received Import Request.
  Time since last request: 13.774228 seconds.
  path: Assets/Music/SubMenu
  artifactKey: Guid(ed9e8cd752af5a2459088bedee1cd356) Importer(815301076,1909f56bfc062723c751e8b465ee728b)
Start importing Assets/Music/SubMenu using Guid(ed9e8cd752af5a2459088bedee1cd356) Importer(815301076,1909f56bfc062723c751e8b465ee728b) (PreviewImporter) -> (artifact id: 'ea045a41bb9417398a575a1ed5baae73') in 0.0006263 seconds
Number of updated asset objects reloaded before import = 0Number of asset objects unloaded after import = 0

========================================================================
Received Prepare
Begin MonoManager ReloadAssembly
[Licensing::Client] Successfully resolved entitlement details
[Licensing::Module] License group:
  Id: F4-Y6KC-25T9-KMKK-443G-XXXX
  Product: Unity Personal
  Type: ULF
  Expiration: Unlimited
[Licensing::Module] License group:
  Id: 350106-UnityPersXXXX
  Product: Unity Personal
  Type: Assigned
  Expiration: Unlimited
ADTM: Control thread waiting for realtime thread timed out, have to lock...
Symbol file LoadedFromMemory is not a mono symbol file
- Loaded All Assemblies, in  2.297 seconds
Script 'RotationConstraint' has the same name as built-in Unity component.
AddComponent and GetComponent will not work with this script.
Refreshing native plugins compatible for Editor in 6.44 ms, found 2 plugins.
Native extension for WindowsStandalone target not found
Native extension for WebGL target not found
[Package Manager] Failed to launch server process. Reason: Unity was launched with the -noUpm command-line argument
[Package Manager] Unable to send message (not connected to server process).
[Package Manager] Cannot connect to Unity Package Manager local server
ScheduleIndexationOnStartup MainProcess:False IndexOnStartup:True
ForwardRenderer is missing RendererFeatures
This could be due to missing scripts or compile error.
UnityEngine.Debug:ExtractStackTraceNoAlloc (byte*,int,string)
UnityEngine.StackTraceUtility:ExtractStackTrace ()
UnityEngine.DebugLogHandler:Internal_Log (UnityEngine.LogType,UnityEngine.LogOption,string,UnityEngine.Object)
UnityEngine.DebugLogHandler:LogFormat (UnityEngine.LogType,UnityEngine.Object,string,object[])
UnityEngine.Logger:Log (UnityEngine.LogType,object,UnityEngine.Object)
UnityEngine.Debug:LogError (object,UnityEngine.Object)
UnityEngine.Rendering.Universal.ScriptableRendererData:ValidateRendererFeatures () (at ./Library/PackageCache/com.unity.render-pipelines.universal@7327e77c1cc2/Runtime/ScriptableRendererData.cs:193)
UnityEngine.Rendering.Universal.ScriptableRendererData:OnValidate () (at ./Library/PackageCache/com.unity.render-pipelines.universal@7327e77c1cc2/Runtime/ScriptableRendererData.cs:81)

(Filename: ./Library/PackageCache/com.unity.render-pipelines.universal@7327e77c1cc2/Runtime/ScriptableRendererData.cs Line: 193)

Mono: successfully reloaded assembly
- Finished resetting the current domain, in  1.409 seconds
Domain Reload Profiling: 3707ms
	BeginReloadAssembly (1328ms)
		ExecutionOrderSort (0ms)
		DisableScriptedObjects (12ms)
		BackupInstance (0ms)
		ReleaseScriptingObjects (0ms)
		CreateAndSetChildDomain (1097ms)
	RebuildCommonClasses (55ms)
	RebuildNativeTypeToScriptingClass (21ms)
	initialDomainReloadingComplete (46ms)
	LoadAllAssembliesAndSetupDomain (847ms)
		LoadAssemblies (547ms)
		RebuildTransferFunctionScriptingTraits (0ms)
		AnalyzeDomain (439ms)
			TypeCache.Refresh (17ms)
				TypeCache.ScanAssembly (3ms)
			BuildScriptInfoCaches (396ms)
			ResolveRequiredComponents (18ms)
	FinalizeReload (1410ms)
		ReleaseScriptCaches (0ms)
		RebuildScriptCaches (0ms)
		SetupLoadedEditorAssemblies (1159ms)
			LogAssemblyErrors (0ms)
			InitializePlatformSupportModulesInManaged (3ms)
			SetLoadedEditorAssemblies (5ms)
			BeforeProcessingInitializeOnLoad (200ms)
			ProcessInitializeOnLoadAttributes (626ms)
			ProcessInitializeOnLoadMethodAttributes (314ms)
			AfterProcessingInitializeOnLoad (12ms)
			EditorAssembliesLoaded (1ms)
		ExecutionOrderSort2 (0ms)
		AwakeInstancesAfterBackupRestoration (30ms)
WARNING: Shader Unsupported: 'Toon/Lit Outline' - All subshaders removed
WARNING: Shader Did you use #pragma only_renderers and omit this platform?
WARNING: Shader If subshaders removal was intentional, you may have forgotten turning Fallback off?
WARNING: Shader Unsupported: 'Toon/Lit Outline' - All subshaders removed
WARNING: Shader Did you use #pragma only_renderers and omit this platform?
WARNING: Shader If subshaders removal was intentional, you may have forgotten turning Fallback off?
WARNING: Shader Unsupported: 'Toon/Basic Outline' - All subshaders removed
WARNING: Shader Did you use #pragma only_renderers and omit this platform?
WARNING: Shader If subshaders removal was intentional, you may have forgotten turning Fallback off?
WARNING: Shader Unsupported: 'Toon/Basic Outline' - All subshaders removed
WARNING: Shader Did you use #pragma only_renderers and omit this platform?
WARNING: Shader If subshaders removal was intentional, you may have forgotten turning Fallback off?
Refreshing native plugins compatible for Editor in 6.23 ms, found 2 plugins.
Preloading 0 native plugins for Editor in 0.00 ms.
Unloading 31 Unused Serialized files (Serialized files now loaded: 0)
Unloading 7370 unused Assets / (8.6 MB). Loaded Objects now: 8433.
Memory consumption went from 201.1 MB to 192.5 MB.
Total: 19.129800 ms (FindLiveObjects: 1.023100 ms CreateObjectMapping: 1.591400 ms MarkObjects: 11.632500 ms  DeleteObjects: 4.881800 ms)

Prepare: number of updated asset objects reloaded= 0
========================================================================
Received Prepare
Begin MonoManager ReloadAssembly
ADTM: Control thread waiting for realtime thread timed out, have to lock...
Symbol file LoadedFromMemory is not a mono symbol file
- Loaded All Assemblies, in  2.136 seconds
Script 'RotationConstraint' has the same name as built-in Unity component.
AddComponent and GetComponent will not work with this script.
Refreshing native plugins compatible for Editor in 6.02 ms, found 2 plugins.
Native extension for WindowsStandalone target not found
Native extension for WebGL target not found
[Package Manager] Failed to launch server process. Reason: Unity was launched with the -noUpm command-line argument
[Package Manager] Unable to send message (not connected to server process).
[Package Manager] Cannot connect to Unity Package Manager local server
ScheduleIndexationOnStartup MainProcess:False IndexOnStartup:True
ForwardRenderer is missing RendererFeatures
This could be due to missing scripts or compile error.
UnityEngine.Debug:ExtractStackTraceNoAlloc (byte*,int,string)
UnityEngine.StackTraceUtility:ExtractStackTrace ()
UnityEngine.DebugLogHandler:Internal_Log (UnityEngine.LogType,UnityEngine.LogOption,string,UnityEngine.Object)
UnityEngine.DebugLogHandler:LogFormat (UnityEngine.LogType,UnityEngine.Object,string,object[])
UnityEngine.Logger:Log (UnityEngine.LogType,object,UnityEngine.Object)
UnityEngine.Debug:LogError (object,UnityEngine.Object)
UnityEngine.Rendering.Universal.ScriptableRendererData:ValidateRendererFeatures () (at ./Library/PackageCache/com.unity.render-pipelines.universal@7327e77c1cc2/Runtime/ScriptableRendererData.cs:193)
UnityEngine.Rendering.Universal.ScriptableRendererData:OnValidate () (at ./Library/PackageCache/com.unity.render-pipelines.universal@7327e77c1cc2/Runtime/ScriptableRendererData.cs:81)

(Filename: ./Library/PackageCache/com.unity.render-pipelines.universal@7327e77c1cc2/Runtime/ScriptableRendererData.cs Line: 193)

Mono: successfully reloaded assembly
- Finished resetting the current domain, in  1.241 seconds
Domain Reload Profiling: 3377ms
	BeginReloadAssembly (1277ms)
		ExecutionOrderSort (0ms)
		DisableScriptedObjects (10ms)
		BackupInstance (0ms)
		ReleaseScriptingObjects (0ms)
		CreateAndSetChildDomain (1067ms)
	RebuildCommonClasses (51ms)
	RebuildNativeTypeToScriptingClass (20ms)
	initialDomainReloadingComplete (43ms)
	LoadAllAssembliesAndSetupDomain (745ms)
		LoadAssemblies (486ms)
		RebuildTransferFunctionScriptingTraits (0ms)
		AnalyzeDomain (382ms)
			TypeCache.Refresh (17ms)
				TypeCache.ScanAssembly (3ms)
			BuildScriptInfoCaches (339ms)
			ResolveRequiredComponents (18ms)
	FinalizeReload (1241ms)
		ReleaseScriptCaches (0ms)
		RebuildScriptCaches (0ms)
		SetupLoadedEditorAssemblies (997ms)
			LogAssemblyErrors (0ms)
			InitializePlatformSupportModulesInManaged (3ms)
			SetLoadedEditorAssemblies (5ms)
			BeforeProcessingInitializeOnLoad (200ms)
			ProcessInitializeOnLoadAttributes (469ms)
			ProcessInitializeOnLoadMethodAttributes (308ms)
			AfterProcessingInitializeOnLoad (11ms)
			EditorAssembliesLoaded (1ms)
		ExecutionOrderSort2 (0ms)
		AwakeInstancesAfterBackupRestoration (27ms)
WARNING: Shader Unsupported: 'Toon/Lit Outline' - All subshaders removed
WARNING: Shader Did you use #pragma only_renderers and omit this platform?
WARNING: Shader If subshaders removal was intentional, you may have forgotten turning Fallback off?
WARNING: Shader Unsupported: 'Toon/Lit Outline' - All subshaders removed
WARNING: Shader Did you use #pragma only_renderers and omit this platform?
WARNING: Shader If subshaders removal was intentional, you may have forgotten turning Fallback off?
WARNING: Shader Unsupported: 'Toon/Basic Outline' - All subshaders removed
WARNING: Shader Did you use #pragma only_renderers and omit this platform?
WARNING: Shader If subshaders removal was intentional, you may have forgotten turning Fallback off?
WARNING: Shader Unsupported: 'Toon/Basic Outline' - All subshaders removed
WARNING: Shader Did you use #pragma only_renderers and omit this platform?
WARNING: Shader If subshaders removal was intentional, you may have forgotten turning Fallback off?
Refreshing native plugins compatible for Editor in 6.27 ms, found 2 plugins.
Preloading 0 native plugins for Editor in 0.00 ms.
Unloading 31 Unused Serialized files (Serialized files now loaded: 0)
Unloading 7370 unused Assets / (8.5 MB). Loaded Objects now: 8436.
Memory consumption went from 201.1 MB to 192.6 MB.
Total: 18.811500 ms (FindLiveObjects: 1.020900 ms CreateObjectMapping: 1.632200 ms MarkObjects: 11.525400 ms  DeleteObjects: 4.631900 ms)

Prepare: number of updated asset objects reloaded= 0
========================================================================
Received Prepare
Begin MonoManager ReloadAssembly
[Licensing::Client] Successfully resolved entitlement details
[Licensing::Module] License group:
  Id: F4-Y6KC-25T9-KMKK-443G-XXXX
  Product: Unity Personal
  Type: ULF
  Expiration: Unlimited
[Licensing::Module] License group:
  Id: 350106-UnityPersXXXX
  Product: Unity Personal
  Type: Assigned
  Expiration: Unlimited
ADTM: Control thread waiting for realtime thread timed out, have to lock...
Symbol file LoadedFromMemory is not a mono symbol file
- Loaded All Assemblies, in  2.105 seconds
Script 'RotationConstraint' has the same name as built-in Unity component.
AddComponent and GetComponent will not work with this script.
Refreshing native plugins compatible for Editor in 7.43 ms, found 2 plugins.
Native extension for WindowsStandalone target not found
Native extension for WebGL target not found
[Package Manager] Failed to launch server process. Reason: Unity was launched with the -noUpm command-line argument
[Package Manager] Unable to send message (not connected to server process).
[Package Manager] Cannot connect to Unity Package Manager local server
ScheduleIndexationOnStartup MainProcess:False IndexOnStartup:True
ForwardRenderer is missing RendererFeatures
This could be due to missing scripts or compile error.
UnityEngine.Debug:ExtractStackTraceNoAlloc (byte*,int,string)
UnityEngine.StackTraceUtility:ExtractStackTrace ()
UnityEngine.DebugLogHandler:Internal_Log (UnityEngine.LogType,UnityEngine.LogOption,string,UnityEngine.Object)
UnityEngine.DebugLogHandler:LogFormat (UnityEngine.LogType,UnityEngine.Object,string,object[])
UnityEngine.Logger:Log (UnityEngine.LogType,object,UnityEngine.Object)
UnityEngine.Debug:LogError (object,UnityEngine.Object)
UnityEngine.Rendering.Universal.ScriptableRendererData:ValidateRendererFeatures () (at ./Library/PackageCache/com.unity.render-pipelines.universal@7327e77c1cc2/Runtime/ScriptableRendererData.cs:193)
UnityEngine.Rendering.Universal.ScriptableRendererData:OnValidate () (at ./Library/PackageCache/com.unity.render-pipelines.universal@7327e77c1cc2/Runtime/ScriptableRendererData.cs:81)

(Filename: ./Library/PackageCache/com.unity.render-pipelines.universal@7327e77c1cc2/Runtime/ScriptableRendererData.cs Line: 193)

Mono: successfully reloaded assembly
- Finished resetting the current domain, in  1.274 seconds
Domain Reload Profiling: 3380ms
	BeginReloadAssembly (1277ms)
		ExecutionOrderSort (0ms)
		DisableScriptedObjects (10ms)
		BackupInstance (0ms)
		ReleaseScriptingObjects (0ms)
		CreateAndSetChildDomain (1068ms)
	RebuildCommonClasses (54ms)
	RebuildNativeTypeToScriptingClass (21ms)
	initialDomainReloadingComplete (44ms)
	LoadAllAssembliesAndSetupDomain (708ms)
		LoadAssemblies (467ms)
		RebuildTransferFunctionScriptingTraits (0ms)
		AnalyzeDomain (364ms)
			TypeCache.Refresh (16ms)
				TypeCache.ScanAssembly (2ms)
			BuildScriptInfoCaches (323ms)
			ResolveRequiredComponents (18ms)
	FinalizeReload (1275ms)
		ReleaseScriptCaches (0ms)
		RebuildScriptCaches (0ms)
		SetupLoadedEditorAssemblies (1027ms)
			LogAssemblyErrors (0ms)
			InitializePlatformSupportModulesInManaged (3ms)
			SetLoadedEditorAssemblies (4ms)
			BeforeProcessingInitializeOnLoad (196ms)
			ProcessInitializeOnLoadAttributes (501ms)
			ProcessInitializeOnLoadMethodAttributes (312ms)
			AfterProcessingInitializeOnLoad (10ms)
			EditorAssembliesLoaded (1ms)
		ExecutionOrderSort2 (0ms)
		AwakeInstancesAfterBackupRestoration (26ms)
WARNING: Shader Unsupported: 'Toon/Lit Outline' - All subshaders removed
WARNING: Shader Did you use #pragma only_renderers and omit this platform?
WARNING: Shader If subshaders removal was intentional, you may have forgotten turning Fallback off?
WARNING: Shader Unsupported: 'Toon/Lit Outline' - All subshaders removed
WARNING: Shader Did you use #pragma only_renderers and omit this platform?
WARNING: Shader If subshaders removal was intentional, you may have forgotten turning Fallback off?
WARNING: Shader Unsupported: 'Toon/Basic Outline' - All subshaders removed
WARNING: Shader Did you use #pragma only_renderers and omit this platform?
WARNING: Shader If subshaders removal was intentional, you may have forgotten turning Fallback off?
WARNING: Shader Unsupported: 'Toon/Basic Outline' - All subshaders removed
WARNING: Shader Did you use #pragma only_renderers and omit this platform?
WARNING: Shader If subshaders removal was intentional, you may have forgotten turning Fallback off?
Refreshing native plugins compatible for Editor in 5.85 ms, found 2 plugins.
Preloading 0 native plugins for Editor in 0.00 ms.
Unloading 31 Unused Serialized files (Serialized files now loaded: 0)
Unloading 7370 unused Assets / (8.4 MB). Loaded Objects now: 8439.
Memory consumption went from 201.2 MB to 192.8 MB.
Total: 18.809900 ms (FindLiveObjects: 1.118900 ms CreateObjectMapping: 1.899800 ms MarkObjects: 11.369000 ms  DeleteObjects: 4.421300 ms)

Prepare: number of updated asset objects reloaded= 0
========================================================================
Received Prepare
Begin MonoManager ReloadAssembly
ADTM: Control thread waiting for realtime thread timed out, have to lock...
Symbol file LoadedFromMemory is not a mono symbol file
- Loaded All Assemblies, in  2.083 seconds
Script 'RotationConstraint' has the same name as built-in Unity component.
AddComponent and GetComponent will not work with this script.
Refreshing native plugins compatible for Editor in 6.94 ms, found 2 plugins.
Native extension for WindowsStandalone target not found
Native extension for WebGL target not found
[Package Manager] Failed to launch server process. Reason: Unity was launched with the -noUpm command-line argument
[Package Manager] Unable to send message (not connected to server process).
[Package Manager] Cannot connect to Unity Package Manager local server
ScheduleIndexationOnStartup MainProcess:False IndexOnStartup:True
ForwardRenderer is missing RendererFeatures
This could be due to missing scripts or compile error.
UnityEngine.Debug:ExtractStackTraceNoAlloc (byte*,int,string)
UnityEngine.StackTraceUtility:ExtractStackTrace ()
UnityEngine.DebugLogHandler:Internal_Log (UnityEngine.LogType,UnityEngine.LogOption,string,UnityEngine.Object)
UnityEngine.DebugLogHandler:LogFormat (UnityEngine.LogType,UnityEngine.Object,string,object[])
UnityEngine.Logger:Log (UnityEngine.LogType,object,UnityEngine.Object)
UnityEngine.Debug:LogError (object,UnityEngine.Object)
UnityEngine.Rendering.Universal.ScriptableRendererData:ValidateRendererFeatures () (at ./Library/PackageCache/com.unity.render-pipelines.universal@7327e77c1cc2/Runtime/ScriptableRendererData.cs:193)
UnityEngine.Rendering.Universal.ScriptableRendererData:OnValidate () (at ./Library/PackageCache/com.unity.render-pipelines.universal@7327e77c1cc2/Runtime/ScriptableRendererData.cs:81)

(Filename: ./Library/PackageCache/com.unity.render-pipelines.universal@7327e77c1cc2/Runtime/ScriptableRendererData.cs Line: 193)

Mono: successfully reloaded assembly
- Finished resetting the current domain, in  1.615 seconds
Domain Reload Profiling: 3697ms
	BeginReloadAssembly (1280ms)
		ExecutionOrderSort (0ms)
		DisableScriptedObjects (9ms)
		BackupInstance (0ms)
		ReleaseScriptingObjects (0ms)
		CreateAndSetChildDomain (1068ms)
	RebuildCommonClasses (57ms)
	RebuildNativeTypeToScriptingClass (22ms)
	initialDomainReloadingComplete (44ms)
	LoadAllAssembliesAndSetupDomain (680ms)
		LoadAssemblies (461ms)
		RebuildTransferFunctionScriptingTraits (0ms)
		AnalyzeDomain (346ms)
			TypeCache.Refresh (10ms)
				TypeCache.ScanAssembly (0ms)
			BuildScriptInfoCaches (309ms)
			ResolveRequiredComponents (19ms)
	FinalizeReload (1615ms)
		ReleaseScriptCaches (0ms)
		RebuildScriptCaches (0ms)
		SetupLoadedEditorAssemblies (1331ms)
			LogAssemblyErrors (0ms)
			InitializePlatformSupportModulesInManaged (3ms)
			SetLoadedEditorAssemblies (5ms)
			BeforeProcessingInitializeOnLoad (225ms)
			ProcessInitializeOnLoadAttributes (643ms)
			ProcessInitializeOnLoadMethodAttributes (440ms)
			AfterProcessingInitializeOnLoad (13ms)
			EditorAssembliesLoaded (1ms)
		ExecutionOrderSort2 (0ms)
		AwakeInstancesAfterBackupRestoration (35ms)
WARNING: Shader Unsupported: 'Toon/Lit Outline' - All subshaders removed
WARNING: Shader Did you use #pragma only_renderers and omit this platform?
WARNING: Shader If subshaders removal was intentional, you may have forgotten turning Fallback off?
WARNING: Shader Unsupported: 'Toon/Lit Outline' - All subshaders removed
WARNING: Shader Did you use #pragma only_renderers and omit this platform?
WARNING: Shader If subshaders removal was intentional, you may have forgotten turning Fallback off?
WARNING: Shader Unsupported: 'Toon/Basic Outline' - All subshaders removed
WARNING: Shader Did you use #pragma only_renderers and omit this platform?
WARNING: Shader If subshaders removal was intentional, you may have forgotten turning Fallback off?
WARNING: Shader Unsupported: 'Toon/Basic Outline' - All subshaders removed
WARNING: Shader Did you use #pragma only_renderers and omit this platform?
WARNING: Shader If subshaders removal was intentional, you may have forgotten turning Fallback off?
Refreshing native plugins compatible for Editor in 6.85 ms, found 2 plugins.
Preloading 0 native plugins for Editor in 0.00 ms.
Unloading 31 Unused Serialized files (Serialized files now loaded: 0)
Unloading 7370 unused Assets / (8.7 MB). Loaded Objects now: 8442.
Memory consumption went from 201.2 MB to 192.6 MB.
Total: 20.328600 ms (FindLiveObjects: 1.033300 ms CreateObjectMapping: 1.898100 ms MarkObjects: 12.395400 ms  DeleteObjects: 5.000500 ms)

Prepare: number of updated asset objects reloaded= 0
========================================================================
Received Prepare
Begin MonoManager ReloadAssembly
ADTM: Control thread waiting for realtime thread timed out, have to lock...
Symbol file LoadedFromMemory is not a mono symbol file
- Loaded All Assemblies, in  2.096 seconds
Script 'RotationConstraint' has the same name as built-in Unity component.
AddComponent and GetComponent will not work with this script.
Refreshing native plugins compatible for Editor in 6.91 ms, found 2 plugins.
Native extension for WindowsStandalone target not found
Native extension for WebGL target not found
[Package Manager] Failed to launch server process. Reason: Unity was launched with the -noUpm command-line argument
[Package Manager] Unable to send message (not connected to server process).
[Package Manager] Cannot connect to Unity Package Manager local server
ScheduleIndexationOnStartup MainProcess:False IndexOnStartup:True
ForwardRenderer is missing RendererFeatures
This could be due to missing scripts or compile error.
UnityEngine.Debug:ExtractStackTraceNoAlloc (byte*,int,string)
UnityEngine.StackTraceUtility:ExtractStackTrace ()
UnityEngine.DebugLogHandler:Internal_Log (UnityEngine.LogType,UnityEngine.LogOption,string,UnityEngine.Object)
UnityEngine.DebugLogHandler:LogFormat (UnityEngine.LogType,UnityEngine.Object,string,object[])
UnityEngine.Logger:Log (UnityEngine.LogType,object,UnityEngine.Object)
UnityEngine.Debug:LogError (object,UnityEngine.Object)
UnityEngine.Rendering.Universal.ScriptableRendererData:ValidateRendererFeatures () (at ./Library/PackageCache/com.unity.render-pipelines.universal@7327e77c1cc2/Runtime/ScriptableRendererData.cs:193)
UnityEngine.Rendering.Universal.ScriptableRendererData:OnValidate () (at ./Library/PackageCache/com.unity.render-pipelines.universal@7327e77c1cc2/Runtime/ScriptableRendererData.cs:81)

(Filename: ./Library/PackageCache/com.unity.render-pipelines.universal@7327e77c1cc2/Runtime/ScriptableRendererData.cs Line: 193)

Mono: successfully reloaded assembly
- Finished resetting the current domain, in  2.144 seconds
Domain Reload Profiling: 4241ms
	BeginReloadAssembly (1287ms)
		ExecutionOrderSort (0ms)
		DisableScriptedObjects (10ms)
		BackupInstance (0ms)
		ReleaseScriptingObjects (0ms)
		CreateAndSetChildDomain (1073ms)
	RebuildCommonClasses (55ms)
	RebuildNativeTypeToScriptingClass (21ms)
	initialDomainReloadingComplete (45ms)
	LoadAllAssembliesAndSetupDomain (688ms)
		LoadAssemblies (465ms)
		RebuildTransferFunctionScriptingTraits (0ms)
		AnalyzeDomain (350ms)
			TypeCache.Refresh (9ms)
				TypeCache.ScanAssembly (0ms)
			BuildScriptInfoCaches (316ms)
			ResolveRequiredComponents (18ms)
	FinalizeReload (2145ms)
		ReleaseScriptCaches (0ms)
		RebuildScriptCaches (0ms)
		SetupLoadedEditorAssemblies (1732ms)
			LogAssemblyErrors (0ms)
			InitializePlatformSupportModulesInManaged (7ms)
			SetLoadedEditorAssemblies (14ms)
			BeforeProcessingInitializeOnLoad (490ms)
			ProcessInitializeOnLoadAttributes (824ms)
			ProcessInitializeOnLoadMethodAttributes (382ms)
			AfterProcessingInitializeOnLoad (13ms)
			EditorAssembliesLoaded (1ms)
		ExecutionOrderSort2 (0ms)
		AwakeInstancesAfterBackupRestoration (29ms)
WARNING: Shader Unsupported: 'Toon/Lit Outline' - All subshaders removed
WARNING: Shader Did you use #pragma only_renderers and omit this platform?
WARNING: Shader If subshaders removal was intentional, you may have forgotten turning Fallback off?
WARNING: Shader Unsupported: 'Toon/Lit Outline' - All subshaders removed
WARNING: Shader Did you use #pragma only_renderers and omit this platform?
WARNING: Shader If subshaders removal was intentional, you may have forgotten turning Fallback off?
WARNING: Shader Unsupported: 'Toon/Basic Outline' - All subshaders removed
WARNING: Shader Did you use #pragma only_renderers and omit this platform?
WARNING: Shader If subshaders removal was intentional, you may have forgotten turning Fallback off?
WARNING: Shader Unsupported: 'Toon/Basic Outline' - All subshaders removed
WARNING: Shader Did you use #pragma only_renderers and omit this platform?
WARNING: Shader If subshaders removal was intentional, you may have forgotten turning Fallback off?
Refreshing native plugins compatible for Editor in 6.41 ms, found 2 plugins.
Preloading 0 native plugins for Editor in 0.00 ms.
Unloading 31 Unused Serialized files (Serialized files now loaded: 0)
Unloading 7370 unused Assets / (8.6 MB). Loaded Objects now: 8445.
Memory consumption went from 201.3 MB to 192.7 MB.
Total: 20.500600 ms (FindLiveObjects: 1.073700 ms CreateObjectMapping: 1.945200 ms MarkObjects: 12.496100 ms  DeleteObjects: 4.984500 ms)

Prepare: number of updated asset objects reloaded= 0
========================================================================
Received Prepare
Begin MonoManager ReloadAssembly
[Licensing::Client] Successfully resolved entitlement details
[Licensing::Module] License group:
  Id: F4-Y6KC-25T9-KMKK-443G-XXXX
  Product: Unity Personal
  Type: ULF
  Expiration: Unlimited
[Licensing::Module] License group:
  Id: 350106-UnityPersXXXX
  Product: Unity Personal
  Type: Assigned
  Expiration: Unlimited
ADTM: Control thread waiting for realtime thread timed out, have to lock...
Symbol file LoadedFromMemory is not a mono symbol file
- Loaded All Assemblies, in  2.104 seconds
Script 'RotationConstraint' has the same name as built-in Unity component.
AddComponent and GetComponent will not work with this script.
Refreshing native plugins compatible for Editor in 6.39 ms, found 2 plugins.
Native extension for WindowsStandalone target not found
Native extension for WebGL target not found
[Package Manager] Failed to launch server process. Reason: Unity was launched with the -noUpm command-line argument
[Package Manager] Unable to send message (not connected to server process).
[Package Manager] Cannot connect to Unity Package Manager local server
ScheduleIndexationOnStartup MainProcess:False IndexOnStartup:True
ForwardRenderer is missing RendererFeatures
This could be due to missing scripts or compile error.
UnityEngine.Debug:ExtractStackTraceNoAlloc (byte*,int,string)
UnityEngine.StackTraceUtility:ExtractStackTrace ()
UnityEngine.DebugLogHandler:Internal_Log (UnityEngine.LogType,UnityEngine.LogOption,string,UnityEngine.Object)
UnityEngine.DebugLogHandler:LogFormat (UnityEngine.LogType,UnityEngine.Object,string,object[])
UnityEngine.Logger:Log (UnityEngine.LogType,object,UnityEngine.Object)
UnityEngine.Debug:LogError (object,UnityEngine.Object)
UnityEngine.Rendering.Universal.ScriptableRendererData:ValidateRendererFeatures () (at ./Library/PackageCache/com.unity.render-pipelines.universal@7327e77c1cc2/Runtime/ScriptableRendererData.cs:193)
UnityEngine.Rendering.Universal.ScriptableRendererData:OnValidate () (at ./Library/PackageCache/com.unity.render-pipelines.universal@7327e77c1cc2/Runtime/ScriptableRendererData.cs:81)

(Filename: ./Library/PackageCache/com.unity.render-pipelines.universal@7327e77c1cc2/Runtime/ScriptableRendererData.cs Line: 193)

Mono: successfully reloaded assembly
- Finished resetting the current domain, in  1.223 seconds
Domain Reload Profiling: 3329ms
	BeginReloadAssembly (1289ms)
		ExecutionOrderSort (0ms)
		DisableScriptedObjects (12ms)
		BackupInstance (0ms)
		ReleaseScriptingObjects (0ms)
		CreateAndSetChildDomain (1075ms)
	RebuildCommonClasses (51ms)
	RebuildNativeTypeToScriptingClass (21ms)
	initialDomainReloadingComplete (43ms)
	LoadAllAssembliesAndSetupDomain (700ms)
		LoadAssemblies (469ms)
		RebuildTransferFunctionScriptingTraits (0ms)
		AnalyzeDomain (354ms)
			TypeCache.Refresh (16ms)
				TypeCache.ScanAssembly (3ms)
			BuildScriptInfoCaches (311ms)
			ResolveRequiredComponents (19ms)
	FinalizeReload (1224ms)
		ReleaseScriptCaches (0ms)
		RebuildScriptCaches (0ms)
		SetupLoadedEditorAssemblies (997ms)
			LogAssemblyErrors (0ms)
			InitializePlatformSupportModulesInManaged (3ms)
			SetLoadedEditorAssemblies (5ms)
			BeforeProcessingInitializeOnLoad (188ms)
			ProcessInitializeOnLoadAttributes (465ms)
			ProcessInitializeOnLoadMethodAttributes (325ms)
			AfterProcessingInitializeOnLoad (10ms)
			EditorAssembliesLoaded (0ms)
		ExecutionOrderSort2 (0ms)
		AwakeInstancesAfterBackupRestoration (26ms)
WARNING: Shader Unsupported: 'Toon/Lit Outline' - All subshaders removed
WARNING: Shader Did you use #pragma only_renderers and omit this platform?
WARNING: Shader If subshaders removal was intentional, you may have forgotten turning Fallback off?
WARNING: Shader Unsupported: 'Toon/Lit Outline' - All subshaders removed
WARNING: Shader Did you use #pragma only_renderers and omit this platform?
WARNING: Shader If subshaders removal was intentional, you may have forgotten turning Fallback off?
WARNING: Shader Unsupported: 'Toon/Basic Outline' - All subshaders removed
WARNING: Shader Did you use #pragma only_renderers and omit this platform?
WARNING: Shader If subshaders removal was intentional, you may have forgotten turning Fallback off?
WARNING: Shader Unsupported: 'Toon/Basic Outline' - All subshaders removed
WARNING: Shader Did you use #pragma only_renderers and omit this platform?
WARNING: Shader If subshaders removal was intentional, you may have forgotten turning Fallback off?
Refreshing native plugins compatible for Editor in 6.05 ms, found 2 plugins.
Preloading 0 native plugins for Editor in 0.00 ms.
Unloading 31 Unused Serialized files (Serialized files now loaded: 0)
Unloading 7370 unused Assets / (8.5 MB). Loaded Objects now: 8448.
Memory consumption went from 201.3 MB to 192.8 MB.
Total: 18.906500 ms (FindLiveObjects: 1.041000 ms CreateObjectMapping: 1.715400 ms MarkObjects: 11.684700 ms  DeleteObjects: 4.463700 ms)

Prepare: number of updated asset objects reloaded= 0
========================================================================
Received Prepare
Begin MonoManager ReloadAssembly
ADTM: Control thread waiting for realtime thread timed out, have to lock...
Symbol file LoadedFromMemory is not a mono symbol file
- Loaded All Assemblies, in  2.072 seconds
Script 'RotationConstraint' has the same name as built-in Unity component.
AddComponent and GetComponent will not work with this script.
Refreshing native plugins compatible for Editor in 6.92 ms, found 2 plugins.
Native extension for WindowsStandalone target not found
Native extension for WebGL target not found
[Package Manager] Failed to launch server process. Reason: Unity was launched with the -noUpm command-line argument
[Package Manager] Unable to send message (not connected to server process).
[Package Manager] Cannot connect to Unity Package Manager local server
ScheduleIndexationOnStartup MainProcess:False IndexOnStartup:True
ForwardRenderer is missing RendererFeatures
This could be due to missing scripts or compile error.
UnityEngine.Debug:ExtractStackTraceNoAlloc (byte*,int,string)
UnityEngine.StackTraceUtility:ExtractStackTrace ()
UnityEngine.DebugLogHandler:Internal_Log (UnityEngine.LogType,UnityEngine.LogOption,string,UnityEngine.Object)
UnityEngine.DebugLogHandler:LogFormat (UnityEngine.LogType,UnityEngine.Object,string,object[])
UnityEngine.Logger:Log (UnityEngine.LogType,object,UnityEngine.Object)
UnityEngine.Debug:LogError (object,UnityEngine.Object)
UnityEngine.Rendering.Universal.ScriptableRendererData:ValidateRendererFeatures () (at ./Library/PackageCache/com.unity.render-pipelines.universal@7327e77c1cc2/Runtime/ScriptableRendererData.cs:193)
UnityEngine.Rendering.Universal.ScriptableRendererData:OnValidate () (at ./Library/PackageCache/com.unity.render-pipelines.universal@7327e77c1cc2/Runtime/ScriptableRendererData.cs:81)

(Filename: ./Library/PackageCache/com.unity.render-pipelines.universal@7327e77c1cc2/Runtime/ScriptableRendererData.cs Line: 193)

Mono: successfully reloaded assembly
- Finished resetting the current domain, in  1.567 seconds
Domain Reload Profiling: 3639ms
	BeginReloadAssembly (1280ms)
		ExecutionOrderSort (0ms)
		DisableScriptedObjects (10ms)
		BackupInstance (0ms)
		ReleaseScriptingObjects (0ms)
		CreateAndSetChildDomain (1069ms)
	RebuildCommonClasses (54ms)
	RebuildNativeTypeToScriptingClass (20ms)
	initialDomainReloadingComplete (42ms)
	LoadAllAssembliesAndSetupDomain (675ms)
		LoadAssemblies (457ms)
		RebuildTransferFunctionScriptingTraits (0ms)
		AnalyzeDomain (343ms)
			TypeCache.Refresh (9ms)
				TypeCache.ScanAssembly (0ms)
			BuildScriptInfoCaches (309ms)
			ResolveRequiredComponents (18ms)
	FinalizeReload (1568ms)
		ReleaseScriptCaches (0ms)
		RebuildScriptCaches (0ms)
		SetupLoadedEditorAssemblies (1221ms)
			LogAssemblyErrors (0ms)
			InitializePlatformSupportModulesInManaged (3ms)
			SetLoadedEditorAssemblies (6ms)
			BeforeProcessingInitializeOnLoad (286ms)
			ProcessInitializeOnLoadAttributes (567ms)
			ProcessInitializeOnLoadMethodAttributes (346ms)
			AfterProcessingInitializeOnLoad (12ms)
			EditorAssembliesLoaded (1ms)
		ExecutionOrderSort2 (0ms)
		AwakeInstancesAfterBackupRestoration (31ms)
WARNING: Shader Unsupported: 'Toon/Lit Outline' - All subshaders removed
WARNING: Shader Did you use #pragma only_renderers and omit this platform?
WARNING: Shader If subshaders removal was intentional, you may have forgotten turning Fallback off?
WARNING: Shader Unsupported: 'Toon/Lit Outline' - All subshaders removed
WARNING: Shader Did you use #pragma only_renderers and omit this platform?
WARNING: Shader If subshaders removal was intentional, you may have forgotten turning Fallback off?
WARNING: Shader Unsupported: 'Toon/Basic Outline' - All subshaders removed
WARNING: Shader Did you use #pragma only_renderers and omit this platform?
WARNING: Shader If subshaders removal was intentional, you may have forgotten turning Fallback off?
WARNING: Shader Unsupported: 'Toon/Basic Outline' - All subshaders removed
WARNING: Shader Did you use #pragma only_renderers and omit this platform?
WARNING: Shader If subshaders removal was intentional, you may have forgotten turning Fallback off?
Refreshing native plugins compatible for Editor in 6.67 ms, found 2 plugins.
Preloading 0 native plugins for Editor in 0.00 ms.
Unloading 31 Unused Serialized files (Serialized files now loaded: 0)
Unloading 7370 unused Assets / (8.7 MB). Loaded Objects now: 8451.
Memory consumption went from 201.4 MB to 192.7 MB.
Total: 20.259700 ms (FindLiveObjects: 1.262100 ms CreateObjectMapping: 1.899000 ms MarkObjects: 12.078400 ms  DeleteObjects: 5.018700 ms)

Prepare: number of updated asset objects reloaded= 0
========================================================================
Received Prepare
Begin MonoManager ReloadAssembly
ADTM: Control thread waiting for realtime thread timed out, have to lock...
Symbol file LoadedFromMemory is not a mono symbol file
- Loaded All Assemblies, in  2.081 seconds
Script 'RotationConstraint' has the same name as built-in Unity component.
AddComponent and GetComponent will not work with this script.
Refreshing native plugins compatible for Editor in 8.25 ms, found 2 plugins.
Native extension for WindowsStandalone target not found
Native extension for WebGL target not found
[Package Manager] Failed to launch server process. Reason: Unity was launched with the -noUpm command-line argument
[Package Manager] Unable to send message (not connected to server process).
[Package Manager] Cannot connect to Unity Package Manager local server
ScheduleIndexationOnStartup MainProcess:False IndexOnStartup:True
ForwardRenderer is missing RendererFeatures
This could be due to missing scripts or compile error.
UnityEngine.Debug:ExtractStackTraceNoAlloc (byte*,int,string)
UnityEngine.StackTraceUtility:ExtractStackTrace ()
UnityEngine.DebugLogHandler:Internal_Log (UnityEngine.LogType,UnityEngine.LogOption,string,UnityEngine.Object)
UnityEngine.DebugLogHandler:LogFormat (UnityEngine.LogType,UnityEngine.Object,string,object[])
UnityEngine.Logger:Log (UnityEngine.LogType,object,UnityEngine.Object)
UnityEngine.Debug:LogError (object,UnityEngine.Object)
UnityEngine.Rendering.Universal.ScriptableRendererData:ValidateRendererFeatures () (at ./Library/PackageCache/com.unity.render-pipelines.universal@7327e77c1cc2/Runtime/ScriptableRendererData.cs:193)
UnityEngine.Rendering.Universal.ScriptableRendererData:OnValidate () (at ./Library/PackageCache/com.unity.render-pipelines.universal@7327e77c1cc2/Runtime/ScriptableRendererData.cs:81)

(Filename: ./Library/PackageCache/com.unity.render-pipelines.universal@7327e77c1cc2/Runtime/ScriptableRendererData.cs Line: 193)

Mono: successfully reloaded assembly
- Finished resetting the current domain, in  1.658 seconds
Domain Reload Profiling: 3739ms
	BeginReloadAssembly (1276ms)
		ExecutionOrderSort (0ms)
		DisableScriptedObjects (10ms)
		BackupInstance (0ms)
		ReleaseScriptingObjects (0ms)
		CreateAndSetChildDomain (1069ms)
	RebuildCommonClasses (54ms)
	RebuildNativeTypeToScriptingClass (21ms)
	initialDomainReloadingComplete (44ms)
	LoadAllAssembliesAndSetupDomain (687ms)
		LoadAssemblies (464ms)
		RebuildTransferFunctionScriptingTraits (0ms)
		AnalyzeDomain (346ms)
			TypeCache.Refresh (9ms)
				TypeCache.ScanAssembly (0ms)
			BuildScriptInfoCaches (311ms)
			ResolveRequiredComponents (18ms)
	FinalizeReload (1659ms)
		ReleaseScriptCaches (0ms)
		RebuildScriptCaches (0ms)
		SetupLoadedEditorAssemblies (1346ms)
			LogAssemblyErrors (0ms)
			InitializePlatformSupportModulesInManaged (5ms)
			SetLoadedEditorAssemblies (5ms)
			BeforeProcessingInitializeOnLoad (362ms)
			ProcessInitializeOnLoadAttributes (613ms)
			ProcessInitializeOnLoadMethodAttributes (348ms)
			AfterProcessingInitializeOnLoad (12ms)
			EditorAssembliesLoaded (1ms)
		ExecutionOrderSort2 (0ms)
		AwakeInstancesAfterBackupRestoration (30ms)
WARNING: Shader Unsupported: 'Toon/Lit Outline' - All subshaders removed
WARNING: Shader Did you use #pragma only_renderers and omit this platform?
WARNING: Shader If subshaders removal was intentional, you may have forgotten turning Fallback off?
WARNING: Shader Unsupported: 'Toon/Lit Outline' - All subshaders removed
WARNING: Shader Did you use #pragma only_renderers and omit this platform?
WARNING: Shader If subshaders removal was intentional, you may have forgotten turning Fallback off?
WARNING: Shader Unsupported: 'Toon/Basic Outline' - All subshaders removed
WARNING: Shader Did you use #pragma only_renderers and omit this platform?
WARNING: Shader If subshaders removal was intentional, you may have forgotten turning Fallback off?
WARNING: Shader Unsupported: 'Toon/Basic Outline' - All subshaders removed
WARNING: Shader Did you use #pragma only_renderers and omit this platform?
WARNING: Shader If subshaders removal was intentional, you may have forgotten turning Fallback off?
Refreshing native plugins compatible for Editor in 6.21 ms, found 2 plugins.
Preloading 0 native plugins for Editor in 0.00 ms.
Unloading 31 Unused Serialized files (Serialized files now loaded: 0)
Unloading 7370 unused Assets / (8.4 MB). Loaded Objects now: 8454.
Memory consumption went from 201.4 MB to 193.0 MB.
Total: 18.908400 ms (FindLiveObjects: 1.025500 ms CreateObjectMapping: 1.731300 ms MarkObjects: 11.493800 ms  DeleteObjects: 4.656800 ms)

Prepare: number of updated asset objects reloaded= 0
========================================================================
Received Prepare
Begin MonoManager ReloadAssembly
[Licensing::Client] Successfully resolved entitlement details
[Licensing::Module] License group:
  Id: F4-Y6KC-25T9-KMKK-443G-XXXX
  Product: Unity Personal
  Type: ULF
  Expiration: Unlimited
[Licensing::Module] License group:
  Id: 350106-UnityPersXXXX
  Product: Unity Personal
  Type: Assigned
  Expiration: Unlimited
ADTM: Control thread waiting for realtime thread timed out, have to lock...
Symbol file LoadedFromMemory is not a mono symbol file
- Loaded All Assemblies, in  2.096 seconds
Script 'RotationConstraint' has the same name as built-in Unity component.
AddComponent and GetComponent will not work with this script.
Refreshing native plugins compatible for Editor in 6.16 ms, found 2 plugins.
Native extension for WindowsStandalone target not found
Native extension for WebGL target not found
[Package Manager] Failed to launch server process. Reason: Unity was launched with the -noUpm command-line argument
[Package Manager] Unable to send message (not connected to server process).
[Package Manager] Cannot connect to Unity Package Manager local server
ScheduleIndexationOnStartup MainProcess:False IndexOnStartup:True
ForwardRenderer is missing RendererFeatures
This could be due to missing scripts or compile error.
UnityEngine.Debug:ExtractStackTraceNoAlloc (byte*,int,string)
UnityEngine.StackTraceUtility:ExtractStackTrace ()
UnityEngine.DebugLogHandler:Internal_Log (UnityEngine.LogType,UnityEngine.LogOption,string,UnityEngine.Object)
UnityEngine.DebugLogHandler:LogFormat (UnityEngine.LogType,UnityEngine.Object,string,object[])
UnityEngine.Logger:Log (UnityEngine.LogType,object,UnityEngine.Object)
UnityEngine.Debug:LogError (object,UnityEngine.Object)
UnityEngine.Rendering.Universal.ScriptableRendererData:ValidateRendererFeatures () (at ./Library/PackageCache/com.unity.render-pipelines.universal@7327e77c1cc2/Runtime/ScriptableRendererData.cs:193)
UnityEngine.Rendering.Universal.ScriptableRendererData:OnValidate () (at ./Library/PackageCache/com.unity.render-pipelines.universal@7327e77c1cc2/Runtime/ScriptableRendererData.cs:81)

(Filename: ./Library/PackageCache/com.unity.render-pipelines.universal@7327e77c1cc2/Runtime/ScriptableRendererData.cs Line: 193)

Mono: successfully reloaded assembly
- Finished resetting the current domain, in  1.299 seconds
Domain Reload Profiling: 3396ms
	BeginReloadAssembly (1278ms)
		ExecutionOrderSort (0ms)
		DisableScriptedObjects (11ms)
		BackupInstance (0ms)
		ReleaseScriptingObjects (0ms)
		CreateAndSetChildDomain (1066ms)
	RebuildCommonClasses (52ms)
	RebuildNativeTypeToScriptingClass (24ms)
	initialDomainReloadingComplete (45ms)
	LoadAllAssembliesAndSetupDomain (699ms)
		LoadAssemblies (466ms)
		RebuildTransferFunctionScriptingTraits (0ms)
		AnalyzeDomain (355ms)
			TypeCache.Refresh (16ms)
				TypeCache.ScanAssembly (2ms)
			BuildScriptInfoCaches (315ms)
			ResolveRequiredComponents (18ms)
	FinalizeReload (1299ms)
		ReleaseScriptCaches (0ms)
		RebuildScriptCaches (0ms)
		SetupLoadedEditorAssemblies (1061ms)
			LogAssemblyErrors (0ms)
			InitializePlatformSupportModulesInManaged (3ms)
			SetLoadedEditorAssemblies (4ms)
			BeforeProcessingInitializeOnLoad (187ms)
			ProcessInitializeOnLoadAttributes (474ms)
			ProcessInitializeOnLoadMethodAttributes (380ms)
			AfterProcessingInitializeOnLoad (11ms)
			EditorAssembliesLoaded (1ms)
		ExecutionOrderSort2 (0ms)
		AwakeInstancesAfterBackupRestoration (27ms)
WARNING: Shader Unsupported: 'Toon/Lit Outline' - All subshaders removed
WARNING: Shader Did you use #pragma only_renderers and omit this platform?
WARNING: Shader If subshaders removal was intentional, you may have forgotten turning Fallback off?
WARNING: Shader Unsupported: 'Toon/Lit Outline' - All subshaders removed
WARNING: Shader Did you use #pragma only_renderers and omit this platform?
WARNING: Shader If subshaders removal was intentional, you may have forgotten turning Fallback off?
WARNING: Shader Unsupported: 'Toon/Basic Outline' - All subshaders removed
WARNING: Shader Did you use #pragma only_renderers and omit this platform?
WARNING: Shader If subshaders removal was intentional, you may have forgotten turning Fallback off?
WARNING: Shader Unsupported: 'Toon/Basic Outline' - All subshaders removed
WARNING: Shader Did you use #pragma only_renderers and omit this platform?
WARNING: Shader If subshaders removal was intentional, you may have forgotten turning Fallback off?
Refreshing native plugins compatible for Editor in 6.32 ms, found 2 plugins.
Preloading 0 native plugins for Editor in 0.00 ms.
Unloading 31 Unused Serialized files (Serialized files now loaded: 0)
Unloading 7370 unused Assets / (8.4 MB). Loaded Objects now: 8457.
Memory consumption went from 201.5 MB to 193.0 MB.
Total: 18.720200 ms (FindLiveObjects: 1.082700 ms CreateObjectMapping: 1.655400 ms MarkObjects: 11.534800 ms  DeleteObjects: 4.446300 ms)

Prepare: number of updated asset objects reloaded= 0
========================================================================
Received Prepare
Begin MonoManager ReloadAssembly
ADTM: Control thread waiting for realtime thread timed out, have to lock...
Symbol file LoadedFromMemory is not a mono symbol file
- Loaded All Assemblies, in  2.073 seconds
Script 'RotationConstraint' has the same name as built-in Unity component.
AddComponent and GetComponent will not work with this script.
Refreshing native plugins compatible for Editor in 8.22 ms, found 2 plugins.
Native extension for WindowsStandalone target not found
Native extension for WebGL target not found
[Package Manager] Failed to launch server process. Reason: Unity was launched with the -noUpm command-line argument
[Package Manager] Unable to send message (not connected to server process).
[Package Manager] Cannot connect to Unity Package Manager local server
ScheduleIndexationOnStartup MainProcess:False IndexOnStartup:True
ForwardRenderer is missing RendererFeatures
This could be due to missing scripts or compile error.
UnityEngine.Debug:ExtractStackTraceNoAlloc (byte*,int,string)
UnityEngine.StackTraceUtility:ExtractStackTrace ()
UnityEngine.DebugLogHandler:Internal_Log (UnityEngine.LogType,UnityEngine.LogOption,string,UnityEngine.Object)
UnityEngine.DebugLogHandler:LogFormat (UnityEngine.LogType,UnityEngine.Object,string,object[])
UnityEngine.Logger:Log (UnityEngine.LogType,object,UnityEngine.Object)
UnityEngine.Debug:LogError (object,UnityEngine.Object)
UnityEngine.Rendering.Universal.ScriptableRendererData:ValidateRendererFeatures () (at ./Library/PackageCache/com.unity.render-pipelines.universal@7327e77c1cc2/Runtime/ScriptableRendererData.cs:193)
UnityEngine.Rendering.Universal.ScriptableRendererData:OnValidate () (at ./Library/PackageCache/com.unity.render-pipelines.universal@7327e77c1cc2/Runtime/ScriptableRendererData.cs:81)

(Filename: ./Library/PackageCache/com.unity.render-pipelines.universal@7327e77c1cc2/Runtime/ScriptableRendererData.cs Line: 193)

Mono: successfully reloaded assembly
- Finished resetting the current domain, in  1.555 seconds
Domain Reload Profiling: 3628ms
	BeginReloadAssembly (1275ms)
		ExecutionOrderSort (0ms)
		DisableScriptedObjects (10ms)
		BackupInstance (0ms)
		ReleaseScriptingObjects (0ms)
		CreateAndSetChildDomain (1067ms)
	RebuildCommonClasses (52ms)
	RebuildNativeTypeToScriptingClass (21ms)
	initialDomainReloadingComplete (43ms)
	LoadAllAssembliesAndSetupDomain (682ms)
		LoadAssemblies (462ms)
		RebuildTransferFunctionScriptingTraits (0ms)
		AnalyzeDomain (343ms)
			TypeCache.Refresh (10ms)
				TypeCache.ScanAssembly (0ms)
			BuildScriptInfoCaches (308ms)
			ResolveRequiredComponents (18ms)
	FinalizeReload (1555ms)
		ReleaseScriptCaches (0ms)
		RebuildScriptCaches (0ms)
		SetupLoadedEditorAssemblies (1240ms)
			LogAssemblyErrors (0ms)
			InitializePlatformSupportModulesInManaged (3ms)
			SetLoadedEditorAssemblies (6ms)
			BeforeProcessingInitializeOnLoad (277ms)
			ProcessInitializeOnLoadAttributes (608ms)
			ProcessInitializeOnLoadMethodAttributes (334ms)
			AfterProcessingInitializeOnLoad (12ms)
			EditorAssembliesLoaded (1ms)
		ExecutionOrderSort2 (0ms)
		AwakeInstancesAfterBackupRestoration (33ms)
WARNING: Shader Unsupported: 'Toon/Lit Outline' - All subshaders removed
WARNING: Shader Did you use #pragma only_renderers and omit this platform?
WARNING: Shader If subshaders removal was intentional, you may have forgotten turning Fallback off?
WARNING: Shader Unsupported: 'Toon/Lit Outline' - All subshaders removed
WARNING: Shader Did you use #pragma only_renderers and omit this platform?
WARNING: Shader If subshaders removal was intentional, you may have forgotten turning Fallback off?
WARNING: Shader Unsupported: 'Toon/Basic Outline' - All subshaders removed
WARNING: Shader Did you use #pragma only_renderers and omit this platform?
WARNING: Shader If subshaders removal was intentional, you may have forgotten turning Fallback off?
WARNING: Shader Unsupported: 'Toon/Basic Outline' - All subshaders removed
WARNING: Shader Did you use #pragma only_renderers and omit this platform?
WARNING: Shader If subshaders removal was intentional, you may have forgotten turning Fallback off?
Refreshing native plugins compatible for Editor in 6.68 ms, found 2 plugins.
Preloading 0 native plugins for Editor in 0.00 ms.
Unloading 31 Unused Serialized files (Serialized files now loaded: 0)
Unloading 7370 unused Assets / (8.7 MB). Loaded Objects now: 8460.
Memory consumption went from 201.5 MB to 192.8 MB.
Total: 21.444600 ms (FindLiveObjects: 1.103500 ms CreateObjectMapping: 2.016600 ms MarkObjects: 12.489400 ms  DeleteObjects: 5.834200 ms)

Prepare: number of updated asset objects reloaded= 0
========================================================================
Received Prepare
Begin MonoManager ReloadAssembly
[Licensing::Client] Successfully resolved entitlement details
[Licensing::Module] License group:
  Id: F4-Y6KC-25T9-KMKK-443G-XXXX
  Product: Unity Personal
  Type: ULF
  Expiration: Unlimited
[Licensing::Module] License group:
  Id: 350106-UnityPersXXXX
  Product: Unity Personal
  Type: Assigned
  Expiration: Unlimited
ADTM: Control thread waiting for realtime thread timed out, have to lock...
Symbol file LoadedFromMemory is not a mono symbol file
- Loaded All Assemblies, in  2.103 seconds
Script 'RotationConstraint' has the same name as built-in Unity component.
AddComponent and GetComponent will not work with this script.
Refreshing native plugins compatible for Editor in 10.42 ms, found 2 plugins.
Native extension for WindowsStandalone target not found
Native extension for WebGL target not found
[Package Manager] Failed to launch server process. Reason: Unity was launched with the -noUpm command-line argument
[Package Manager] Unable to send message (not connected to server process).
[Package Manager] Cannot connect to Unity Package Manager local server
ScheduleIndexationOnStartup MainProcess:False IndexOnStartup:True
ForwardRenderer is missing RendererFeatures
This could be due to missing scripts or compile error.
UnityEngine.Debug:ExtractStackTraceNoAlloc (byte*,int,string)
UnityEngine.StackTraceUtility:ExtractStackTrace ()
UnityEngine.DebugLogHandler:Internal_Log (UnityEngine.LogType,UnityEngine.LogOption,string,UnityEngine.Object)
UnityEngine.DebugLogHandler:LogFormat (UnityEngine.LogType,UnityEngine.Object,string,object[])
UnityEngine.Logger:Log (UnityEngine.LogType,object,UnityEngine.Object)
UnityEngine.Debug:LogError (object,UnityEngine.Object)
UnityEngine.Rendering.Universal.ScriptableRendererData:ValidateRendererFeatures () (at ./Library/PackageCache/com.unity.render-pipelines.universal@7327e77c1cc2/Runtime/ScriptableRendererData.cs:193)
UnityEngine.Rendering.Universal.ScriptableRendererData:OnValidate () (at ./Library/PackageCache/com.unity.render-pipelines.universal@7327e77c1cc2/Runtime/ScriptableRendererData.cs:81)

(Filename: ./Library/PackageCache/com.unity.render-pipelines.universal@7327e77c1cc2/Runtime/ScriptableRendererData.cs Line: 193)

Mono: successfully reloaded assembly
- Finished resetting the current domain, in  1.693 seconds
Domain Reload Profiling: 3799ms
	BeginReloadAssembly (1284ms)
		ExecutionOrderSort (0ms)
		DisableScriptedObjects (12ms)
		BackupInstance (0ms)
		ReleaseScriptingObjects (0ms)
		CreateAndSetChildDomain (1071ms)
	RebuildCommonClasses (51ms)
	RebuildNativeTypeToScriptingClass (23ms)
	initialDomainReloadingComplete (43ms)
	LoadAllAssembliesAndSetupDomain (702ms)
		LoadAssemblies (464ms)
		RebuildTransferFunctionScriptingTraits (0ms)
		AnalyzeDomain (361ms)
			TypeCache.Refresh (10ms)
				TypeCache.ScanAssembly (0ms)
			BuildScriptInfoCaches (323ms)
			ResolveRequiredComponents (20ms)
	FinalizeReload (1694ms)
		ReleaseScriptCaches (0ms)
		RebuildScriptCaches (0ms)
		SetupLoadedEditorAssemblies (1340ms)
			LogAssemblyErrors (0ms)
			InitializePlatformSupportModulesInManaged (5ms)
			SetLoadedEditorAssemblies (7ms)
			BeforeProcessingInitializeOnLoad (283ms)
			ProcessInitializeOnLoadAttributes (668ms)
			ProcessInitializeOnLoadMethodAttributes (363ms)
			AfterProcessingInitializeOnLoad (13ms)
			EditorAssembliesLoaded (1ms)
		ExecutionOrderSort2 (0ms)
		AwakeInstancesAfterBackupRestoration (50ms)
WARNING: Shader Unsupported: 'Toon/Lit Outline' - All subshaders removed
WARNING: Shader Did you use #pragma only_renderers and omit this platform?
WARNING: Shader If subshaders removal was intentional, you may have forgotten turning Fallback off?
WARNING: Shader Unsupported: 'Toon/Lit Outline' - All subshaders removed
WARNING: Shader Did you use #pragma only_renderers and omit this platform?
WARNING: Shader If subshaders removal was intentional, you may have forgotten turning Fallback off?
WARNING: Shader Unsupported: 'Toon/Basic Outline' - All subshaders removed
WARNING: Shader Did you use #pragma only_renderers and omit this platform?
WARNING: Shader If subshaders removal was intentional, you may have forgotten turning Fallback off?
WARNING: Shader Unsupported: 'Toon/Basic Outline' - All subshaders removed
WARNING: Shader Did you use #pragma only_renderers and omit this platform?
WARNING: Shader If subshaders removal was intentional, you may have forgotten turning Fallback off?
Refreshing native plugins compatible for Editor in 6.35 ms, found 2 plugins.
Preloading 0 native plugins for Editor in 0.00 ms.
Unloading 31 Unused Serialized files (Serialized files now loaded: 0)
Unloading 7370 unused Assets / (8.6 MB). Loaded Objects now: 8463.
Memory consumption went from 201.6 MB to 192.9 MB.
Total: 20.732500 ms (FindLiveObjects: 1.181100 ms CreateObjectMapping: 2.156100 ms MarkObjects: 12.175400 ms  DeleteObjects: 5.218700 ms)

Prepare: number of updated asset objects reloaded= 0
========================================================================
Received Import Request.
  Time since last request: 756.949866 seconds.
  path: Assets/Scripts/Title/AudioCrossfade.cs
  artifactKey: Guid(b550e11dbe74dbe43bd37903b86674bf) Importer(2089858483,797179f86c6e516b54ff30bda720a719)
Start importing Assets/Scripts/Title/AudioCrossfade.cs using Guid(b550e11dbe74dbe43bd37903b86674bf) Importer(2089858483,797179f86c6e516b54ff30bda720a719) (ScriptedImporter) -> (artifact id: '01f344c7dfcbdf6301298817ff78ffd6') in 0.3348327 seconds
Number of updated asset objects reloaded before import = 0Number of asset objects unloaded after import = 0

========================================================================
Received Import Request.
  Time since last request: 0.000022 seconds.
  path: Assets/Scripts/Title/RandomSongPlayer.cs
  artifactKey: Guid(d50e5838cdf3da2458fe0d43663554b5) Importer(2089858483,797179f86c6e516b54ff30bda720a719)
Start importing Assets/Scripts/Title/RandomSongPlayer.cs using Guid(d50e5838cdf3da2458fe0d43663554b5) Importer(2089858483,797179f86c6e516b54ff30bda720a719) (ScriptedImporter) -> (artifact id: '1cd787ecd413ce99ef6703a45917d425') in 0.02098 seconds
Number of updated asset objects reloaded before import = 0Number of asset objects unloaded after import = 0

========================================================================
Received Import Request.
  Time since last request: 89.860302 seconds.
  path: Assets/Art/Textures/Menu_Left.png
  artifactKey: Guid(42d294f4caa89b747b79e4a304fc0da7) Importer(815301076,1909f56bfc062723c751e8b465ee728b)
Start importing Assets/Art/Textures/Menu_Left.png using Guid(42d294f4caa89b747b79e4a304fc0da7) Importer(815301076,1909f56bfc062723c751e8b465ee728b) (PreviewImporter) -> (artifact id: '522bc4054de8b05d917a81a7d802d0eb') in 0.0952922 seconds
Number of updated asset objects reloaded before import = 0Number of asset objects unloaded after import = 3

========================================================================
Received Import Request.
  Time since last request: 0.777216 seconds.
  path: Assets/Art/Textures/Menu_Right.png
  artifactKey: Guid(896baf2a9e4b85647983e93e40c38081) Importer(2089858483,797179f86c6e516b54ff30bda720a719)
Start importing Assets/Art/Textures/Menu_Right.png using Guid(896baf2a9e4b85647983e93e40c38081) Importer(2089858483,797179f86c6e516b54ff30bda720a719) (ScriptedImporter) -> (artifact id: '779a64ba98db475de22ebdefe2ef9adf') in 0.0167311 seconds
Number of updated asset objects reloaded before import = 0Number of asset objects unloaded after import = 2

========================================================================
Received Prepare
Begin MonoManager ReloadAssembly
[Licensing::Client] Successfully resolved entitlement details
[Licensing::Module] License group:
  Id: F4-Y6KC-25T9-KMKK-443G-XXXX
  Product: Unity Personal
  Type: ULF
  Expiration: Unlimited
[Licensing::Module] License group:
  Id: 350106-UnityPersXXXX
  Product: Unity Personal
  Type: Assigned
  Expiration: Unlimited
ADTM: Control thread waiting for realtime thread timed out, have to lock...
Symbol file LoadedFromMemory is not a mono symbol file
- Loaded All Assemblies, in  2.159 seconds
Script 'RotationConstraint' has the same name as built-in Unity component.
AddComponent and GetComponent will not work with this script.
Refreshing native plugins compatible for Editor in 6.74 ms, found 2 plugins.
Native extension for WindowsStandalone target not found
Native extension for WebGL target not found
[Package Manager] Failed to launch server process. Reason: Unity was launched with the -noUpm command-line argument
[Package Manager] Unable to send message (not connected to server process).
[Package Manager] Cannot connect to Unity Package Manager local server
ScheduleIndexationOnStartup MainProcess:False IndexOnStartup:True
ForwardRenderer is missing RendererFeatures
This could be due to missing scripts or compile error.
UnityEngine.Debug:ExtractStackTraceNoAlloc (byte*,int,string)
UnityEngine.StackTraceUtility:ExtractStackTrace ()
UnityEngine.DebugLogHandler:Internal_Log (UnityEngine.LogType,UnityEngine.LogOption,string,UnityEngine.Object)
UnityEngine.DebugLogHandler:LogFormat (UnityEngine.LogType,UnityEngine.Object,string,object[])
UnityEngine.Logger:Log (UnityEngine.LogType,object,UnityEngine.Object)
UnityEngine.Debug:LogError (object,UnityEngine.Object)
UnityEngine.Rendering.Universal.ScriptableRendererData:ValidateRendererFeatures () (at ./Library/PackageCache/com.unity.render-pipelines.universal@7327e77c1cc2/Runtime/ScriptableRendererData.cs:193)
UnityEngine.Rendering.Universal.ScriptableRendererData:OnValidate () (at ./Library/PackageCache/com.unity.render-pipelines.universal@7327e77c1cc2/Runtime/ScriptableRendererData.cs:81)

(Filename: ./Library/PackageCache/com.unity.render-pipelines.universal@7327e77c1cc2/Runtime/ScriptableRendererData.cs Line: 193)

Mono: successfully reloaded assembly
- Finished resetting the current domain, in  1.776 seconds
Domain Reload Profiling: 3936ms
	BeginReloadAssembly (1310ms)
		ExecutionOrderSort (0ms)
		DisableScriptedObjects (10ms)
		BackupInstance (0ms)
		ReleaseScriptingObjects (0ms)
		CreateAndSetChildDomain (1094ms)
	RebuildCommonClasses (51ms)
	RebuildNativeTypeToScriptingClass (21ms)
	initialDomainReloadingComplete (43ms)
	LoadAllAssembliesAndSetupDomain (736ms)
		LoadAssemblies (515ms)
		RebuildTransferFunctionScriptingTraits (0ms)
		AnalyzeDomain (350ms)
			TypeCache.Refresh (10ms)
				TypeCache.ScanAssembly (0ms)
			BuildScriptInfoCaches (315ms)
			ResolveRequiredComponents (18ms)
	FinalizeReload (1776ms)
		ReleaseScriptCaches (0ms)
		RebuildScriptCaches (0ms)
		SetupLoadedEditorAssemblies (1488ms)
			LogAssemblyErrors (0ms)
			InitializePlatformSupportModulesInManaged (3ms)
			SetLoadedEditorAssemblies (5ms)
			BeforeProcessingInitializeOnLoad (223ms)
			ProcessInitializeOnLoadAttributes (583ms)
			ProcessInitializeOnLoadMethodAttributes (655ms)
			AfterProcessingInitializeOnLoad (17ms)
			EditorAssembliesLoaded (1ms)
		ExecutionOrderSort2 (0ms)
		AwakeInstancesAfterBackupRestoration (35ms)
WARNING: Shader Unsupported: 'Toon/Lit Outline' - All subshaders removed
WARNING: Shader Did you use #pragma only_renderers and omit this platform?
WARNING: Shader If subshaders removal was intentional, you may have forgotten turning Fallback off?
WARNING: Shader Unsupported: 'Toon/Lit Outline' - All subshaders removed
WARNING: Shader Did you use #pragma only_renderers and omit this platform?
WARNING: Shader If subshaders removal was intentional, you may have forgotten turning Fallback off?
WARNING: Shader Unsupported: 'Toon/Basic Outline' - All subshaders removed
WARNING: Shader Did you use #pragma only_renderers and omit this platform?
WARNING: Shader If subshaders removal was intentional, you may have forgotten turning Fallback off?
WARNING: Shader Unsupported: 'Toon/Basic Outline' - All subshaders removed
WARNING: Shader Did you use #pragma only_renderers and omit this platform?
WARNING: Shader If subshaders removal was intentional, you may have forgotten turning Fallback off?
Refreshing native plugins compatible for Editor in 6.96 ms, found 2 plugins.
Preloading 0 native plugins for Editor in 0.00 ms.
Unloading 31 Unused Serialized files (Serialized files now loaded: 0)
Unloading 7370 unused Assets / (8.6 MB). Loaded Objects now: 8468.
Memory consumption went from 201.6 MB to 193.0 MB.
Total: 20.845200 ms (FindLiveObjects: 1.216600 ms CreateObjectMapping: 1.766100 ms MarkObjects: 12.428000 ms  DeleteObjects: 5.433600 ms)

Prepare: number of updated asset objects reloaded= 0
========================================================================
Received Import Request.
  Time since last request: 18507.474659 seconds.
  path: Assets/Art/Textures/Menu_Right.png
  artifactKey: Guid(896baf2a9e4b85647983e93e40c38081) Importer(815301076,1909f56bfc062723c751e8b465ee728b)
Start importing Assets/Art/Textures/Menu_Right.png using Guid(896baf2a9e4b85647983e93e40c38081) Importer(815301076,1909f56bfc062723c751e8b465ee728b) (PreviewImporter) -> (artifact id: '7de32ba2cf8ba1201d3bfa511576fff4') in 0.4055297 seconds
Number of updated asset objects reloaded before import = 0Number of asset objects unloaded after import = 3

========================================================================
Received Import Request.
  Time since last request: 13.660540 seconds.
  path: Assets/Art/Textures
  artifactKey: Guid(b52e94512b8444b4ab71520537b13d2d) Importer(815301076,1909f56bfc062723c751e8b465ee728b)
Start importing Assets/Art/Textures using Guid(b52e94512b8444b4ab71520537b13d2d) Importer(815301076,1909f56bfc062723c751e8b465ee728b) (PreviewImporter) -> (artifact id: '8daa8e89a4e3f9b42cfa38c8eae1b955') in 0.0008102 seconds
Number of updated asset objects reloaded before import = 0Number of asset objects unloaded after import = 0

========================================================================
Received Import Request.
  Time since last request: 1.912280 seconds.
  path: Assets/Scenes/MainMenu.unity
  artifactKey: Guid(125da7ae0c30f234ab1694f32ac4eacb) Importer(2089858483,797179f86c6e516b54ff30bda720a719)
Start importing Assets/Scenes/MainMenu.unity using Guid(125da7ae0c30f234ab1694f32ac4eacb) Importer(2089858483,797179f86c6e516b54ff30bda720a719) (ScriptedImporter) -> (artifact id: 'd388d3ccac5848848bb6f8b0b97def01') in 0.0858627 seconds
Number of updated asset objects reloaded before import = 0Number of asset objects unloaded after import = 1

========================================================================
Received Import Request.
  Time since last request: 10.286093 seconds.
  path: Assets/Art/logo.png
  artifactKey: Guid(02061eaf8a4d58b4c98df8df25c86f0b) Importer(2089858483,797179f86c6e516b54ff30bda720a719)
Start importing Assets/Art/logo.png using Guid(02061eaf8a4d58b4c98df8df25c86f0b) Importer(2089858483,797179f86c6e516b54ff30bda720a719) (ScriptedImporter) -> (artifact id: 'dcd89bd6766c226d5b942c761fd6e983') in 0.0172097 seconds
Number of updated asset objects reloaded before import = 0Number of asset objects unloaded after import = 1

========================================================================
Received Import Request.
  Time since last request: 12.234312 seconds.
  path: Assets/Models/Wii U - Mario Kart 8 - Toad Harbor/DK Barrel/DK Barrel/DKBarrel.fbx
  artifactKey: Guid(cd575f29a82edd64c8f3ef7d640bf61a) Importer(815301076,1909f56bfc062723c751e8b465ee728b)
Start importing Assets/Models/Wii U - Mario Kart 8 - Toad Harbor/DK Barrel/DK Barrel/DKBarrel.fbx using Guid(cd575f29a82edd64c8f3ef7d640bf61a) Importer(815301076,1909f56bfc062723c751e8b465ee728b) (PreviewImporter) -> (artifact id: '9655b3bfb7a4eb2778178656999f1212') in 1.2780069 seconds
Number of updated asset objects reloaded before import = 0Number of asset objects unloaded after import = 20

========================================================================
Received Import Request.
  Time since last request: 0.000034 seconds.
  path: Assets/Models/Rainbow Road N64/CHECKPOINT/N64RCheck_Logo_Alb.png
  artifactKey: Guid(6c4b4d2348755ce4b95fc24d9b435197) Importer(815301076,1909f56bfc062723c751e8b465ee728b)
Start importing Assets/Models/Rainbow Road N64/CHECKPOINT/N64RCheck_Logo_Alb.png using Guid(6c4b4d2348755ce4b95fc24d9b435197) Importer(815301076,1909f56bfc062723c751e8b465ee728b) (PreviewImporter) -> (artifact id: '0f77606835beb828d236c9c14e7c1547') in 0.0229637 seconds
Number of updated asset objects reloaded before import = 0Number of asset objects unloaded after import = 2

========================================================================
Received Import Request.
  Time since last request: 0.000044 seconds.
  path: Assets/Art/logo.png
  artifactKey: Guid(02061eaf8a4d58b4c98df8df25c86f0b) Importer(815301076,1909f56bfc062723c751e8b465ee728b)
Start importing Assets/Art/logo.png using Guid(02061eaf8a4d58b4c98df8df25c86f0b) Importer(815301076,1909f56bfc062723c751e8b465ee728b) (PreviewImporter) -> (artifact id: '7173efa0bf38da703a4bd06555295ec8') in 0.0311772 seconds
Number of updated asset objects reloaded before import = 0Number of asset objects unloaded after import = 2

========================================================================
Received Import Request.
  Time since last request: 0.000026 seconds.
  path: Assets/SampleScenes/Menu/Sprites/LogoUnitySprite.png
  artifactKey: Guid(7d6d5225d5a2b40e3959b66d13b6e29c) Importer(815301076,1909f56bfc062723c751e8b465ee728b)
Start importing Assets/SampleScenes/Menu/Sprites/LogoUnitySprite.png using Guid(7d6d5225d5a2b40e3959b66d13b6e29c) Importer(815301076,1909f56bfc062723c751e8b465ee728b) (PreviewImporter) -> (artifact id: '670b5148d75215a6bb917a05c135cb72') in 0.027256 seconds
Number of updated asset objects reloaded before import = 0Number of asset objects unloaded after import = 3

========================================================================
Received Import Request.
  Time since last request: 0.000027 seconds.
  path: Assets/Models/Wii U - Mario Kart 8 - Toad Harbor/DK Barrel/DK Barrel/images/dklogo_spm.png
  artifactKey: Guid(1e920792e08f40e40a5f33cb3eed6500) Importer(815301076,1909f56bfc062723c751e8b465ee728b)
Start importing Assets/Models/Wii U - Mario Kart 8 - Toad Harbor/DK Barrel/DK Barrel/images/dklogo_spm.png using Guid(1e920792e08f40e40a5f33cb3eed6500) Importer(815301076,1909f56bfc062723c751e8b465ee728b) (PreviewImporter) -> (artifact id: 'b1d03b1c6cc2acc7b7e4f29e0d8fc838') in 0.0214728 seconds
Number of updated asset objects reloaded before import = 0Number of asset objects unloaded after import = 2

========================================================================
Received Import Request.
  Time since last request: 0.000039 seconds.
  path: Assets/Models/Wii U - Mario Kart 8 - Toad Harbor/DK Barrel/DK Barrel/images/dklogo_alb.png
  artifactKey: Guid(9d6b0dfa26c180c4e87c474622e8a6b7) Importer(815301076,1909f56bfc062723c751e8b465ee728b)
Start importing Assets/Models/Wii U - Mario Kart 8 - Toad Harbor/DK Barrel/DK Barrel/images/dklogo_alb.png using Guid(9d6b0dfa26c180c4e87c474622e8a6b7) Importer(815301076,1909f56bfc062723c751e8b465ee728b) (PreviewImporter) -> (artifact id: '39aaae87c29f993daa84e69a165397d1') in 0.0241513 seconds
Number of updated asset objects reloaded before import = 0Number of asset objects unloaded after import = 2

========================================================================
Received Import Request.
  Time since last request: 11.138550 seconds.
  path: Assets/Art/logo.png
  artifactKey: Guid(02061eaf8a4d58b4c98df8df25c86f0b) Importer(815301076,1909f56bfc062723c751e8b465ee728b)
Start importing Assets/Art/logo.png using Guid(02061eaf8a4d58b4c98df8df25c86f0b) Importer(815301076,1909f56bfc062723c751e8b465ee728b) (PreviewImporter) -> (artifact id: '92959e015de660469fb5653c3220b4e9') in 0.0245151 seconds
Number of updated asset objects reloaded before import = 0Number of asset objects unloaded after import = 3

========================================================================
Received Import Request.
  Time since last request: 0.847533 seconds.
  path: Assets/Art/logo.png
  artifactKey: Guid(02061eaf8a4d58b4c98df8df25c86f0b) Importer(2089858483,797179f86c6e516b54ff30bda720a719)
Start importing Assets/Art/logo.png using Guid(02061eaf8a4d58b4c98df8df25c86f0b) Importer(2089858483,797179f86c6e516b54ff30bda720a719) (ScriptedImporter) -> (artifact id: 'b9e08df6c833eb593954fe44ac1f16a7') in 0.0153804 seconds
Number of updated asset objects reloaded before import = 0Number of asset objects unloaded after import = 2

========================================================================
Received Import Request.
  Time since last request: 15.264066 seconds.
  path: Assets/Plugins/Modio/Unity/UI/Sprites/Backgrounds/background_V1.jpg
  artifactKey: Guid(5f81cfc13bd9afe43aee072f59ceb4a8) Importer(815301076,1909f56bfc062723c751e8b465ee728b)
Start importing Assets/Plugins/Modio/Unity/UI/Sprites/Backgrounds/background_V1.jpg using Guid(5f81cfc13bd9afe43aee072f59ceb4a8) Importer(815301076,1909f56bfc062723c751e8b465ee728b) (PreviewImporter) -> (artifact id: '742ffb64fa5738bc0cdbc73e74c3b5df') in 0.0315706 seconds
Number of updated asset objects reloaded before import = 0Number of asset objects unloaded after import = 3

========================================================================
Received Import Request.
  Time since last request: 0.000030 seconds.
  path: Assets/Plugins/Modio/Unity/UI/Sprites/Backgrounds/background_V3.jpg
  artifactKey: Guid(64d67717e3005c34c83b13fe437d0da0) Importer(815301076,1909f56bfc062723c751e8b465ee728b)
Start importing Assets/Plugins/Modio/Unity/UI/Sprites/Backgrounds/background_V3.jpg using Guid(64d67717e3005c34c83b13fe437d0da0) Importer(815301076,1909f56bfc062723c751e8b465ee728b) (PreviewImporter) -> (artifact id: 'e917e76b6870ce7bd8325559226faa46') in 0.0291416 seconds
Number of updated asset objects reloaded before import = 0Number of asset objects unloaded after import = 3

========================================================================
Received Import Request.
  Time since last request: 1.385417 seconds.
  path: Assets/Plugins/Modio/Unity/UI/Sprites/Inputs/ps/playstation_button_color_triangle.png
  artifactKey: Guid(9e9f12cf6cc56412e9a84a8208ca91a7) Importer(815301076,1909f56bfc062723c751e8b465ee728b)
Start importing Assets/Plugins/Modio/Unity/UI/Sprites/Inputs/ps/playstation_button_color_triangle.png using Guid(9e9f12cf6cc56412e9a84a8208ca91a7) Importer(815301076,1909f56bfc062723c751e8b465ee728b) (PreviewImporter) -> (artifact id: 'c693c14a4585fbc6ee2b98b351641a5f') in 0.0188457 seconds
Number of updated asset objects reloaded before import = 0Number of asset objects unloaded after import = 3

========================================================================
Received Import Request.
  Time since last request: 0.000030 seconds.
  path: Assets/Plugins/Modio/Unity/UI/Sprites/Inputs/xbox/xbox_button_color_x.png
  artifactKey: Guid(2b3bfe94f5f8345af80bbeafa9498f3a) Importer(815301076,1909f56bfc062723c751e8b465ee728b)
Start importing Assets/Plugins/Modio/Unity/UI/Sprites/Inputs/xbox/xbox_button_color_x.png using Guid(2b3bfe94f5f8345af80bbeafa9498f3a) Importer(815301076,1909f56bfc062723c751e8b465ee728b) (PreviewImporter) -> (artifact id: 'c2f1971a40b0105d90d34f7ed8997b55') in 0.0213525 seconds
Number of updated asset objects reloaded before import = 0Number of asset objects unloaded after import = 3

========================================================================
Received Import Request.
  Time since last request: 0.000154 seconds.
  path: Assets/Plugins/Modio/Unity/UI/Sprites/Inputs/xbox/xbox_button_color_y.png
  artifactKey: Guid(c329bc34cc25842b58eb041028114a11) Importer(815301076,1909f56bfc062723c751e8b465ee728b)
Start importing Assets/Plugins/Modio/Unity/UI/Sprites/Inputs/xbox/xbox_button_color_y.png using Guid(c329bc34cc25842b58eb041028114a11) Importer(815301076,1909f56bfc062723c751e8b465ee728b) (PreviewImporter) -> (artifact id: '824ac8b03e1513bbac73c0f2ed5cae55') in 0.0203789 seconds
Number of updated asset objects reloaded before import = 0Number of asset objects unloaded after import = 3

========================================================================
Received Import Request.
  Time since last request: 0.276179 seconds.
  path: Assets/Plugins/Modio/Unity/UI/Sprites/Inputs/ps/playstation_button_analog.png
  artifactKey: Guid(092cf0cd69fff447e85d12aca1068b7a) Importer(815301076,1909f56bfc062723c751e8b465ee728b)
Start importing Assets/Plugins/Modio/Unity/UI/Sprites/Inputs/ps/playstation_button_analog.png using Guid(092cf0cd69fff447e85d12aca1068b7a) Importer(815301076,1909f56bfc062723c751e8b465ee728b) (PreviewImporter) -> (artifact id: 'eff8edf224088bab023df1d84751d7e5') in 0.0215675 seconds
Number of updated asset objects reloaded before import = 0Number of asset objects unloaded after import = 3

========================================================================
Received Import Request.
  Time since last request: 5.079077 seconds.
  path: Assets/Scenes/MainMenu.unity
  artifactKey: Guid(125da7ae0c30f234ab1694f32ac4eacb) Importer(2089858483,797179f86c6e516b54ff30bda720a719)
Start importing Assets/Scenes/MainMenu.unity using Guid(125da7ae0c30f234ab1694f32ac4eacb) Importer(2089858483,797179f86c6e516b54ff30bda720a719) (ScriptedImporter) -> (artifact id: '66f4073b0307df91793d9d17d42c02d8') in 0.01531 seconds
Number of updated asset objects reloaded before import = 0Number of asset objects unloaded after import = 1

========================================================================
Received Prepare
Begin MonoManager ReloadAssembly
[Licensing::Client] Successfully resolved entitlement details
[Licensing::Module] License group:
  Id: F4-Y6KC-25T9-KMKK-443G-XXXX
  Product: Unity Personal
  Type: ULF
  Expiration: Unlimited
[Licensing::Module] License group:
  Id: 350106-UnityPersXXXX
  Product: Unity Personal
  Type: Assigned
  Expiration: Unlimited
ADTM: Control thread waiting for realtime thread timed out, have to lock...
Symbol file LoadedFromMemory is not a mono symbol file
- Loaded All Assemblies, in  3.093 seconds
Script 'RotationConstraint' has the same name as built-in Unity component.
AddComponent and GetComponent will not work with this script.
Refreshing native plugins compatible for Editor in 16.82 ms, found 2 plugins.
Native extension for WindowsStandalone target not found
Native extension for WebGL target not found
[Package Manager] Failed to launch server process. Reason: Unity was launched with the -noUpm command-line argument
[Package Manager] Unable to send message (not connected to server process).
[Package Manager] Cannot connect to Unity Package Manager local server
ScheduleIndexationOnStartup MainProcess:False IndexOnStartup:True
ForwardRenderer is missing RendererFeatures
This could be due to missing scripts or compile error.
UnityEngine.Debug:ExtractStackTraceNoAlloc (byte*,int,string)
UnityEngine.StackTraceUtility:ExtractStackTrace ()
UnityEngine.DebugLogHandler:Internal_Log (UnityEngine.LogType,UnityEngine.LogOption,string,UnityEngine.Object)
UnityEngine.DebugLogHandler:LogFormat (UnityEngine.LogType,UnityEngine.Object,string,object[])
UnityEngine.Logger:Log (UnityEngine.LogType,object,UnityEngine.Object)
UnityEngine.Debug:LogError (object,UnityEngine.Object)
UnityEngine.Rendering.Universal.ScriptableRendererData:ValidateRendererFeatures () (at ./Library/PackageCache/com.unity.render-pipelines.universal@7327e77c1cc2/Runtime/ScriptableRendererData.cs:193)
UnityEngine.Rendering.Universal.ScriptableRendererData:OnValidate () (at ./Library/PackageCache/com.unity.render-pipelines.universal@7327e77c1cc2/Runtime/ScriptableRendererData.cs:81)

(Filename: ./Library/PackageCache/com.unity.render-pipelines.universal@7327e77c1cc2/Runtime/ScriptableRendererData.cs Line: 193)

Mono: successfully reloaded assembly
- Finished resetting the current domain, in  2.442 seconds
Domain Reload Profiling: 5538ms
	BeginReloadAssembly (1661ms)
		ExecutionOrderSort (0ms)
		DisableScriptedObjects (48ms)
		BackupInstance (0ms)
		ReleaseScriptingObjects (1ms)
		CreateAndSetChildDomain (1240ms)
	RebuildCommonClasses (65ms)
	RebuildNativeTypeToScriptingClass (31ms)
	initialDomainReloadingComplete (58ms)
	LoadAllAssembliesAndSetupDomain (1280ms)
		LoadAssemblies (907ms)
		RebuildTransferFunctionScriptingTraits (0ms)
		AnalyzeDomain (569ms)
			TypeCache.Refresh (13ms)
				TypeCache.ScanAssembly (0ms)
			BuildScriptInfoCaches (513ms)
			ResolveRequiredComponents (28ms)
	FinalizeReload (2443ms)
		ReleaseScriptCaches (0ms)
		RebuildScriptCaches (0ms)
		SetupLoadedEditorAssemblies (1840ms)
			LogAssemblyErrors (0ms)
			InitializePlatformSupportModulesInManaged (4ms)
			SetLoadedEditorAssemblies (12ms)
			BeforeProcessingInitializeOnLoad (471ms)
			ProcessInitializeOnLoadAttributes (815ms)
			ProcessInitializeOnLoadMethodAttributes (518ms)
			AfterProcessingInitializeOnLoad (19ms)
			EditorAssembliesLoaded (1ms)
		ExecutionOrderSort2 (0ms)
		AwakeInstancesAfterBackupRestoration (43ms)
WARNING: Shader Unsupported: 'Toon/Lit Outline' - All subshaders removed
WARNING: Shader Did you use #pragma only_renderers and omit this platform?
WARNING: Shader If subshaders removal was intentional, you may have forgotten turning Fallback off?
WARNING: Shader Unsupported: 'Toon/Lit Outline' - All subshaders removed
WARNING: Shader Did you use #pragma only_renderers and omit this platform?
WARNING: Shader If subshaders removal was intentional, you may have forgotten turning Fallback off?
WARNING: Shader Unsupported: 'Toon/Basic Outline' - All subshaders removed
WARNING: Shader Did you use #pragma only_renderers and omit this platform?
WARNING: Shader If subshaders removal was intentional, you may have forgotten turning Fallback off?
WARNING: Shader Unsupported: 'Toon/Basic Outline' - All subshaders removed
WARNING: Shader Did you use #pragma only_renderers and omit this platform?
WARNING: Shader If subshaders removal was intentional, you may have forgotten turning Fallback off?
Refreshing native plugins compatible for Editor in 15.93 ms, found 2 plugins.
Preloading 0 native plugins for Editor in 0.00 ms.
Unloading 31 Unused Serialized files (Serialized files now loaded: 0)
Unloading 7371 unused Assets / (5.4 MB). Loaded Objects now: 8495.
Memory consumption went from 201.9 MB to 196.5 MB.
Total: 43.061900 ms (FindLiveObjects: 1.271600 ms CreateObjectMapping: 4.081700 ms MarkObjects: 30.646200 ms  DeleteObjects: 7.061200 ms)

Prepare: number of updated asset objects reloaded= 0
========================================================================
Received Import Request.
  Time since last request: 353.930925 seconds.
  path: Assets/AssetBundles
  artifactKey: Guid(c0472b28e1a6953419b79ba09ce6f450) Importer(815301076,1909f56bfc062723c751e8b465ee728b)
Start importing Assets/AssetBundles using Guid(c0472b28e1a6953419b79ba09ce6f450) Importer(815301076,1909f56bfc062723c751e8b465ee728b) (PreviewImporter) -> (artifact id: 'b8c4dd04ad2ff41afe7f1e46ab0dc5ff') in 0.0620111 seconds
Number of updated asset objects reloaded before import = 0Number of asset objects unloaded after import = 0

========================================================================
Received Import Request.
  Time since last request: 0.818253 seconds.
  path: Assets/AssetBundles
  artifactKey: Guid(c0472b28e1a6953419b79ba09ce6f450) Importer(2089858483,797179f86c6e516b54ff30bda720a719)
Start importing Assets/AssetBundles using Guid(c0472b28e1a6953419b79ba09ce6f450) Importer(2089858483,797179f86c6e516b54ff30bda720a719) (ScriptedImporter) -> (artifact id: '1719bbff3cd3af1dddf2415232e49b6c') in 0.0634363 seconds
Number of updated asset objects reloaded before import = 0Number of asset objects unloaded after import = 1

========================================================================
Received Import Request.
  Time since last request: 8.177187 seconds.
  path: Assets/AssetBundles/LuigisMansion
  artifactKey: Guid(ffa2123dbd0b6ba41997519f1f7cc4f5) Importer(815301076,1909f56bfc062723c751e8b465ee728b)
Start importing Assets/AssetBundles/LuigisMansion using Guid(ffa2123dbd0b6ba41997519f1f7cc4f5) Importer(815301076,1909f56bfc062723c751e8b465ee728b) (PreviewImporter) -> (artifact id: '875aac2a824a3dc02b2b36e50ccbbf1d') in 0.0006706 seconds
Number of updated asset objects reloaded before import = 0Number of asset objects unloaded after import = 0

========================================================================
Received Import Request.
  Time since last request: 0.897125 seconds.
  path: Assets/AssetBundles/LuigisMansion
  artifactKey: Guid(ffa2123dbd0b6ba41997519f1f7cc4f5) Importer(2089858483,797179f86c6e516b54ff30bda720a719)
Start importing Assets/AssetBundles/LuigisMansion using Guid(ffa2123dbd0b6ba41997519f1f7cc4f5) Importer(2089858483,797179f86c6e516b54ff30bda720a719) (ScriptedImporter) -> (artifact id: '0ed00c77b0fdaaa3cc9ee32b1490c63c') in 0.0124047 seconds
Number of updated asset objects reloaded before import = 0Number of asset objects unloaded after import = 1

========================================================================
Received Import Request.
  Time since last request: 19.607685 seconds.
  path: Assets/AssetBundles/LuigisMansion/Assets
  artifactKey: Guid(24206e8c2315ac440bfcbbfe6e32092c) Importer(815301076,1909f56bfc062723c751e8b465ee728b)
Start importing Assets/AssetBundles/LuigisMansion/Assets using Guid(24206e8c2315ac440bfcbbfe6e32092c) Importer(815301076,1909f56bfc062723c751e8b465ee728b) (PreviewImporter) -> (artifact id: 'b90e2b0cfbc3a364de1327ad326c865b') in 0.0006155 seconds
Number of updated asset objects reloaded before import = 0Number of asset objects unloaded after import = 0

========================================================================
Received Import Request.
  Time since last request: 0.895883 seconds.
  path: Assets/AssetBundles/LuigisMansion/Assets
  artifactKey: Guid(24206e8c2315ac440bfcbbfe6e32092c) Importer(2089858483,797179f86c6e516b54ff30bda720a719)
Start importing Assets/AssetBundles/LuigisMansion/Assets using Guid(24206e8c2315ac440bfcbbfe6e32092c) Importer(2089858483,797179f86c6e516b54ff30bda720a719) (ScriptedImporter) -> (artifact id: '4202dc9e2256030fe3a57fe7b3517a40') in 0.012006 seconds
Number of updated asset objects reloaded before import = 0Number of asset objects unloaded after import = 1

========================================================================
Received Import Request.
  Time since last request: 27.419893 seconds.
  path: Assets/AssetBundles/Mushroom Gorge
  artifactKey: Guid(ffa2123dbd0b6ba41997519f1f7cc4f5) Importer(815301076,1909f56bfc062723c751e8b465ee728b)
Start importing Assets/AssetBundles/Mushroom Gorge using Guid(ffa2123dbd0b6ba41997519f1f7cc4f5) Importer(815301076,1909f56bfc062723c751e8b465ee728b) (PreviewImporter) -> (artifact id: '3d66fd52942c92454ae5d13175db763a') in 0.0006442 seconds
Number of updated asset objects reloaded before import = 0Number of asset objects unloaded after import = 0

========================================================================
Received Import Request.
  Time since last request: 0.899947 seconds.
  path: Assets/AssetBundles/Mushroom Gorge/Assets
  artifactKey: Guid(24206e8c2315ac440bfcbbfe6e32092c) Importer(2089858483,797179f86c6e516b54ff30bda720a719)
Start importing Assets/AssetBundles/Mushroom Gorge/Assets using Guid(24206e8c2315ac440bfcbbfe6e32092c) Importer(2089858483,797179f86c6e516b54ff30bda720a719) (ScriptedImporter) -> (artifact id: '6917587eafc6bb12c0f624f91b8d189e') in 0.0137646 seconds
Number of updated asset objects reloaded before import = 0Number of asset objects unloaded after import = 1

========================================================================
Received Import Request.
  Time since last request: 43.816203 seconds.
  path: Assets/AssetBundles/Mushroom Gorge/Mushroom Gorge.unity
  artifactKey: Guid(c7d6116288174884fac7ff10138d48de) Importer(2089858483,797179f86c6e516b54ff30bda720a719)
Start importing Assets/AssetBundles/Mushroom Gorge/Mushroom Gorge.unity using Guid(c7d6116288174884fac7ff10138d48de) Importer(2089858483,797179f86c6e516b54ff30bda720a719) (ScriptedImporter) -> (artifact id: 'a8a678efbfecdcb12e92da21aca55407') in 0.0187168 seconds
Number of updated asset objects reloaded before import = 0Number of asset objects unloaded after import = 1

========================================================================
Received Import Request.
  Time since last request: 63.460582 seconds.
  path: Assets/AssetBundles/Mushroom Gorge/Coconut Mall.unity
  artifactKey: Guid(ea646599e9d1f69499b09706f4cf789b) Importer(2089858483,797179f86c6e516b54ff30bda720a719)
Start importing Assets/AssetBundles/Mushroom Gorge/Coconut Mall.unity using Guid(ea646599e9d1f69499b09706f4cf789b) Importer(2089858483,797179f86c6e516b54ff30bda720a719) (ScriptedImporter) -> (artifact id: 'e9194cc564cead2e6605b0be7dc06a64') in 0.0130928 seconds
Number of updated asset objects reloaded before import = 0Number of asset objects unloaded after import = 1

