<?xml version="1.0" encoding="utf-8"?>
<COLLADA xmlns="http://www.collada.org/2005/11/COLLADASchema" version="1.4.1">
  <asset />
  <library_images />
  <library_geometries>
    <geometry id="Wing_Std__m_Wing-mesh" name="Wing_Std__m_Wing">
      <mesh>
        <source id="Wing_Std__m_Wing-position">
          <float_array id="Wing_Std__m_Wing-position-array" count="2526">2.949633 -6.750622 8.200005 6.27290249 -6.177244 8.200005 2.949633 -7.16824865 8.200005 6.27290249 -6.177244 9.05312 6.340158 -5.674362 9.22728 6.27290249 -5.75961828 9.05312 2.949633 -6.750622 8.200005 -1.033911E-06 -6.750622 9.053122 2.949633 -6.750622 9.053122 2.949633 -7.168248 9.053122 -1.033911E-06 -7.168248 8.759818 2.949633 -7.168248 8.759818 2.949633 -6.750622 9.053122 -1.033911E-06 -7.168248 9.053122 2.949633 -7.168248 9.053122 6.91831875 -5.675649 9.281519 6.907679 -6.26057 9.308641 7.20740366 -5.676292 9.30864048 6.27290249 -6.177244 8.200005 6.340158 -6.262501 8.401173 6.27290249 -6.177244 8.46651649 6.27290249 -5.75961828 9.05312 6.340158 -5.674362 8.025847 6.27290249 -5.75961828 8.200005 6.27290249 -5.75961828 8.200005 6.340158 -6.262501 8.025847 6.27290249 -6.177244 8.200005 7.20740366 -5.676292 8.839643 6.907679 -6.26057 9.308641 6.907679 -6.26057 8.839643 6.71850348 -6.26121426 7.971606 6.907679 -6.26057 8.370645 6.71850348 -6.26121426 8.380821 7.05047464 -5.200973 7.94448662 6.89358854 -4.723915 8.370645 7.05047464 -5.200973 8.370643 6.91831875 -5.675649 7.971606 6.907679 -6.26057 7.94448662 6.71850348 -6.26121426 7.971606 6.340158 -5.674362 8.025847 6.52933073 -6.261857 7.99872637 6.340158 -6.262501 8.025847 6.62923765 -5.675006 7.99872637 6.617747 -4.717692 9.26796 6.62923765 -5.675006 9.254401 6.340158 -6.262501 8.025847 6.52933073 -6.261857 8.390996 6.340158 -6.262501 8.401173 6.340158 -5.674362 9.22728 6.52933073 -6.261857 9.254401 6.62923765 -5.675006 9.254401 6.62923765 -5.675006 7.99872637 6.71850348 -6.26121426 7.971606 6.52933073 -6.261857 7.99872637 6.62923765 -5.675006 9.254401 6.91831875 -5.675649 7.971606 6.62923765 -5.675006 7.99872637 6.52933073 -6.261857 7.99872637 6.62923765 -5.675006 9.254401 6.71850348 -6.26121426 9.281519 6.91831875 -5.675649 9.281519 6.89358854 -4.723915 7.94448662 6.803488 -4.36226273 8.370645 6.89358854 -4.723915 8.370645 6.768039 -5.19638 9.274738 6.89358854 -4.72391367 9.30864048 6.617747 -4.717692 9.26796 6.768039 -5.19638 9.274738 6.617747 -4.71769238 7.985166 6.768039 -5.19638 7.97838545 6.768039 -5.19638 7.97838545 6.89358854 -4.723915 7.94448662 7.05047464 -5.200973 7.94448662 6.617747 -4.71769238 7.985166 6.35665941 -4.4747 7.809079 6.5787 -4.357684 7.985166 6.340158 -5.674362 8.025847 6.617747 -4.71769238 7.985166 6.62923765 -5.675006 7.99872637 6.340158 -5.674362 9.22728 6.34190273 -4.71147156 8.025847 6.340158 -5.674362 8.025847 6.340158 -5.674362 9.22728 6.617747 -4.717692 9.26796 6.34190273 -4.71146965 9.227281 6.91831875 -5.675649 7.971606 7.05047464 -5.200973 7.94448662 7.20740366 -5.676292 7.94448662 6.91831875 -5.675649 9.281519 6.768039 -5.19638 7.97838545 6.91831875 -5.675649 7.971606 6.91831875 -5.675649 9.281519 7.05047464 -5.200973 9.30864048 6.768039 -5.19638 9.274738 7.20740366 -5.676292 7.94448662 7.05047464 -5.200973 8.370643 7.20740366 -5.676293 8.370643 7.05047464 -5.200973 8.370643 7.67506838 -4.68974447 8.370645 7.20740366 -5.676293 8.370643 6.71850348 -6.26121426 8.831171 6.52933073 -6.261857 8.8227 6.340158 -6.262501 8.814225 6.89358854 -4.723915 8.839643 7.05047464 -5.200973 8.839643 6.907679 -6.26057 8.839643 7.20740366 -5.676292 7.94448662 6.907679 -6.26057 8.370645 6.907679 -6.26057 7.94448662 6.340158 -6.262501 8.814225 6.27290249 -6.177244 8.759818 2.949633 -7.168248 8.46651649 -1.033911E-06 -7.16824865 8.200005 2.949633 -7.16824865 8.200005 6.27290249 -6.177244 9.05312 6.340158 -6.262501 9.227281 6.71850348 -6.26121426 9.281519 6.907679 -6.26057 9.308641 6.89358854 -4.72391367 9.30864048 7.05047464 -5.200973 9.30864048 6.340158 -6.262501 9.227281 6.52933073 -6.261857 9.254401 7.20740366 -5.676292 8.839643 7.05047464 -5.200973 9.30864048 7.20740366 -5.676292 9.30864048 7.20740366 -5.676293 8.370643 -1.033911E-06 -7.168248 8.466519 7.3191824 -4.685534 8.370645 7.67704773 -4.26995373 8.370645 6.803488 -4.36226273 8.839643 6.89358854 -4.723915 8.839643 6.89358854 -4.72391367 9.30864048 6.658548 -4.480849 9.477229 6.617747 -4.717692 9.26796 7.05047464 -5.200973 8.839643 7.67506838 -4.68974447 8.839643 7.3191824 -4.685534 8.839643 7.05047464 -5.200973 8.839643 7.3191824 -4.685534 8.370645 7.05047464 -5.200973 8.370643 7.20740366 -5.676293 8.370643 7.67506838 -4.68974447 8.839643 7.20740366 -5.676292 8.839643 6.673336 -4.023305 12.2655506 7.45046139 -3.61200237 9.493295 6.688122 -3.56576037 9.477229 6.37144756 -4.017155 6.35631466 6.688122 -3.56575942 7.75444555 6.673336 -4.023305 6.20241451 6.803488 -4.36226273 8.370645 8.184472 -4.40910244 8.869848 6.803488 -4.36226273 8.839643 7.436484 -4.044533 6.20039225 8.184472 -4.40910244 7.851622 7.422504 -4.477062 7.76140738 6.34190273 -4.71147156 8.025847 6.35665941 -4.47470045 9.422597 6.35665941 -4.4747 7.809079 6.617747 -4.717692 9.26796 6.35665941 -4.47470045 9.422597 6.34190273 -4.71146965 9.227281 6.89358854 -4.723915 7.94448662 6.5787 -4.357684 7.985166 7.422504 -4.477062 7.76140738 6.89358854 -4.72391367 9.30864048 6.803488 -4.36226273 8.839643 7.422504 -4.47706127 9.493295 6.27290249 -6.177244 8.759818 2.949633 -7.168248 8.46651649 6.27290249 -6.177244 8.46651649 2.949633 -7.16824865 8.200005 6.27290249 -6.177244 8.200005 6.27290249 -6.177244 9.05312 6.27290249 -6.177244 9.05312 2.949633 -7.168248 8.759818 6.27290249 -5.75961828 8.200005 2.949633 -6.750622 9.053122 6.27290249 -5.75961828 9.05312 -1.033911E-06 -6.750622 8.200005 -1.033911E-06 -7.16824865 8.200005 6.688122 -3.56575942 7.75444555 7.45046139 -3.61200237 8.89787 7.45046139 -3.61200213 8.302445 6.386235 -3.55961132 7.809079 6.688122 -3.56576037 9.477229 6.688122 -3.56575942 7.75444555 7.45046139 -3.61200213 7.76140738 8.184472 -4.40910244 8.33637 6.37144756 -4.0171566 12.11165 6.688122 -3.56576037 9.477229 6.386235 -3.55961 9.422597 6.37144756 -4.0171566 12.11165 6.3072257 -3.50803018 9.513054 6.29077053 -4.0171566 12.3688259 7.436484 -4.044533 6.20039225 6.673336 -4.023305 6.20241451 6.37144756 -4.017155 6.35631466 6.27431774 -4.52628231 7.7176404 6.29077053 -4.01715469 6.101099 6.658548 -4.480849 9.477229 6.37144756 -4.0171566 12.11165 6.35665941 -4.47470045 9.422597 7.422504 -4.47706127 9.493295 8.184472 -4.40910244 9.403327 8.80759048 -3.626304 8.319197 8.794317 -4.03705025 6.32300138 6.5787 -4.357684 7.985166 6.37144756 -4.017155 6.35631466 6.673336 -4.023305 6.20241451 6.673336 -4.023305 12.2655506 6.658548 -4.480849 9.477229 8.80759048 -3.62630439 9.450073 9.918656 -4.0215745 12.0342236 9.931185 -3.63404346 9.403325 8.794317 -4.037051 12.1660919 9.906137 -4.40910244 9.403325 9.918656 -4.0215745 12.0342236 9.931185 -3.63404512 7.851622 8.80759048 -3.62630534 7.805403 8.794317 -4.03705025 6.32300138 9.906137 -4.40910244 7.851622 9.906137 -4.40910244 8.869848 8.794317 -4.037051 12.1660919 8.80759048 -3.62630415 8.884635 7.436484 -4.0445323 12.289176 13.0428352 -4.021573 6.71491957 9.918656 -4.021573 6.45301342 13.0428352 -4.0215745 10.9448891 13.0538425 -3.68088222 9.30864048 13.0428352 -4.0215745 10.9448891 9.931185 -3.63404346 8.33637 13.0538425 -3.68088341 7.94448471 13.03182 -4.36226273 9.30864048 13.0428352 -4.021573 6.71491957 13.03182 -4.36226273 7.94448471 8.80759048 -3.62630415 8.884635 9.931185 -3.63404346 8.33637 8.80759048 -3.626304 8.319197 9.906137 -4.40910244 8.33637 9.931185 -3.63404346 8.869848 14.5199518 -4.378918 8.370645 13.03182 -4.36226273 8.370645 13.0538425 -3.68088222 8.839643 14.5697765 -3.66843152 8.370645 13.0538425 -3.680882 8.370645 14.5762377 -4.02157354 7.008247 14.5762377 -4.0215745 10.2623491 14.587244 -3.68088222 9.204656 14.5762377 -4.0215745 10.2623491 14.587244 -3.68088341 8.049464 13.03182 -4.36226273 8.839643 16.1567631 -4.02157354 7.91538668 16.3660049 -4.02157354 8.370645 16.1567631 -4.021574 9.236525 14.56523 -4.36226273 9.204656 16.1567631 -4.021574 9.236525 14.56523 -4.36226273 8.049464 16.1567631 -4.02157354 7.91538668 16.3660049 -4.02157354 8.370645 14.5697765 -3.66843152 8.839643 14.5199518 -4.378918 8.839643 14.5762377 -4.02157354 7.008247 6.27431774 -4.52628231 9.513054 5.801181 -4.0171566 12.3688259 5.785532 -4.52628231 9.513054 6.29077053 -4.0171566 12.3688259 5.81682825 -3.50803018 9.513054 5.801181 -4.0171566 12.3688259 6.37144756 -4.017155 6.35631466 6.3072257 -3.508031 7.7176404 6.386235 -3.55961132 7.809079 6.35665941 -4.4747 7.809079 6.27431774 -4.52628231 9.513054 6.27431774 -4.52628231 7.7176404 6.386235 -3.55961132 7.809079 6.3072257 -3.50803018 9.513054 6.386235 -3.55961 9.422597 6.37144756 -4.0171566 12.11165 6.27431774 -4.52628231 9.513054 6.35665941 -4.47470045 9.422597 5.801181 -4.01715469 6.101099 5.81682825 -3.50803018 9.513054 5.81682825 -3.508031 7.7176404 5.785532 -4.52628231 9.513054 5.785532 -4.52628231 7.7176404 6.3072257 -3.508031 7.7176404 5.81682825 -3.50803018 9.513054 6.3072257 -3.50803018 9.513054 6.27431774 -4.52628231 7.7176404 5.801181 -4.01715469 6.101099 6.29077053 -4.01715469 6.101099 6.29077053 -4.01715469 6.101099 5.81682825 -3.508031 7.7176404 6.3072257 -3.508031 7.7176404 6.27431774 -4.52628231 9.513054 5.785532 -4.52628231 7.7176404 6.27431774 -4.52628231 7.7176404 7.67704773 -4.26995373 8.370645 7.32115746 -4.26574326 8.839643 7.67704773 -4.26995373 8.839643 7.67704773 -4.26995373 8.839643 7.32115746 -4.26574326 8.839643 7.67506838 -4.68974447 8.370645 7.67704773 -4.26995373 8.839643 7.67506838 -4.68974447 8.839643 7.3191824 -4.685534 8.839643 7.32115746 -4.26574326 8.370645 7.3191824 -4.685534 8.370645 16.3660049 -4.021574 8.839643 16.3660049 -4.021574 8.839643 6.27290249 -5.75961828 8.200005 6.340158 -6.262501 9.227281 -1.033911E-06 -6.750622 8.200005 -1.033911E-06 -7.168248 9.053122 -1.033911E-06 -6.750622 9.053122 6.91831875 -5.675649 9.281519 6.71850348 -6.26121426 9.281519 6.907679 -6.26057 9.308641 6.340158 -6.262501 8.025847 6.340158 -5.674362 9.22728 6.340158 -5.674362 8.025847 7.20740366 -5.676292 9.30864048 6.907679 -6.26057 7.94448662 6.89358854 -4.723915 7.94448662 6.91831875 -5.675649 7.971606 7.20740366 -5.676292 7.94448662 6.907679 -6.26057 7.94448662 6.340158 -5.674362 8.025847 6.62923765 -5.675006 7.99872637 6.52933073 -6.261857 7.99872637 6.617747 -4.71769238 7.985166 6.340158 -5.674362 9.22728 6.340158 -6.262501 9.227281 6.52933073 -6.261857 9.254401 6.62923765 -5.675006 7.99872637 6.91831875 -5.675649 7.971606 6.71850348 -6.26121426 7.971606 6.91831875 -5.675649 9.281519 6.62923765 -5.675006 9.254401 6.52933073 -6.261857 9.254401 6.71850348 -6.26121426 9.281519 6.89358854 -4.723915 7.94448662 7.422504 -4.477062 7.76140738 6.803488 -4.36226273 8.370645 6.768039 -5.19638 9.274738 7.05047464 -5.200973 9.30864048 6.89358854 -4.72391367 9.30864048 6.617747 -4.717692 9.26796 6.768039 -5.19638 7.97838545 6.617747 -4.71769238 7.985166 6.89358854 -4.723915 7.94448662 6.617747 -4.71769238 7.985166 6.34190273 -4.71147156 8.025847 6.35665941 -4.4747 7.809079 6.340158 -5.674362 8.025847 6.34190273 -4.71147156 8.025847 6.617747 -4.71769238 7.985166 6.34190273 -4.71146965 9.227281 6.340158 -5.674362 9.22728 6.62923765 -5.675006 9.254401 6.617747 -4.717692 9.26796 6.91831875 -5.675649 7.971606 6.768039 -5.19638 7.97838545 7.05047464 -5.200973 7.94448662 6.768039 -5.19638 9.274738 6.91831875 -5.675649 9.281519 7.20740366 -5.676292 9.30864048 7.05047464 -5.200973 9.30864048 7.05047464 -5.200973 7.94448662 7.05047464 -5.200973 8.839643 7.32115746 -4.26574326 8.370645 6.89358854 -4.72391367 9.30864048 7.422504 -4.47706127 9.493295 6.658548 -4.480849 9.477229 7.20740366 -5.676292 8.839643 7.3191824 -4.685534 8.839643 7.67506838 -4.68974447 8.370645 7.436484 -4.0445323 12.289176 6.37144756 -4.017155 6.35631466 6.386235 -3.55961132 7.809079 6.688122 -3.56575942 7.75444555 6.34190273 -4.71146965 9.227281 6.617747 -4.717692 9.26796 6.658548 -4.480849 9.477229 6.35665941 -4.47470045 9.422597 6.89358854 -4.723915 7.94448662 6.617747 -4.71769238 7.985166 6.5787 -4.357684 7.985166 6.89358854 -4.72391367 9.30864048 6.27290249 -5.75961828 9.05312 2.949633 -7.168248 9.053122 2.949633 -6.750622 8.200005 6.386235 -3.55961 9.422597 6.37144756 -4.0171566 12.11165 6.673336 -4.023305 12.2655506 6.688122 -3.56576037 9.477229 6.37144756 -4.0171566 12.11165 6.386235 -3.55961 9.422597 6.3072257 -3.50803018 9.513054 6.673336 -4.023305 6.20241451 6.5787 -4.357684 7.985166 6.35665941 -4.4747 7.809079 6.658548 -4.480849 9.477229 6.673336 -4.023305 12.2655506 6.37144756 -4.0171566 12.11165 6.5787 -4.357684 7.985166 6.35665941 -4.4747 7.809079 6.37144756 -4.017155 6.35631466 9.918656 -4.021573 6.45301342 9.931185 -3.63404346 8.869848 6.29077053 -4.0171566 12.3688259 6.3072257 -3.50803018 9.513054 6.29077053 -4.01715469 6.101099 6.35665941 -4.47470045 9.422597 6.3072257 -3.508031 7.7176404 6.37144756 -4.0171566 12.11165 6.29077053 -4.0171566 12.3688259 6.27431774 -4.52628231 9.513054 5.801181 -4.0171566 12.3688259 5.81682825 -3.508031 7.7176404 5.785532 -4.52628231 7.7176404 5.801181 -4.01715469 6.101099 5.785532 -4.52628231 9.513054 7.32115746 -4.26574326 8.370645 7.67704773 -4.26995373 8.370645 7.32115746 -4.26574326 8.839643 -2.94963455 -6.750622 8.200005 -2.94963455 -7.16824865 8.200005 -6.27290535 -6.177244 8.200005 -6.27290535 -6.177244 9.053122 -6.27290535 -5.75961828 9.053122 -6.34015942 -5.674362 9.227281 -2.94963455 -6.750622 8.200005 -2.94963455 -6.750622 9.053122 -2.94963455 -7.168248 9.053122 -2.94963455 -7.168248 8.759818 -2.94963455 -6.750622 9.053122 -2.94963455 -7.168248 9.053122 -6.91832256 -5.675649 9.281521 -7.207405 -5.676292 9.308641 -6.90768147 -6.26057 9.308643 -6.27290535 -6.177244 8.200005 -6.27290535 -6.177244 8.466519 -6.34015942 -6.262501 8.401175 -6.27290535 -5.75961828 9.053122 -6.27290535 -5.75961828 8.200005 -6.34015942 -5.674362 8.025848 -6.27290535 -5.75961828 8.200005 -6.27290535 -6.177244 8.200005 -6.34015942 -6.262501 8.025848 -7.207405 -5.676292 8.83964348 -6.90768147 -6.26057 8.83964348 -6.90768147 -6.26057 9.308643 -6.718506 -6.26121426 7.97160673 -6.718506 -6.26121426 8.380822 -6.90768147 -6.26057 8.370646 -7.0504775 -5.200973 7.94448662 -7.0504775 -5.200973 8.370645 -6.893591 -4.723915 8.370646 -6.91832256 -5.675649 7.97160673 -6.718506 -6.26121426 7.97160673 -6.90768147 -6.26057 7.94448662 -6.34015942 -5.674362 8.025848 -6.34015942 -6.262501 8.025848 -6.52933359 -6.261857 7.99872732 -6.62924051 -5.675006 7.99872732 -6.62924051 -5.675006 9.254403 -6.617749 -4.717692 9.2679615 -6.34015942 -6.262501 8.025848 -6.34015942 -6.262501 8.401175 -6.52933359 -6.261857 8.390998 -6.34015942 -5.674362 9.227281 -6.62924051 -5.675006 9.254403 -6.52933359 -6.261857 9.254403 -6.62924051 -5.675006 7.99872732 -6.52933359 -6.261857 7.99872732 -6.718506 -6.26121426 7.97160673 -6.62924051 -5.675006 9.254403 -6.62924051 -5.675006 7.99872732 -6.91832256 -5.675649 7.97160673 -6.52933359 -6.261857 7.99872732 -6.62924051 -5.675006 9.254403 -6.91832256 -5.675649 9.281521 -6.718506 -6.26121426 9.281521 -6.893591 -4.723915 7.94448662 -6.893591 -4.723915 8.370646 -6.80349 -4.36226273 8.370646 -6.768042 -5.19638 9.27474 -6.617749 -4.717692 9.2679615 -6.893591 -4.72391367 9.308641 -6.768042 -5.19638 9.27474 -6.768042 -5.19638 7.9783864 -6.617749 -4.71769238 7.985168 -6.768042 -5.19638 7.9783864 -7.0504775 -5.200973 7.94448662 -6.893591 -4.723915 7.94448662 -6.617749 -4.71769238 7.985168 -6.578702 -4.357684 7.985168 -6.356662 -4.4747 7.80908 -6.34015942 -5.674362 8.025848 -6.62924051 -5.675006 7.99872732 -6.617749 -4.71769238 7.985168 -6.34015942 -5.674362 9.227281 -6.34015942 -5.674362 8.025848 -6.34190559 -4.71147156 8.025848 -6.34015942 -5.674362 9.227281 -6.34190559 -4.71146965 9.227282 -6.617749 -4.717692 9.2679615 -6.91832256 -5.675649 7.97160673 -7.207405 -5.676292 7.94448662 -7.0504775 -5.200973 7.94448662 -6.91832256 -5.675649 9.281521 -6.91832256 -5.675649 7.97160673 -6.768042 -5.19638 7.9783864 -6.91832256 -5.675649 9.281521 -6.768042 -5.19638 9.27474 -7.0504775 -5.200973 9.308641 -7.207405 -5.676292 7.94448662 -7.207405 -5.676293 8.370646 -7.0504775 -5.200973 8.370645 -7.0504775 -5.200973 8.370645 -7.207405 -5.676293 8.370646 -7.67507029 -4.68974447 8.370646 -6.52933359 -6.261857 8.8227 -6.718506 -6.26121426 8.831172 -6.34015942 -6.262501 8.814226 -7.0504775 -5.200973 8.83964348 -6.893591 -4.723915 8.839644 -6.90768147 -6.26057 8.83964348 -7.207405 -5.676292 7.94448662 -6.90768147 -6.26057 7.94448662 -6.90768147 -6.26057 8.370646 -6.27290535 -6.177244 8.759818 -6.34015942 -6.262501 8.814226 -2.94963455 -7.168248 8.466519 -2.94963455 -7.16824865 8.200005 -6.27290535 -6.177244 9.053122 -6.34015942 -6.262501 9.227281 -6.718506 -6.26121426 9.281521 -6.90768147 -6.26057 9.308643 -7.0504775 -5.200973 9.308641 -6.893591 -4.72391367 9.308641 -6.34015942 -6.262501 9.227281 -6.52933359 -6.261857 9.254403 -7.207405 -5.676292 8.83964348 -7.207405 -5.676292 9.308641 -7.0504775 -5.200973 9.308641 -7.207405 -5.676293 8.370646 -7.31918526 -4.685534 8.370646 -7.677049 -4.26995373 8.370646 -6.893591 -4.723915 8.839644 -6.80349 -4.36226273 8.839644 -6.893591 -4.72391367 9.308641 -6.617749 -4.717692 9.2679615 -6.65855169 -4.480849 9.47723 -7.0504775 -5.200973 8.83964348 -7.31918526 -4.685534 8.839644 -7.67507029 -4.68974447 8.839644 -7.0504775 -5.200973 8.83964348 -7.0504775 -5.200973 8.370645 -7.31918526 -4.685534 8.370646 -7.207405 -5.676293 8.370646 -7.207405 -5.676292 8.83964348 -7.67507029 -4.68974447 8.839644 -6.673339 -4.023305 12.2655506 -6.688125 -3.56576037 9.47723 -7.45046329 -3.61200237 9.493297 -6.371451 -4.017155 6.35631657 -6.673339 -4.023305 6.20241642 -6.688125 -3.56575942 7.754447 -6.80349 -4.36226273 8.370646 -6.80349 -4.36226273 8.839644 -8.184474 -4.40910244 8.869849 -7.43648672 -4.044533 6.200393 -7.42250538 -4.477062 7.761409 -8.184474 -4.40910244 7.851623 -6.34190559 -4.71147156 8.025848 -6.356662 -4.4747 7.80908 -6.356662 -4.47470045 9.422598 -6.617749 -4.717692 9.2679615 -6.34190559 -4.71146965 9.227282 -6.356662 -4.47470045 9.422598 -6.893591 -4.723915 7.94448662 -7.42250538 -4.477062 7.761409 -6.578702 -4.357684 7.985168 -6.893591 -4.72391367 9.308641 -7.42250538 -4.47706127 9.493297 -6.80349 -4.36226273 8.839644 -6.27290535 -6.177244 8.759818 -6.27290535 -6.177244 8.466519 -2.94963455 -7.168248 8.466519 -6.27290535 -6.177244 8.200005 -2.94963455 -7.16824865 8.200005 -6.27290535 -6.177244 9.053122 -6.27290535 -6.177244 9.053122 -2.94963455 -7.168248 8.759818 -6.27290535 -5.75961828 8.200005 -6.27290535 -5.75961828 9.053122 -2.94963455 -6.750622 9.053122 -6.688125 -3.56575942 7.754447 -7.45046329 -3.61200213 8.302445 -7.45046329 -3.61200237 8.897871 -6.38623762 -3.55961132 7.80908 -6.688125 -3.56575942 7.754447 -6.688125 -3.56576037 9.47723 -7.45046329 -3.61200213 7.761409 -8.184474 -4.40910244 8.336372 -6.371451 -4.0171566 12.11165 -6.38623762 -3.55961 9.422598 -6.688125 -3.56576037 9.47723 -6.371451 -4.0171566 12.11165 -6.290773 -4.0171566 12.3688259 -6.30722952 -3.50803018 9.513055 -7.43648672 -4.044533 6.200393 -6.673339 -4.023305 6.20241642 -6.371451 -4.017155 6.35631657 -6.290773 -4.01715469 6.1011 -6.27432 -4.52628231 7.7176404 -6.65855169 -4.480849 9.47723 -6.356662 -4.47470045 9.422598 -6.371451 -4.0171566 12.11165 -7.42250538 -4.47706127 9.493297 -8.184474 -4.40910244 9.403328 -8.807593 -3.626304 8.319198 -8.79432 -4.03705025 6.323002 -6.578702 -4.357684 7.985168 -6.673339 -4.023305 6.20241642 -6.371451 -4.017155 6.35631657 -6.65855169 -4.480849 9.47723 -6.673339 -4.023305 12.2655506 -8.807593 -3.62630439 9.450075 -9.931185 -3.63404346 9.403328 -9.918665 -4.0215745 12.0342236 -8.79432 -4.037051 12.1660919 -9.918665 -4.0215745 12.0342236 -9.906137 -4.40910244 9.403328 -8.807593 -3.62630534 7.80540562 -9.931185 -3.63404512 7.851623 -8.79432 -4.03705025 6.323002 -9.906137 -4.40910244 7.851623 -9.906137 -4.40910244 8.869849 -8.79432 -4.037051 12.1660919 -8.807593 -3.62630415 8.884637 -7.43648672 -4.0445323 12.289176 -9.918665 -4.021573 6.45301342 -13.0428352 -4.021573 6.71492243 -13.0538425 -3.68088222 9.308643 -13.0428352 -4.0215745 10.944891 -13.0428352 -4.0215745 10.944891 -9.931185 -3.63404346 8.336372 -13.0538425 -3.68088341 7.94448662 -13.03182 -4.36226273 9.308643 -13.03182 -4.36226273 7.94448662 -13.0428352 -4.021573 6.71492243 -8.807593 -3.62630415 8.884637 -8.807593 -3.626304 8.319198 -9.931185 -3.63404346 8.336372 -9.906137 -4.40910244 8.336372 -9.931185 -3.63404346 8.869849 -13.03182 -4.36226273 8.370646 -14.5199518 -4.378918 8.370646 -13.0538425 -3.68088222 8.839644 -13.0538425 -3.680882 8.370646 -14.5697851 -3.66843152 8.370646 -14.5762377 -4.02157354 7.00825 -14.587244 -3.68088222 9.204657 -14.5762377 -4.0215745 10.262352 -14.5762377 -4.0215745 10.262352 -14.587244 -3.68088341 8.049466 -13.03182 -4.36226273 8.839644 -16.1567726 -4.02157354 7.915388 -16.3660126 -4.02157354 8.370646 -16.1567726 -4.021574 9.23652649 -14.565239 -4.36226273 9.204657 -16.1567726 -4.021574 9.23652649 -14.565239 -4.36226273 8.049466 -16.3660126 -4.02157354 8.370646 -16.1567726 -4.02157354 7.915388 -14.5697851 -3.66843152 8.839644 -14.5199518 -4.378918 8.839644 -14.5762377 -4.02157354 7.00825 -6.27432 -4.52628231 9.513055 -5.785534 -4.52628231 9.513055 -5.801185 -4.0171566 12.3688259 -6.290773 -4.0171566 12.3688259 -5.801185 -4.0171566 12.3688259 -5.816832 -3.50803018 9.513055 -6.371451 -4.017155 6.35631657 -6.38623762 -3.55961132 7.80908 -6.30722952 -3.508031 7.7176404 -6.356662 -4.4747 7.80908 -6.27432 -4.52628231 7.7176404 -6.27432 -4.52628231 9.513055 -6.38623762 -3.55961132 7.80908 -6.38623762 -3.55961 9.422598 -6.30722952 -3.50803018 9.513055 -6.371451 -4.0171566 12.11165 -6.356662 -4.47470045 9.422598 -6.27432 -4.52628231 9.513055 -5.801185 -4.01715469 6.1011 -5.816832 -3.508031 7.7176404 -5.816832 -3.50803018 9.513055 -5.785534 -4.52628231 9.513055 -5.785534 -4.52628231 7.7176404 -6.30722952 -3.508031 7.7176404 -6.30722952 -3.50803018 9.513055 -5.816832 -3.50803018 9.513055 -6.27432 -4.52628231 7.7176404 -6.290773 -4.01715469 6.1011 -5.801185 -4.01715469 6.1011 -6.290773 -4.01715469 6.1011 -6.30722952 -3.508031 7.7176404 -5.816832 -3.508031 7.7176404 -6.27432 -4.52628231 9.513055 -6.27432 -4.52628231 7.7176404 -5.785534 -4.52628231 7.7176404 -7.677049 -4.26995373 8.370646 -7.677049 -4.26995373 8.839644 -7.32115936 -4.26574326 8.839644 -7.32115936 -4.26574326 8.839644 -7.677049 -4.26995373 8.839644 -7.67507029 -4.68974447 8.370646 -7.67507029 -4.68974447 8.839644 -7.677049 -4.26995373 8.839644 -7.31918526 -4.685534 8.839644 -7.31918526 -4.685534 8.370646 -7.32115936 -4.26574326 8.370646 -16.3660126 -4.021574 8.839644 -16.3660126 -4.021574 8.839644 -6.27290535 -5.75961828 8.200005 -6.34015942 -6.262501 9.227281 -6.91832256 -5.675649 9.281521 -6.90768147 -6.26057 9.308643 -6.718506 -6.26121426 9.281521 -6.34015942 -6.262501 8.025848 -6.34015942 -5.674362 9.227281 -6.34015942 -5.674362 8.025848 -7.207405 -5.676292 9.308641 -6.90768147 -6.26057 7.94448662 -6.893591 -4.723915 7.94448662 -6.91832256 -5.675649 7.97160673 -6.90768147 -6.26057 7.94448662 -7.207405 -5.676292 7.94448662 -6.34015942 -5.674362 8.025848 -6.52933359 -6.261857 7.99872732 -6.62924051 -5.675006 7.99872732 -6.617749 -4.71769238 7.985168 -6.34015942 -5.674362 9.227281 -6.52933359 -6.261857 9.254403 -6.34015942 -6.262501 9.227281 -6.62924051 -5.675006 7.99872732 -6.718506 -6.26121426 7.97160673 -6.91832256 -5.675649 7.97160673 -6.91832256 -5.675649 9.281521 -6.62924051 -5.675006 9.254403 -6.718506 -6.26121426 9.281521 -6.52933359 -6.261857 9.254403 -6.893591 -4.723915 7.94448662 -6.80349 -4.36226273 8.370646 -7.42250538 -4.477062 7.761409 -6.768042 -5.19638 9.27474 -6.893591 -4.72391367 9.308641 -7.0504775 -5.200973 9.308641 -6.617749 -4.717692 9.2679615 -6.768042 -5.19638 7.9783864 -6.893591 -4.723915 7.94448662 -6.617749 -4.71769238 7.985168 -6.617749 -4.71769238 7.985168 -6.356662 -4.4747 7.80908 -6.34190559 -4.71147156 8.025848 -6.34015942 -5.674362 8.025848 -6.617749 -4.71769238 7.985168 -6.34190559 -4.71147156 8.025848 -6.34190559 -4.71146965 9.227282 -6.34015942 -5.674362 9.227281 -6.617749 -4.717692 9.2679615 -6.62924051 -5.675006 9.254403 -6.91832256 -5.675649 7.97160673 -7.0504775 -5.200973 7.94448662 -6.768042 -5.19638 7.9783864 -6.768042 -5.19638 9.27474 -6.91832256 -5.675649 9.281521 -7.0504775 -5.200973 9.308641 -7.207405 -5.676292 9.308641 -7.0504775 -5.200973 7.94448662 -7.0504775 -5.200973 8.83964348 -7.32115936 -4.26574326 8.370646 -6.893591 -4.72391367 9.308641 -6.65855169 -4.480849 9.47723 -7.42250538 -4.47706127 9.493297 -7.207405 -5.676292 8.83964348 -7.31918526 -4.685534 8.839644 -7.67507029 -4.68974447 8.370646 -7.43648672 -4.0445323 12.289176 -6.371451 -4.017155 6.35631657 -6.688125 -3.56575942 7.754447 -6.38623762 -3.55961132 7.80908 -6.34190559 -4.71146965 9.227282 -6.617749 -4.717692 9.2679615 -6.356662 -4.47470045 9.422598 -6.65855169 -4.480849 9.47723 -6.893591 -4.723915 7.94448662 -6.578702 -4.357684 7.985168 -6.617749 -4.71769238 7.985168 -6.893591 -4.72391367 9.308641 -6.27290535 -5.75961828 9.053122 -2.94963455 -7.168248 9.053122 -2.94963455 -6.750622 8.200005 -6.38623762 -3.55961 9.422598 -6.371451 -4.0171566 12.11165 -6.688125 -3.56576037 9.47723 -6.673339 -4.023305 12.2655506 -6.371451 -4.0171566 12.11165 -6.30722952 -3.50803018 9.513055 -6.38623762 -3.55961 9.422598 -6.673339 -4.023305 6.20241642 -6.578702 -4.357684 7.985168 -6.356662 -4.4747 7.80908 -6.65855169 -4.480849 9.47723 -6.371451 -4.0171566 12.11165 -6.673339 -4.023305 12.2655506 -6.578702 -4.357684 7.985168 -6.371451 -4.017155 6.35631657 -6.356662 -4.4747 7.80908 -9.918665 -4.021573 6.45301342 -9.931185 -3.63404346 8.869849 -6.290773 -4.0171566 12.3688259 -6.30722952 -3.50803018 9.513055 -6.290773 -4.01715469 6.1011 -6.356662 -4.47470045 9.422598 -6.30722952 -3.508031 7.7176404 -6.371451 -4.0171566 12.11165 -6.27432 -4.52628231 9.513055 -6.290773 -4.0171566 12.3688259 -5.801185 -4.0171566 12.3688259 -5.816832 -3.508031 7.7176404 -5.785534 -4.52628231 7.7176404 -5.801185 -4.01715469 6.1011 -5.785534 -4.52628231 9.513055 -7.32115936 -4.26574326 8.370646 -7.677049 -4.26995373 8.370646 -7.32115936 -4.26574326 8.839644</float_array>
          <technique_common>
            <accessor source="#Wing_Std__m_Wing-position-array" count="842" stride="3">
              <param name="X" type="float" />
              <param name="Y" type="float" />
              <param name="Z" type="float" />
            </accessor>
          </technique_common>
        </source>
        <source id="Wing_Std__m_Wing-normal">
          <float_array id="Wing_Std__m_Wing-normal-array" count="2526">0 0 -1 0 0 -1 0 0 -1 -0.9315069 0 0.360078275 -0.9315069 0 0.360078275 -0.9315069 0 0.360078275 0 1 0 0 1 0 0 1 0 0 -1 0 0 -1 0 0 -1 0 0 0 1 0 0 1 0 0 1 -0.0919765159 0.04696673 0.9941292 -0.0919765159 0.04696673 0.9941292 -0.0919765159 0.04696673 0.9941292 -0.7847358 -0.6183953 0 -0.7847358 -0.6183953 0 -0.7847358 -0.6183953 0 -0.7847358 0.6183953 0 -0.7847358 0.6183953 0 -0.7847358 0.6183953 0 -0.9315069 0 -0.360078275 -0.9315069 0 -0.360078275 -0.9315069 0 -0.360078275 0.888454 -0.455968678 0 0.888454 -0.455968678 0 0.888454 -0.455968678 0 0 -0.99804306 0 0 -0.99804306 0 0 -0.99804306 0 0.9491194 0.3111546 0 0.9491194 0.3111546 0 0.9491194 0.3111546 0 -0.1409002 0.04696673 -0.9882583 -0.1409002 0.04696673 -0.9882583 -0.1409002 0.04696673 -0.9882583 -0.1409002 0 -0.9882583 -0.1409002 0 -0.9882583 -0.1409002 0 -0.9882583 0.99804306 0.009784736 0 0.99804306 0.009784736 0 0.99804306 0.009784736 0 0 -0.99804306 0 0 -0.99804306 0 0 -0.99804306 0 -0.0919765159 0.0156555772 0.9941292 -0.0919765159 0.0156555772 0.9941292 -0.0919765159 0.0156555772 0.9941292 -0.1409002 0.0234833658 -0.9882583 -0.1409002 0.0234833658 -0.9882583 -0.1409002 0.0234833658 -0.9882583 0 0.99804306 0 0 0.99804306 0 0 0.99804306 0 0 -0.99804306 0 -0.0919765159 0.0293542072 0.9941292 -0.0919765159 0.0293542072 0.9941292 -0.0919765159 0.0293542072 0.9941292 0.9667319 0.2407045 0 0.9667319 0.2407045 0 0.9667319 0.2407045 0 -0.144814089 -0.0293542072 0.9882583 -0.144814089 -0.0293542072 0.9882583 -0.144814089 -0.0293542072 0.9882583 -0.953033268 -0.2994129 0 -0.953033268 -0.2994129 0 -0.953033268 -0.2994129 0 -0.119373776 -0.0371819958 -0.9882583 -0.119373776 -0.0371819958 -0.9882583 -0.119373776 -0.0371819958 -0.9882583 0.5968689 0.0645792559 -0.7964775 0.5968689 0.0645792559 -0.7964775 0.5968689 0.0645792559 -0.7964775 -0.0919765159 -0.01369863 -0.9941292 -0.0919765159 -0.01369863 -0.9941292 -0.0919765159 -0.01369863 -0.9941292 -0.99804306 0 0 -0.99804306 0 0 -0.99804306 0 0 -0.144814089 0 0.9882583 -0.144814089 0 0.9882583 -0.144814089 0 0.9882583 -0.0919765159 -0.0293542072 -0.9941292 -0.0919765159 -0.0293542072 -0.9941292 -0.0919765159 -0.0293542072 -0.9941292 -0.953033268 -0.297455966 0 -0.953033268 -0.297455966 0 -0.953033268 -0.297455966 0 -0.119373776 -0.0215264186 0.9921722 -0.119373776 -0.0215264186 0.9921722 -0.119373776 -0.0215264186 0.9921722 0.9491194 0.3111546 0 0.9491194 0.3111546 0 0.9491194 0.3111546 0 0 0 -1 0 0 -1 0 0 -1 0 -0.99804306 0 0 -0.99804306 0 0 -0.99804306 0 0.9491194 0.3111546 0 0.9491194 0.3111546 0 0 -0.99804306 0 0.888454 -0.455968678 0 0.888454 -0.455968678 0 0.888454 -0.455968678 0 -0.7847358 -0.6183953 0 -0.7847358 -0.6183953 0 0 -1 0 0 -1 0 0 -1 0 -0.7847358 -0.6183953 0 -0.7847358 -0.6183953 0 0 -0.99804306 0 0 -0.99804306 0 0.9491194 0.3111546 0 0.9491194 0.3111546 0 0 -0.99804306 0 0 -0.99804306 0 0.9491194 0.3111546 0 0.9491194 0.3111546 0 0.9491194 0.3111546 0 0.888454 -0.455968678 0 0 -1 0 0 0 -1 0 0 -1 0.9667319 0.2407045 0 0.9667319 0.2407045 0 -0.12328767 -0.6438356 0.7514677 -0.12328767 -0.6438356 0.7514677 -0.12328767 -0.6438356 0.7514677 0 0 1 0 0 1 0 0 1 -0.8864971 0.4598826 0 -0.8864971 0.4598826 0 -0.8864971 0.4598826 0 0.902152658 -0.4266145 0 0.902152658 -0.4266145 0 0.902152658 -0.4266145 0 -0.205479458 0.0039138943 0.9784736 0.0332681 0.9960861 0.0782778859 0.0293542072 0.9941292 0.08414873 -0.119373776 0.9510763 -0.2778865 -0.119373776 0.9510763 -0.2778865 -0.119373776 0.9510763 -0.2778865 0.7553816 -0.6320939 0.168297455 0 -0.99804306 -0.0156555772 0.7573385 -0.6320939 -0.152641878 0.0704501 -0.0176125243 -0.9960861 0.04696673 -0.9882583 -0.115459882 0.0176125243 -0.9921722 -0.1037182 -0.99804306 0.06066536 0 -0.99804306 0.06066536 0 -0.99804306 0.06066536 0 -0.127201572 -0.6262231 0.7671233 -0.127201572 -0.6262231 0.7671233 -0.127201572 -0.6262231 0.7671233 -0.268101752 -0.12328767 -0.953033268 -0.268101752 -0.12328767 -0.953033268 -0.268101752 -0.12328767 -0.953033268 0.50097847 -0.6340509 -0.5851272 0.50097847 -0.6340509 -0.5851272 0.50097847 -0.6340509 -0.5851272 0.2857143 -0.9549902 0 0.2857143 -0.9549902 0 0.2857143 -0.9549902 0 0.2857143 -0.9549902 0 0.2857143 -0.9549902 0 0 0 1 0.2857143 -0.9549902 0 0.2857143 -0.9549902 0 -0.2857143 0.9549902 0 -0.2857143 0.9549902 0 -0.2857143 0.9549902 0 0 0 -1 0 0 -1 0.0176125243 0.986301363 -0.148727983 0.03522505 0.99804306 0 0.03522505 0.99804306 0 0.0176125243 0.99804306 0 0.0176125243 0.99804306 0 0.0176125243 0.99804306 0 0.0371819958 0.9882583 -0.135029361 0 -0.99804306 0.0156555772 -0.009784736 0.9843444 0.16438356 -0.009784736 0.9843444 0.16438356 -0.009784736 0.9843444 0.16438356 0.493150681 0.853229 0.152641878 0.493150681 0.853229 0.152641878 0.493150681 0.853229 0.152641878 0.0704501 -0.0176125243 -0.9960861 -0.2446184 -0.0156555772 -0.9667319 0.6771037 -0.7005871 -0.211350292 0.6771037 -0.7005871 -0.211350292 0.6771037 -0.7005871 -0.211350292 -0.04892368 -0.9843444 0.16438356 -0.04892368 -0.9843444 0.16438356 -0.04892368 -0.9843444 0.16438356 0.08414873 -0.9941292 0.0430528373 0.0430528373 -0.9960861 0.0665362 0.007827789 0.99804306 0 0.08023483 -0.0156555772 -0.9960861 -0.115459882 -0.974559665 -0.185909986 -0.115459882 -0.974559665 -0.185909986 -0.115459882 -0.974559665 -0.185909986 -0.205479458 0.0039138943 0.9784736 -0.06849315 -0.868884563 0.4892368 0.009784736 0.9960861 0.07436399 0.211350292 0.00195694715 0.9765166 0.0156555772 0.9960861 0.07632094 0.09001957 -0.007827789 0.9941292 0.0156555772 -0.9960861 0.07436399 0.211350292 0.00195694715 0.9765166 0.01369863 0.9882583 -0.1330724 0.009784736 0.9882583 -0.135029361 0.08023483 -0.0156555772 -0.9960861 0.01369863 -0.9882583 -0.127201572 0.0039138943 -0.99804306 0 0.09001957 -0.007827789 0.9941292 0.007827789 0.99804306 0 0.0508806258 -0.01369863 0.99804306 0.131115466 0 -0.9882583 0.09784736 0.00195694715 -0.9941292 0.2778865 0 0.9589041 0.0234833658 0.9921722 0.111545987 0.2778865 0 0.9589041 0.009784736 0.99804306 0 0.0176125243 0.9882583 -0.1409002 0.0215264186 -0.9921722 0.115459882 0.131115466 0 -0.9882583 0.0156555772 -0.9882583 -0.1409002 0.0039138943 0.99804306 0 0.0039138943 0.99804306 0 0.0039138943 0.99804306 0 0.0039138943 -0.99804306 0 0.009784736 0.99804306 0 0.08806262 -0.9941292 -0.0156555772 0 -0.99804306 0 0.00195694715 0.99804306 0 0.09001957 0.9941292 -0.0156555772 0.00195694715 0.99804306 0 0.2818004 0 -0.9549902 0.3561644 0 0.9334638 0.101761252 0.9784736 0.16438356 0.3561644 0 0.9334638 0.09784736 0.9784736 -0.16438356 0 -0.99804306 0 0.8003914 0 -0.5988258 0.9843444 0 -0.1741683 0.7964775 0 0.602739751 0.1037182 -0.9784736 0.16438356 0.7964775 0 0.602739751 0.101761252 -0.9784736 -0.168297455 0.8003914 0 -0.5988258 0.9843444 0 -0.1741683 0.09001957 0.9941292 0.01369863 0.08806262 -0.9941292 0.01369863 0.2818004 0 -0.9549902 0 -0.9843444 0.1741683 0 -0.9843444 0.1741683 0 -0.9843444 0.1741683 0 0.9843444 0.1741683 0 0.9843444 0.1741683 0 0.9843444 0.1741683 0.698630154 0.6771037 -0.219178081 0.698630154 0.6771037 -0.219178081 0.698630154 0.6771037 -0.219178081 0.5303327 -0.8473581 0 0.5303327 -0.8473581 0 0.5303327 -0.8473581 0 0.545988262 0.8356164 0 0.545988262 0.8356164 0 0.545988262 0.8356164 0 0.6223092 -0.771037161 0.127201572 0.6223092 -0.771037161 0.127201572 0.6223092 -0.771037161 0.127201572 -0.99804306 0.0293542072 0 -0.99804306 0.0293542072 0 -0.99804306 0.0293542072 0 -0.99804306 0.0293542072 0 -0.99804306 0.0293542072 0 0 1 0 0 1 0 0 1 0 0 -0.953033268 -0.2994129 0 -0.953033268 -0.2994129 0 -0.953033268 -0.2994129 0 0.953033268 -0.2994129 0 0.953033268 -0.2994129 0 0.953033268 -0.2994129 0 -1 0 0 -1 0 0 -1 0 0.5812133 0.5714286 -0.5772994 -0.5714286 0.5812133 0.5753425 0.5812133 0.5714286 0.5772994 0 0 1 0 0 1 0.99804306 -0.00195694715 0 0.99804306 -0.00195694715 0 0.99804306 -0.00195694715 0 -0.99804306 0.00195694715 0 -0.99804306 0.00195694715 0 -0.99804306 0.00195694715 0 0.9784736 0 0.189823881 0.9784736 0 0.189823881 0 0 -1 -0.9315069 0 0.360078275 0 1 0 0 -1 0 0 0 1 -0.1409002 0.04696673 0.9882583 -0.1409002 0.04696673 0.9882583 -0.1409002 0.04696673 0.9882583 -0.7847358 -0.6183953 0 -0.7847358 0.6183953 0 -0.9315069 0 -0.360078275 0.888454 -0.455968678 0 0 -0.99804306 0 0.9491194 0.3111546 0 -0.0919765159 0.04696673 -0.9941292 -0.0919765159 0.04696673 -0.9941292 -0.0919765159 0.04696673 -0.9941292 -0.0919765159 0.0156555772 -0.9941292 -0.0919765159 0.0156555772 -0.9941292 -0.0919765159 0.0156555772 -0.9941292 0.99804306 0.009784736 0 -0.1409002 0 0.9882583 -0.1409002 0 0.9882583 -0.1409002 0 0.9882583 -0.0919765159 0.0293542072 -0.9941292 -0.0919765159 0.0293542072 -0.9941292 -0.0919765159 0.0293542072 -0.9941292 0 0.99804306 0 -0.1409002 0.0234833658 0.9882583 -0.1409002 0.0234833658 0.9882583 -0.1409002 0.0234833658 0.9882583 0.4970646 -0.6046967 0.6183953 0.4970646 -0.6046967 0.6183953 0.4970646 -0.6046967 0.6183953 -0.119373776 -0.0371819958 0.9882583 -0.119373776 -0.0371819958 0.9882583 -0.119373776 -0.0371819958 0.9882583 -0.953033268 -0.2994129 0 -0.144814089 -0.0293542072 -0.9882583 -0.144814089 -0.0293542072 -0.9882583 -0.144814089 -0.0293542072 -0.9882583 -0.12328767 -0.66536206 -0.7338552 -0.12328767 -0.66536206 -0.7338552 -0.12328767 -0.66536206 -0.7338552 -0.144814089 0 -0.9882583 -0.144814089 0 -0.9882583 -0.144814089 0 -0.9882583 -0.99804306 0 0 -0.0919765159 -0.01369863 0.9941292 -0.0919765159 -0.01369863 0.9941292 -0.0919765159 -0.01369863 0.9941292 -0.119373776 -0.0215264186 -0.9921722 -0.119373776 -0.0215264186 -0.9921722 -0.119373776 -0.0215264186 -0.9921722 -0.953033268 -0.297455966 0 -0.0919765159 -0.0293542072 0.9941292 -0.0919765159 -0.0293542072 0.9941292 -0.0919765159 -0.0293542072 0.9941292 0.9491194 0.3111546 0 0.9491194 0.3111546 0 0 0 -1 -0.01369863 -0.5772994 0.81409 -0.01369863 -0.5772994 0.81409 -0.01369863 -0.5772994 0.81409 0 0 1 -0.8864971 0.4598826 0 0.902152658 -0.4266145 0 0.0508806258 -0.01369863 0.99804306 -0.0332681 0.953033268 -0.2994129 -0.0332681 0.953033268 -0.2994129 -0.0332681 0.953033268 -0.2994129 -0.99804306 0.06066536 0 -0.148727983 -0.6399217 0.7514677 -0.148727983 -0.6399217 0.7514677 -0.148727983 -0.6399217 0.7514677 -0.144814089 -0.0156555772 -0.9882583 -0.144814089 -0.0156555772 -0.9882583 -0.144814089 -0.0156555772 -0.9882583 0.9667319 0.2407045 0 0 0 1 0.2857143 -0.9549902 0 -0.2857143 0.9549902 0 0.0176125243 0.99804306 0 -0.06066536 0.9843444 0.160469666 -0.06066536 0.9843444 0.160469666 -0.06066536 0.9843444 0.160469666 0.641878664 0.7514677 0.131115466 0.641878664 0.7514677 0.131115466 0.641878664 0.7514677 0.131115466 -0.2446184 -0.0156555772 -0.9667319 0.211350292 -0.5968689 -0.771037161 0.6771037 -0.7005871 -0.211350292 -0.101761252 -0.9784736 0.160469666 -0.101761252 -0.9784736 0.160469666 -0.101761252 -0.9784736 0.160469666 0.592955 -0.7690802 -0.234833658 0.592955 -0.7690802 -0.234833658 0.592955 -0.7690802 -0.234833658 0.09784736 0.00195694715 -0.9941292 0.0039138943 0.99804306 0 0 -0.9843444 0.1741683 0 0.9843444 0.1741683 0.698630154 0.6771037 -0.219178081 0.5303327 -0.8473581 0 0.545988262 0.8356164 0 0.481409 -0.8630137 0.148727983 0.481409 -0.8630137 0.148727983 0.481409 -0.8630137 0.148727983 -0.99804306 0.0293542072 0 0 1 0 0 -0.953033268 -0.2994129 0 0.953033268 -0.2994129 0 -1 0 -0.5714286 0.5812133 -0.5753425 0.99804306 -0.00195694715 0 -0.99804306 0.00195694715 0 0 0 -1 0 0 -1 0 0 -1 0.9315069 0 0.360078275 0.9315069 0 0.360078275 0.9315069 0 0.360078275 0 1 0 0 1 0 0 -1 0 0 -1 0 0 0 1 0 0 1 0.0919765159 0.04696673 0.9941292 0.0919765159 0.04696673 0.9941292 0.0919765159 0.04696673 0.9941292 0.7847358 -0.6183953 0 0.7847358 -0.6183953 0 0.7847358 -0.6183953 0 0.7847358 0.6183953 0 0.7847358 0.6183953 0 0.7847358 0.6183953 0 0.9315069 0 -0.360078275 0.9315069 0 -0.360078275 0.9315069 0 -0.360078275 -0.888454 -0.455968678 0 -0.888454 -0.455968678 0 -0.888454 -0.455968678 0 0 -0.99804306 0 0 -0.99804306 0 0 -0.99804306 0 -0.9491194 0.3111546 0 -0.9491194 0.3111546 0 -0.9491194 0.3111546 0 0.1409002 0.04696673 -0.9882583 0.1409002 0.04696673 -0.9882583 0.1409002 0.04696673 -0.9882583 0.1409002 0 -0.9882583 0.1409002 0 -0.9882583 0.1409002 0 -0.9882583 -0.99804306 0.009784736 0 -0.99804306 0.009784736 0 -0.99804306 0.009784736 0 0 -0.99804306 0 0 -0.99804306 0 0 -0.99804306 0 0.0919765159 0.0156555772 0.9941292 0.0919765159 0.0156555772 0.9941292 0.0919765159 0.0156555772 0.9941292 0.1409002 0.0234833658 -0.9882583 0.1409002 0.0234833658 -0.9882583 0.1409002 0.0234833658 -0.9882583 0 0.99804306 0 0 0.99804306 0 0 0.99804306 0 0 -0.99804306 0 0.0919765159 0.0293542072 0.9941292 0.0919765159 0.0293542072 0.9941292 0.0919765159 0.0293542072 0.9941292 -0.9667319 0.2407045 0 -0.9667319 0.2407045 0 -0.9667319 0.2407045 0 0.144814089 -0.0293542072 0.9882583 0.144814089 -0.0293542072 0.9882583 0.144814089 -0.0293542072 0.9882583 0.953033268 -0.2994129 0 0.953033268 -0.2994129 0 0.953033268 -0.2994129 0 0.119373776 -0.0371819958 -0.9882583 0.119373776 -0.0371819958 -0.9882583 0.119373776 -0.0371819958 -0.9882583 -0.5968689 0.0645792559 -0.7964775 -0.5968689 0.0645792559 -0.7964775 -0.5968689 0.0645792559 -0.7964775 0.0919765159 -0.01369863 -0.9941292 0.0919765159 -0.01369863 -0.9941292 0.0919765159 -0.01369863 -0.9941292 0.99804306 0 0 0.99804306 0 0 0.99804306 0 0 0.144814089 0 0.9882583 0.144814089 0 0.9882583 0.144814089 0 0.9882583 0.0919765159 -0.0293542072 -0.9941292 0.0919765159 -0.0293542072 -0.9941292 0.0919765159 -0.0293542072 -0.9941292 0.953033268 -0.297455966 0 0.953033268 -0.297455966 0 0.953033268 -0.297455966 0 0.119373776 -0.0215264186 0.9921722 0.119373776 -0.0215264186 0.9921722 0.119373776 -0.0215264186 0.9921722 -0.9491194 0.3111546 0 -0.9491194 0.3111546 0 -0.9491194 0.3111546 0 0 0 -1 0 0 -1 0 0 -1 0 -0.99804306 0 0 -0.99804306 0 0 -0.99804306 0 -0.9491194 0.3111546 0 -0.9491194 0.3111546 0 0 -0.99804306 0 -0.888454 -0.455968678 0 -0.888454 -0.455968678 0 -0.888454 -0.455968678 0 0.7847358 -0.6183953 0 0.7847358 -0.6183953 0 0 -1 0 0 -1 0 0.7847358 -0.6183953 0 0.7847358 -0.6183953 0 0 -0.99804306 0 0 -0.99804306 0 -0.9491194 0.3111546 0 -0.9491194 0.3111546 0 0 -0.99804306 0 0 -0.99804306 0 -0.9491194 0.3111546 0 -0.9491194 0.3111546 0 -0.9491194 0.3111546 0 -0.888454 -0.455968678 0 0 0 -1 0 0 -1 -0.9667319 0.2407045 0 -0.9667319 0.2407045 0 0.12328767 -0.6438356 0.7514677 0.12328767 -0.6438356 0.7514677 0.12328767 -0.6438356 0.7514677 0 0 1 0 0 1 0 0 1 0.8864971 0.4598826 0 0.8864971 0.4598826 0 0.8864971 0.4598826 0 -0.902152658 -0.4266145 0 -0.902152658 -0.4266145 0 -0.902152658 -0.4266145 0 0.205479458 0.0039138943 0.9784736 -0.0293542072 0.9941292 0.08414873 -0.0332681 0.9960861 0.0782778859 0.119373776 0.9510763 -0.2778865 0.119373776 0.9510763 -0.2778865 0.119373776 0.9510763 -0.2778865 -0.7553816 -0.6320939 0.168297455 -0.7573385 -0.6320939 -0.152641878 0 -0.99804306 -0.0156555772 -0.0704501 -0.0176125243 -0.9960861 -0.0176125243 -0.9921722 -0.1037182 -0.04696673 -0.9882583 -0.115459882 0.99804306 0.06066536 0 0.99804306 0.06066536 0 0.99804306 0.06066536 0 0.127201572 -0.6262231 0.7671233 0.127201572 -0.6262231 0.7671233 0.127201572 -0.6262231 0.7671233 0.268101752 -0.12328767 -0.953033268 0.268101752 -0.12328767 -0.953033268 0.268101752 -0.12328767 -0.953033268 -0.50097847 -0.6340509 -0.5851272 -0.50097847 -0.6340509 -0.5851272 -0.50097847 -0.6340509 -0.5851272 -0.2857143 -0.9549902 0 -0.2857143 -0.9549902 0 -0.2857143 -0.9549902 0 -0.2857143 -0.9549902 0 -0.2857143 -0.9549902 0 0 0 1 -0.2857143 -0.9549902 0 -0.2857143 -0.9549902 0 0.2857143 0.9549902 0 0.2857143 0.9549902 0 0.2857143 0.9549902 0 -0.0176125243 0.986301363 -0.148727983 -0.03522505 0.99804306 0 -0.03522505 0.99804306 0 -0.0176125243 0.99804306 0 -0.0176125243 0.99804306 0 -0.0176125243 0.99804306 0 -0.0371819958 0.9882583 -0.135029361 0 -0.99804306 0.0156555772 0.009784736 0.9843444 0.16438356 0.009784736 0.9843444 0.16438356 0.009784736 0.9843444 0.16438356 -0.493150681 0.853229 0.152641878 -0.493150681 0.853229 0.152641878 -0.493150681 0.853229 0.152641878 -0.0704501 -0.0176125243 -0.9960861 0.2446184 -0.0156555772 -0.9667319 -0.6771037 -0.7005871 -0.211350292 -0.6771037 -0.7005871 -0.211350292 -0.6771037 -0.7005871 -0.211350292 0.04892368 -0.9843444 0.16438356 0.04892368 -0.9843444 0.16438356 0.04892368 -0.9843444 0.16438356 -0.08414873 -0.9941292 0.0430528373 -0.0430528373 -0.9960861 0.0665362 -0.007827789 0.99804306 0 -0.08023483 -0.0156555772 -0.9960861 0.115459882 -0.974559665 -0.185909986 0.115459882 -0.974559665 -0.185909986 0.115459882 -0.974559665 -0.185909986 0.06849315 -0.868884563 0.4892368 0.205479458 0.0039138943 0.9784736 -0.009784736 0.9960861 0.07436399 -0.0156555772 0.9960861 0.07632094 -0.211350292 0.00195694715 0.9765166 -0.09001957 -0.007827789 0.9941292 -0.211350292 0.00195694715 0.9765166 -0.0156555772 -0.9960861 0.07436399 -0.009784736 0.9882583 -0.135029361 -0.01369863 0.9882583 -0.1330724 -0.08023483 -0.0156555772 -0.9960861 -0.01369863 -0.9882583 -0.127201572 -0.0039138943 -0.99804306 0 -0.09001957 -0.007827789 0.9941292 -0.007827789 0.99804306 0 -0.0508806258 -0.01369863 0.99804306 -0.09784736 0.00195694715 -0.9941292 -0.131115466 0 -0.9882583 -0.0234833658 0.9921722 0.111545987 -0.2778865 0 0.9589041 -0.2778865 0 0.9589041 -0.009784736 0.99804306 0 -0.0176125243 0.9882583 -0.1409002 -0.0215264186 -0.9921722 0.115459882 -0.0156555772 -0.9882583 -0.1409002 -0.131115466 0 -0.9882583 -0.0039138943 0.99804306 0 -0.0039138943 0.99804306 0 -0.0039138943 0.99804306 0 -0.0039138943 -0.99804306 0 -0.009784736 0.99804306 0 0 -0.99804306 0 -0.08806262 -0.9941292 -0.0156555772 -0.00195694715 0.99804306 0 -0.00195694715 0.99804306 0 -0.09001957 0.9941292 -0.0156555772 -0.2818004 0 -0.9549902 -0.101761252 0.9784736 0.16438356 -0.3561644 0 0.9334638 -0.3561644 0 0.9334638 -0.09784736 0.9784736 -0.16438356 0 -0.99804306 0 -0.8003914 0 -0.5988258 -0.9843444 0 -0.1741683 -0.7964775 0 0.602739751 -0.1037182 -0.9784736 0.16438356 -0.7964775 0 0.602739751 -0.101761252 -0.9784736 -0.168297455 -0.9843444 0 -0.1741683 -0.8003914 0 -0.5988258 -0.09001957 0.9941292 0.01369863 -0.08806262 -0.9941292 0.01369863 -0.2818004 0 -0.9549902 0 -0.9843444 0.1741683 0 -0.9843444 0.1741683 0 -0.9843444 0.1741683 0 0.9843444 0.1741683 0 0.9843444 0.1741683 0 0.9843444 0.1741683 -0.698630154 0.6771037 -0.219178081 -0.698630154 0.6771037 -0.219178081 -0.698630154 0.6771037 -0.219178081 -0.5303327 -0.8473581 0 -0.5303327 -0.8473581 0 -0.5303327 -0.8473581 0 -0.545988262 0.8356164 0 -0.545988262 0.8356164 0 -0.545988262 0.8356164 0 -0.6223092 -0.771037161 0.127201572 -0.6223092 -0.771037161 0.127201572 -0.6223092 -0.771037161 0.127201572 0.99804306 0.0293542072 0 0.99804306 0.0293542072 0 0.99804306 0.0293542072 0 0.99804306 0.0293542072 0 0.99804306 0.0293542072 0 0 1 0 0 1 0 0 1 0 0 -0.953033268 -0.2994129 0 -0.953033268 -0.2994129 0 -0.953033268 -0.2994129 0 0.953033268 -0.2994129 0 0.953033268 -0.2994129 0 0.953033268 -0.2994129 0 -1 0 0 -1 0 0 -1 0 -0.5812133 0.5714286 -0.5772994 -0.5812133 0.5714286 0.5772994 0.5714286 0.5812133 0.5753425 0 0 1 0 0 1 -0.99804306 -0.00195694715 0 -0.99804306 -0.00195694715 0 -0.99804306 -0.00195694715 0 0.99804306 0.00195694715 0 0.99804306 0.00195694715 0 0.99804306 0.00195694715 0 -0.9784736 0 0.189823881 -0.9784736 0 0.189823881 0 0 -1 0.9315069 0 0.360078275 0.1409002 0.04696673 0.9882583 0.1409002 0.04696673 0.9882583 0.1409002 0.04696673 0.9882583 0.7847358 -0.6183953 0 0.7847358 0.6183953 0 0.9315069 0 -0.360078275 -0.888454 -0.455968678 0 0 -0.99804306 0 -0.9491194 0.3111546 0 0.0919765159 0.04696673 -0.9941292 0.0919765159 0.04696673 -0.9941292 0.0919765159 0.04696673 -0.9941292 0.0919765159 0.0156555772 -0.9941292 0.0919765159 0.0156555772 -0.9941292 0.0919765159 0.0156555772 -0.9941292 -0.99804306 0.009784736 0 0.1409002 0 0.9882583 0.1409002 0 0.9882583 0.1409002 0 0.9882583 0.0919765159 0.0293542072 -0.9941292 0.0919765159 0.0293542072 -0.9941292 0.0919765159 0.0293542072 -0.9941292 0 0.99804306 0 0.1409002 0.0234833658 0.9882583 0.1409002 0.0234833658 0.9882583 0.1409002 0.0234833658 0.9882583 -0.4970646 -0.6046967 0.6183953 -0.4970646 -0.6046967 0.6183953 -0.4970646 -0.6046967 0.6183953 0.119373776 -0.0371819958 0.9882583 0.119373776 -0.0371819958 0.9882583 0.119373776 -0.0371819958 0.9882583 0.953033268 -0.2994129 0 0.144814089 -0.0293542072 -0.9882583 0.144814089 -0.0293542072 -0.9882583 0.144814089 -0.0293542072 -0.9882583 0.12328767 -0.66536206 -0.7338552 0.12328767 -0.66536206 -0.7338552 0.12328767 -0.66536206 -0.7338552 0.144814089 0 -0.9882583 0.144814089 0 -0.9882583 0.144814089 0 -0.9882583 0.99804306 0 0 0.0919765159 -0.01369863 0.9941292 0.0919765159 -0.01369863 0.9941292 0.0919765159 -0.01369863 0.9941292 0.119373776 -0.0215264186 -0.9921722 0.119373776 -0.0215264186 -0.9921722 0.119373776 -0.0215264186 -0.9921722 0.953033268 -0.297455966 0 0.0919765159 -0.0293542072 0.9941292 0.0919765159 -0.0293542072 0.9941292 0.0919765159 -0.0293542072 0.9941292 -0.9491194 0.3111546 0 -0.9491194 0.3111546 0 0 0 -1 0.01369863 -0.5772994 0.81409 0.01369863 -0.5772994 0.81409 0.01369863 -0.5772994 0.81409 0 0 1 0.8864971 0.4598826 0 -0.902152658 -0.4266145 0 -0.0508806258 -0.01369863 0.99804306 0.0332681 0.953033268 -0.2994129 0.0332681 0.953033268 -0.2994129 0.0332681 0.953033268 -0.2994129 0.99804306 0.06066536 0 0.148727983 -0.6399217 0.7514677 0.148727983 -0.6399217 0.7514677 0.148727983 -0.6399217 0.7514677 0.144814089 -0.0156555772 -0.9882583 0.144814089 -0.0156555772 -0.9882583 0.144814089 -0.0156555772 -0.9882583 -0.9667319 0.2407045 0 0 0 1 -0.2857143 -0.9549902 0 0.2857143 0.9549902 0 -0.0176125243 0.99804306 0 0.06066536 0.9843444 0.160469666 0.06066536 0.9843444 0.160469666 0.06066536 0.9843444 0.160469666 -0.641878664 0.7514677 0.131115466 -0.641878664 0.7514677 0.131115466 -0.641878664 0.7514677 0.131115466 0.2446184 -0.0156555772 -0.9667319 -0.211350292 -0.5968689 -0.771037161 -0.6771037 -0.7005871 -0.211350292 0.101761252 -0.9784736 0.160469666 0.101761252 -0.9784736 0.160469666 0.101761252 -0.9784736 0.160469666 -0.592955 -0.7690802 -0.234833658 -0.592955 -0.7690802 -0.234833658 -0.592955 -0.7690802 -0.234833658 -0.09784736 0.00195694715 -0.9941292 -0.0039138943 0.99804306 0 0 -0.9843444 0.1741683 0 0.9843444 0.1741683 -0.698630154 0.6771037 -0.219178081 -0.5303327 -0.8473581 0 -0.545988262 0.8356164 0 -0.481409 -0.8630137 0.148727983 -0.481409 -0.8630137 0.148727983 -0.481409 -0.8630137 0.148727983 0.99804306 0.0293542072 0 0 1 0 0 -0.953033268 -0.2994129 0 0.953033268 -0.2994129 0 -1 0 0.5714286 0.5812133 -0.5753425 -0.99804306 -0.00195694715 0 0.99804306 0.00195694715 0</float_array>
          <technique_common>
            <accessor source="#Wing_Std__m_Wing-normal-array" count="842" stride="3">
              <param name="X" type="float" />
              <param name="Y" type="float" />
              <param name="Z" type="float" />
            </accessor>
          </technique_common>
        </source>
        <source id="Wing_Std__m_Wing-color">
          <float_array id="Wing_Std__m_Wing-color-array" count="3368">1 1 1 1 1 1 1 1 1 1 1 1 1 1 1 1 1 1 1 1 1 1 1 1 1 1 1 1 1 1 1 1 1 1 1 1 1 1 1 1 1 1 1 1 1 1 1 1 1 1 1 1 1 1 1 1 1 1 1 1 1 1 1 1 1 1 1 1 1 1 1 1 1 1 1 1 1 1 1 1 1 1 1 1 1 1 1 1 1 1 1 1 1 1 1 1 1 1 1 1 1 1 1 1 1 1 1 1 1 1 1 1 1 1 1 1 1 1 1 1 1 1 1 1 1 1 1 1 1 1 1 1 1 1 1 1 1 1 1 1 1 1 1 1 1 1 1 1 1 1 1 1 1 1 1 1 1 1 1 1 1 1 1 1 1 1 1 1 1 1 1 1 1 1 1 1 1 1 1 1 1 1 1 1 1 1 1 1 1 1 1 1 1 1 1 1 1 1 1 1 1 1 1 1 1 1 1 1 1 1 1 1 1 1 1 1 1 1 1 1 1 1 1 1 1 1 1 1 1 1 1 1 1 1 1 1 1 1 1 1 1 1 1 1 1 1 1 1 1 1 1 1 1 1 1 1 1 1 1 1 1 1 1 1 1 1 1 1 1 1 1 1 1 1 1 1 1 1 1 1 1 1 1 1 1 1 1 1 1 1 1 1 1 1 1 1 1 1 1 1 1 1 1 1 1 1 1 1 1 1 1 1 1 1 1 1 1 1 1 1 1 1 1 1 1 1 1 1 1 1 1 1 1 1 1 1 1 1 1 1 1 1 1 1 1 1 1 1 1 1 1 1 1 1 1 1 1 1 1 1 1 1 1 1 1 1 1 1 1 1 1 1 1 1 1 1 1 1 1 1 1 1 1 1 1 1 1 1 1 1 1 1 1 1 1 1 1 1 1 1 1 1 1 1 1 1 1 1 1 1 1 1 1 1 1 1 1 1 1 1 1 1 1 1 1 1 1 1 1 1 1 1 1 1 1 1 1 1 1 1 1 1 1 1 1 1 1 1 1 1 1 1 1 1 1 1 1 1 1 1 1 1 1 1 1 1 1 1 1 1 1 1 1 1 1 1 1 1 1 1 1 1 1 1 1 1 1 1 1 1 1 1 1 1 1 1 1 1 1 1 1 1 1 1 1 1 1 1 1 1 1 1 1 1 1 1 1 1 1 1 1 1 1 1 1 1 1 1 1 1 1 1 1 1 1 1 1 1 1 1 1 1 1 1 1 1 1 1 1 1 1 1 1 1 1 1 1 1 1 1 1 1 1 1 1 1 1 1 1 1 1 1 1 1 1 1 1 1 1 1 1 1 1 1 1 1 1 1 1 1 1 1 1 1 1 1 1 1 1 1 1 1 1 1 1 1 1 1 1 1 1 1 1 1 1 1 1 1 1 1 1 1 1 1 1 1 1 1 1 1 1 1 1 1 1 1 1 1 1 1 1 1 1 1 1 1 1 1 1 1 1 1 1 1 1 1 1 1 1 1 1 1 1 1 1 1 1 1 1 1 1 1 1 1 1 1 1 1 1 1 1 1 1 1 1 1 1 1 1 1 1 1 1 1 1 1 1 1 1 1 1 1 1 1 1 1 1 1 1 1 1 1 1 1 1 1 1 1 1 1 1 1 1 1 1 1 1 1 1 1 1 1 1 1 1 1 1 1 1 1 1 1 1 1 1 1 1 1 1 1 1 1 1 1 1 1 1 1 1 1 1 1 1 1 1 1 1 1 1 1 1 1 1 1 1 1 1 1 1 1 1 1 1 1 1 1 1 1 1 1 1 1 1 1 1 1 1 1 1 1 1 1 1 1 1 1 1 1 1 1 1 1 1 1 1 1 1 1 1 1 1 1 1 1 1 1 1 1 1 1 1 1 1 1 1 1 1 1 1 1 1 1 1 1 1 1 1 1 1 1 1 1 1 1 1 1 1 1 1 1 1 1 1 1 1 1 1 1 1 1 1 1 1 1 1 1 1 1 1 1 1 1 1 1 1 1 1 1 1 1 1 1 1 1 1 1 1 1 1 1 1 1 1 1 1 1 1 1 1 1 1 1 1 1 1 1 1 1 1 1 1 1 1 1 1 1 1 1 1 1 1 1 1 1 1 1 1 1 1 1 1 1 1 1 1 1 1 1 1 1 1 1 1 1 1 1 1 1 1 1 1 1 1 1 1 1 1 1 1 1 1 1 1 1 1 1 1 1 1 1 1 1 1 1 1 1 1 1 1 1 1 1 1 1 1 1 1 1 1 1 1 1 1 1 1 1 1 1 1 1 1 1 1 1 1 1 1 1 1 1 1 1 1 1 1 1 1 1 1 1 1 1 1 1 1 1 1 1 1 1 1 1 1 1 1 1 1 1 1 1 1 1 1 1 1 1 1 1 1 1 1 1 1 1 1 1 1 1 1 1 1 1 1 1 1 1 1 1 1 1 1 1 1 1 1 1 1 1 1 1 1 1 1 1 1 1 1 1 1 1 1 1 1 1 1 1 1 1 1 1 1 1 1 1 1 1 1 1 1 1 1 1 1 1 1 1 1 1 1 1 1 1 1 1 1 1 1 1 1 1 1 1 1 1 1 1 1 1 1 1 1 1 1 1 1 1 1 1 1 1 1 1 1 1 1 1 1 1 1 1 1 1 1 1 1 1 1 1 1 1 1 1 1 1 1 1 1 1 1 1 1 1 1 1 1 1 1 1 1 1 1 1 1 1 1 1 1 1 1 1 1 1 1 1 1 1 1 1 1 1 1 1 1 1 1 1 1 1 1 1 1 1 1 1 1 1 1 1 1 1 1 1 1 1 1 1 1 1 1 1 1 1 1 1 1 1 1 1 1 1 1 1 1 1 1 1 1 1 1 1 1 1 1 1 1 1 1 1 1 1 1 1 1 1 1 1 1 1 1 1 1 1 1 1 1 1 1 1 1 1 1 1 1 1 1 1 1 1 1 1 1 1 1 1 1 1 1 1 1 1 1 1 1 1 1 1 1 1 1 1 1 1 1 1 1 1 1 1 1 1 1 1 1 1 1 1 1 1 1 1 1 1 1 1 1 1 1 1 1 1 1 1 1 1 1 1 1 1 1 1 1 1 1 1 1 1 1 1 1 1 1 1 1 1 1 1 1 1 1 1 1 1 1 1 1 1 1 1 1 1 1 1 1 1 1 1 1 1 1 1 1 1 1 1 1 1 1 1 1 1 1 1 1 1 1 1 1 1 1 1 1 1 1 1 1 1 1 1 1 1 1 1 1 1 1 1 1 1 1 1 1 1 1 1 1 1 1 1 1 1 1 1 1 1 1 1 1 1 1 1 1 1 1 1 1 1 1 1 1 1 1 1 1 1 1 1 1 1 1 1 1 1 1 1 1 1 1 1 1 1 1 1 1 1 1 1 1 1 1 1 1 1 1 1 1 1 1 1 1 1 1 1 1 1 1 1 1 1 1 1 1 1 1 1 1 1 1 1 1 1 1 1 1 1 1 1 1 1 1 1 1 1 1 1 1 1 1 1 1 1 1 1 1 1 1 1 1 1 1 1 1 1 1 1 1 1 1 1 1 1 1 1 1 1 1 1 1 1 1 1 1 1 1 1 1 1 1 1 1 1 1 1 1 1 1 1 1 1 1 1 1 1 1 1 1 1 1 1 1 1 1 1 1 1 1 1 1 1 1 1 1 1 1 1 1 1 1 1 1 1 1 1 1 1 1 1 1 1 1 1 1 1 1 1 1 1 1 1 1 1 1 1 1 1 1 1 1 1 1 1 1 1 1 1 1 1 1 1 1 1 1 1 1 1 1 1 1 1 1 1 1 1 1 1 1 1 1 1 1 1 1 1 1 1 1 1 1 1 1 1 1 1 1 1 1 1 1 1 1 1 1 1 1 1 1 1 1 1 1 1 1 1 1 1 1 1 1 1 1 1 1 1 1 1 1 1 1 1 1 1 1 1 1 1 1 1 1 1 1 1 1 1 1 1 1 1 1 1 1 1 1 1 1 1 1 1 1 1 1 1 1 1 1 1 1 1 1 1 1 1 1 1 1 1 1 1 1 1 1 1 1 1 1 1 1 1 1 1 1 1 1 1 1 1 1 1 1 1 1 1 1 1 1 1 1 1 1 1 1 1 1 1 1 1 1 1 1 1 1 1 1 1 1 1 1 1 1 1 1 1 1 1 1 1 1 1 1 1 1 1 1 1 1 1 1 1 1 1 1 1 1 1 1 1 1 1 1 1 1 1 1 1 1 1 1 1 1 1 1 1 1 1 1 1 1 1 1 1 1 1 1 1 1 1 1 1 1 1 1 1 1 1 1 1 1 1 1 1 1 1 1 1 1 1 1 1 1 1 1 1 1 1 1 1 1 1 1 1 1 1 1 1 1 1 1 1 1 1 1 1 1 1 1 1 1 1 1 1 1 1 1 1 1 1 1 1 1 1 1 1 1 1 1 1 1 1 1 1 1 1 1 1 1 1 1 1 1 1 1 1 1 1 1 1 1 1 1 1 1 1 1 1 1 1 1 1 1 1 1 1 1 1 1 1 1 1 1 1 1 1 1 1 1 1 1 1 1 1 1 1 1 1 1 1 1 1 1 1 1 1 1 1 1 1 1 1 1 1 1 1 1 1 1 1 1 1 1 1 1 1 1 1 1 1 1 1 1 1 1 1 1 1 1 1 1 1 1 1 1 1 1 1 1 1 1 1 1 1 1 1 1 1 1 1 1 1 1 1 1 1 1 1 1 1 1 1 1 1 1 1 1 1 1 1 1 1 1 1 1 1 1 1 1 1 1 1 1 1 1 1 1 1 1 1 1 1 1 1 1 1 1 1 1 1 1 1 1 1 1 1 1 1 1 1 1 1 1 1 1 1 1 1 1 1 1 1 1 1 1 1 1 1 1 1 1 1 1 1 1 1 1 1 1 1 1 1 1 1 1 1 1 1 1 1 1 1 1 1 1 1 1 1 1 1 1 1 1 1 1 1 1 1 1 1 1 1 1 1 1 1 1 1 1 1 1 1 1 1 1 1 1 1 1 1 1 1 1 1 1 1 1 1 1 1 1 1 1 1 1 1 1 1 1 1 1 1 1 1 1 1 1 1 1 1 1 1 1 1 1 1 1 1 1 1 1 1 1 1 1 1 1 1 1 1 1 1 1 1 1 1 1 1 1 1 1 1 1 1 1 1 1 1 1 1 1 1 1 1 1 1 1 1 1 1 1 1 1 1 1 1 1 1 1 1 1 1 1 1 1 1 1 1 1 1 1 1 1 1 1 1 1 1 1 1 1 1 1 1 1 1 1 1 1 1 1 1 1 1 1 1 1 1 1 1 1 1 1 1 1 1 1 1 1 1 1 1 1 1 1 1 1 1 1 1 1 1 1 1 1 1 1 1 1 1 1 1 1 1 1 1 1 1 1 1 1 1 1 1 1 1 1 1 1 1 1 1 1 1 1 1 1 1 1 1 1 1 1 1 1 1 1 1 1 1 1 1 1 1 1 1 1 1 1 1 1 1 1 1 1 1 1 1 1 1 1 1 1 1 1 1 1 1 1 1 1 1 1 1 1 1 1 1 1 1 1 1 1 1 1 1 1 1 1 1 1 1 1 1 1 1 1 1 1 1 1 1 1 1 1 1 1 1 1 1 1 1 1 1 1 1 1 1 1 1 1 1 1 1 1 1 1 1 1 1 1 1 1 1 1 1 1 1 1 1 1 1 1 1 1 1 1 1 1 1 1 1 1 1 1 1 1 1 1 1 1 1 1 1 1 1 1 1 1 1 1 1 1 1 1 1 1 1 1 1 1 1 1 1 1 1 1 1 1 1 1 1 1 1 1 1 1 1 1 1 1 1 1 1 1 1 1 1 1 1 1 1 1 1 1 1 1 1 1 1 1 1 1 1 1 1 1 1 1 1 1 1 1 1 1 1 1 1 1 1 1 1 1 1 1 1 1 1 1 1 1 1 1 1 1 1 1 1 1 1 1 1 1 1 1 1 1 1 1 1 1 1 1 1 1 1 1 1 1 1 1 1 1 1 1 1 1 1 1 1 1 1 1 1 1 1 1 1 1 1 1 1 1 1 1 1 1 1 1 1 1 1 1 1 1 1 1 1 1 1 1 1 1 1 1 1 1 1 1 1 1 1 1 1 1 1 1 1 1 1 1 1 1 1 1 1 1 1 1 1 1 1 1 1 1 1 1 1 1 1 1 1 1 1 1 1 1 1 1 1 1 1 1 1 1 1 1 1 1 1 1 1 1 1 1 1 1 1 1 1 1 1 1 1 1 1 1 1 1 1 1 1 1 1 1 1 1 1 1 1 1 1 1 1 1 1 1 1 1 1 1 1 1 1 1 1 1 1 1 1 1 1 1 1 1 1 1 1 1 1 1 1 1 1 1 1 1 1 1 1 1 1 1 1 1 1 1 1 1 1 1 1 1 1 1 1 1 1 1 1 1 1 1 1 1 1 1 1 1 1 1 1 1 1 1 1 1 1 1 1 1 1 1 1 1 1 1 1 1 1 1 1 1 1 1 1 1 1 1 1 1 1 1 1 1 1 1 1 1 1 1 1 1 1 1 1 1 1 1 1 1 1 1 1 1 1 1 1 1 1 1 1 1 1 1 1 1 1 1 1 1 1 1 1 1 1 1 1 1 1 1 1 1 1 1 1 1 1 1 1 1 1 1 1 1 1 1 1 1 1 1 1 1 1 1 1 1 1 1 1 1 1 1 1 1 1 1 1 1 1 1 1 1 1 1 1 1 1 1 1 1 1 1 1 1 1 1 1 1 1 1 1 1 1 1 1 1 1 1 1 1 1 1 1 1 1 1 1 1 1 1 1 1 1 1 1 1 1 1 1 1 1 1 1 1 1 1 1 1 1 1 1 1 1 1 1 1 1 1 1 1 1 1 1 1 1 1 1 1 1 1 1 1 1 1 1 1 1 1 1 1 1 1 1 1 1 1 1 1 1 1 1 1 1 1 1 1 1 1 1 1 1 1 1 1 1 1 1 1 1 1 1 1 1 1 1 1 1 1 1 1 1 1 1 1 1 1 1 1 1 1 1 1 1 1 1 1 1 1 1 1 1 1 1 1 1 1 1 1 1 1 1 1 1 1 1 1 1 1 1 1 1 1 1 1 1 1 1 1 1 1 1 1 1 1 1 1 1 1 1 1 1 1 1 1 1 1 1 1 1 1 1 1 1 1 1 1 1 1 1 1 1 1 1 1 1 1 1 1 1 1 1 1 1 1 1 1 1 1 1 1 1 1 1 1 1 1 1 1 1 1 1 1 1 1 1 1 1 1 1 1 1 1 1 1 1 1 1 1 1 1 1 1 1 1 1 1 1 1 1 1 1 1 1 1 1 1 1 1 1 1 1 1 1 1 1 1 1 1 1 1 1 1 1 1 1 1 1 1 1 1 1 1 1 1 1 1 1 1 1 1 1 1 1 1 1 1 1 1 1 1 1 1 1 1 1 1 1 1 1 1 1 1 1 1 1 1 1 1 1 1 1 1 1 1 1 1 1 1 1 1 1 1 1 1 1 1 1 1 1 1 1 1 1 1 1 1 1 1 1 1 1 1 1</float_array>
          <technique_common>
            <accessor source="#Wing_Std__m_Wing-color-array" count="842" stride="4">
              <param name="R" type="float" />
              <param name="G" type="float" />
              <param name="B" type="float" />
              <param name="A" type="float" />
            </accessor>
          </technique_common>
        </source>
        <source id="Wing_Std__m_Wing-texcoord">
          <float_array id="Wing_Std__m_Wing-texcoord-array" count="1684">0.743164063 0.402832031 0.808105469 0.454101563 0.7368164 0.4086914 0.873535156 0.029296875 0.875976563 0.0498046875 0.873535156 0.04638672 0.534667969 0.262207031 0.50390625 0.184082031 0.553222656 0.248046875 0.678222656 0.265625 0.7216797 0.324707031 0.672851563 0.2705078 0.4165039 0.118652344 0.461425781 0.204589844 0.40625 0.125488281 0.839355469 0.152832031 0.839355469 0.176269531 0.834472656 0.152832031 0.8613281 0.029296875 0.8642578 0.0263671875 0.8652344 0.029296875 0.873535156 0.04638672 0.8588867 0.0498046875 0.8613281 0.04638672 0.8613281 0.04638672 0.8588867 0.0263671875 0.8613281 0.029296875 0.9746094 0.08203125 0.9814453 0.104492188 0.9746094 0.104492188 0.9194336 0.103027344 0.9223633 0.120117188 0.9194336 0.120605469 0.9614258 0.06201172 0.967285156 0.0419921875 0.967285156 0.06201172 0.9355469 0.0522460938 0.9350586 0.0283203125 0.9379883 0.0278320313 0.943847656 0.0498046875 0.940917969 0.0268554688 0.9433594 0.0263671875 0.9008789 0.08300781 0.9135742 0.138671875 0.9008789 0.1381836 0.9135742 0.104980469 0.9165039 0.121582031 0.9135742 0.121582031 0.84765625 0.152832031 0.844726563 0.176269531 0.8432617 0.152832031 0.9399414 0.05126953 0.9379883 0.0278320313 0.940917969 0.0268554688 0.975097656 0.105957031 0.9794922 0.1616211 0.975097656 0.160644531 0.9165039 0.104003906 0.8432617 0.152832031 0.842285156 0.176269531 0.839355469 0.152832031 0.9614258 0.0419921875 0.967285156 0.0263671875 0.967285156 0.0419921875 0.8413086 0.1328125 0.839355469 0.113769531 0.84375 0.113769531 0.8540039 0.157714844 0.84765625 0.101074219 0.8540039 0.101074219 0.938476563 0.07080078 0.9375 0.09082031 0.9345703 0.0717773438 0.94140625 0.08984375 0.9458008 0.101074219 0.9423828 0.104980469 0.943847656 0.0498046875 0.94140625 0.08984375 0.9399414 0.05126953 0.875976563 0.0498046875 0.8588867 0.08886719 0.8588867 0.0498046875 0.84765625 0.152832031 0.84375 0.113769531 0.84765625 0.113769531 0.9355469 0.0522460938 0.9345703 0.0717773438 0.9316406 0.0532226563 0.860351563 0.158203125 0.8540039 0.101074219 0.860351563 0.101074219 0.839355469 0.152832031 0.836914063 0.1328125 0.8413086 0.1328125 0.9614258 0.08203125 0.967285156 0.06201172 0.967285156 0.08203125 0.928222656 0.117675781 0.9223633 0.1508789 0.9243164 0.1015625 0.9194336 0.140625 0.9165039 0.140136719 0.9135742 0.139648438 0.9746094 0.0419921875 0.9746094 0.06201172 0.9223633 0.140625 0.9614258 0.08203125 0.967285156 0.104492188 0.9614258 0.104492188 0.870605469 0.0263671875 0.8696289 0.029296875 0.66796875 0.275390625 0.711914063 0.3334961 0.662597656 0.279785156 0.873535156 0.029296875 0.875976563 0.0263671875 0.9194336 0.160644531 0.9223633 0.161132813 0.9814453 0.0419921875 0.9814453 0.06201172 0.9135742 0.157714844 0.9165039 0.159179688 0.9746094 0.08203125 0.9814453 0.06201172 0.9814453 0.08203125 0.967285156 0.08203125 0.7167969 0.329101563 0.9272461 0.146484375 0.922851563 0.162109375 0.9746094 0.0263671875 0.9746094 0.0419921875 0.839355469 0.113769531 0.842285156 0.101074219 0.84375 0.113769531 0.9003906 0.1484375 0.894042969 0.115234375 0.8989258 0.120117188 0.9682617 0.1430664 0.975097656 0.116210938 0.975097656 0.1430664 0.967285156 0.08203125 0.9746094 0.03857422 0.9746094 0.08203125 0.586914063 0.6398926 0.4794922 0.6035156 0.5136719 0.5678711 0.3840332 0.4086914 0.434326172 0.488769531 0.36328125 0.415527344 0.4814453 0.539306641 0.39453125 0.5800781 0.4597168 0.5175781 0.5522461 0.6689453 0.4416504 0.6274414 0.481201172 0.5961914 0.8588867 0.08886719 0.87890625 0.101074219 0.85546875 0.101074219 0.84375 0.113769531 0.84765625 0.101074219 0.84765625 0.113769531 0.9375 0.09082031 0.9423828 0.104980469 0.9296875 0.104980469 0.4338379 0.500244141 0.4597168 0.5175781 0.4008789 0.5161133 0.618164063 0.209960938 0.66796875 0.275390625 0.61328125 0.215332031 0.662597656 0.279785156 0.607910156 0.219238281 0.3684082 0.01953125 0.623535156 0.2055664 0.672851563 0.2705078 0.589355469 0.334472656 0.553222656 0.248046875 0.607910156 0.3203125 0.6948242 0.3486328 0.6879883 0.354980469 0.434326172 0.488769531 0.4519043 0.5761719 0.4243164 0.548584 0.4506836 0.4765625 0.5136719 0.5678711 0.434326172 0.488769531 0.399414063 0.5234375 0.419189453 0.6047363 0.5942383 0.6188965 0.5136719 0.5678711 0.5253906 0.5510254 0.5942383 0.6188965 0.5332031 0.5517578 0.6098633 0.6269531 0.327880859 0.4506836 0.586914063 0.6335449 0.594726563 0.6125488 0.5361328 0.545166 0.6098633 0.6208496 0.436767578 0.4814453 0.384521484 0.402832031 0.453613281 0.470214844 0.4008789 0.5161133 0.3696289 0.5554199 0.3623047 0.612060547 0.270751953 0.5192871 0.5097656 0.546875 0.594726563 0.6125488 0.586914063 0.6335449 0.36328125 0.4091797 0.436767578 0.4814453 0.414550781 0.664306641 0.4267578 0.7792969 0.3605957 0.7141113 0.2697754 0.5119629 0.2902832 0.6352539 0.223876953 0.5698242 0.288818359 0.642334 0.3383789 0.5883789 0.484130859 0.7260742 0.3618164 0.7067871 0.3149414 0.6599121 0.484863281 0.733398438 0.3881836 0.6381836 0.3269043 0.443359375 0.09240723 0.7338867 0.224609375 0.577148438 0.2697754 0.911438 0.211791992 0.854126 0.0919189453 0.726806641 0.3112793 0.6647949 0.14855957 0.7910156 0.150146484 0.783935547 0.26953125 0.9043579 0.213134766 0.8470459 0.3881836 0.6381836 0.3112793 0.6647949 0.3623047 0.612060547 0.3395996 0.6845703 0.3359375 0.6894531 0.124755859 0.8961792 0.193481445 0.8273926 0.190063477 0.832519531 0.09832764 0.8808594 0.168334961 0.810791 0.0350646973 0.8182373 0.185546875 0.968658447 0.1361084 0.9202881 0.03466797 0.8112793 0.08270264 0.8668213 0.171875 0.805786133 0.00397491455 0.933227539 0.0153427124 0.9639282 0.06506348 0.9942856 0.0841064453 0.8597412 0.009025574 0.9317627 0.137451172 0.913085938 0.07006836 0.992801666 0.0393676758 0.9814453 0.120056152 0.9025879 0.103088379 0.8745117 0.1850586 0.9616699 0.453125 0.462402344 0.385009766 0.3779297 0.461914063 0.453613281 0.6098633 0.6269531 0.5419922 0.5427246 0.618164063 0.6184082 0.3840332 0.4086914 0.4501953 0.46875 0.4506836 0.4765625 0.52734375 0.544677734 0.453125 0.462402344 0.5361328 0.545166 0.4506836 0.4765625 0.5332031 0.5517578 0.5253906 0.5510254 0.384521484 0.402832031 0.453125 0.462402344 0.453613281 0.470214844 0.408447266 0.0419921875 0.4572754 0.121582031 0.427734375 0.08251953 0.4716797 0.110839844 0.442138672 0.0717773438 0.4501953 0.46875 0.5419922 0.5427246 0.5332031 0.5517578 0.5361328 0.545166 0.618164063 0.6118164 0.6098633 0.6208496 0.3762207 0.3930664 0.458984375 0.459960938 0.4501953 0.46875 0.453125 0.462402344 0.5449219 0.5366211 0.5361328 0.545166 0.94921875 0.125488281 0.943847656 0.104980469 0.94921875 0.104980469 0.8955078 0.104492188 0.9003906 0.108886719 0.967285156 0.03857422 0.9746094 0.02734375 0.9746094 0.03857422 0.9682617 0.116210938 0.975097656 0.104492188 0.975097656 0.116210938 0.0369873047 0.9856186 0.0177001953 0.9597473 0.8149414 0.4477539 0.875976563 0.0263671875 0.486083984 0.1977539 0.7270508 0.319335938 0.472167969 0.197265625 0.839355469 0.152832031 0.842285156 0.176269531 0.839355469 0.176269531 0.8588867 0.0263671875 0.875976563 0.0498046875 0.8588867 0.0498046875 0.9814453 0.08203125 0.9223633 0.1015625 0.9614258 0.0419921875 0.9355469 0.0522460938 0.9316406 0.0532226563 0.9350586 0.0283203125 0.943847656 0.0498046875 0.9399414 0.05126953 0.940917969 0.0268554688 0.9135742 0.08251953 0.84765625 0.152832031 0.84765625 0.176269531 0.844726563 0.176269531 0.9399414 0.05126953 0.9355469 0.0522460938 0.9379883 0.0278320313 0.9794922 0.104492188 0.8432617 0.152832031 0.844726563 0.176269531 0.842285156 0.176269531 0.93359375 0.126464844 0.9394531 0.104980469 0.9394531 0.132324219 0.8413086 0.1328125 0.836914063 0.1328125 0.839355469 0.113769531 0.84765625 0.157714844 0.938476563 0.07080078 0.94140625 0.08984375 0.9375 0.09082031 0.94140625 0.08984375 0.9453125 0.08886719 0.9458008 0.101074219 0.943847656 0.0498046875 0.9453125 0.08886719 0.94140625 0.08984375 0.875976563 0.08886719 0.84765625 0.152832031 0.8432617 0.152832031 0.84375 0.113769531 0.9355469 0.0522460938 0.938476563 0.07080078 0.9345703 0.0717773438 0.8540039 0.157714844 0.839355469 0.152832031 0.834472656 0.152832031 0.836914063 0.1328125 0.9614258 0.06201172 0.9746094 0.06201172 0.928222656 0.157714844 0.839355469 0.113769531 0.831542969 0.101074219 0.842285156 0.101074219 0.8959961 0.164550781 0.9682617 0.116210938 0.967285156 0.03857422 0.553222656 0.676269531 0.3840332 0.4086914 0.4506836 0.4765625 0.434326172 0.488769531 0.875976563 0.08886719 0.84375 0.113769531 0.842285156 0.101074219 0.84765625 0.101074219 0.9375 0.09082031 0.94140625 0.08984375 0.9423828 0.104980469 0.9814453 0.0419921875 0.37890625 0.0122070313 0.678222656 0.265625 0.534667969 0.262207031 0.5253906 0.5510254 0.5942383 0.6188965 0.586914063 0.6398926 0.5136719 0.5678711 0.5942383 0.6188965 0.5253906 0.5510254 0.5332031 0.5517578 0.36328125 0.415527344 0.5097656 0.546875 0.52734375 0.544677734 0.436767578 0.4814453 0.36328125 0.4091797 0.384521484 0.402832031 0.5097656 0.546875 0.52734375 0.544677734 0.594726563 0.6125488 0.4260254 0.7720947 0.3359375 0.6894531 0.3762207 0.387207031 0.5332031 0.5517578 0.3762207 0.3930664 0.453613281 0.470214844 0.4501953 0.46875 0.384521484 0.402832031 0.3762207 0.387207031 0.453125 0.462402344 0.491455078 0.151855469 0.458984375 0.459960938 0.5449219 0.5366211 0.385009766 0.384277344 0.461914063 0.453613281 0.943847656 0.125488281 0.967285156 0.02734375 0.9682617 0.104492188 0.6464844 0.294921875 0.639160156 0.301269531 0.6010742 0.226074219 0.836914063 0.029296875 0.836914063 0.04638672 0.834472656 0.0498046875 0.4375 0.134277344 0.4560547 0.119628906 0.7758789 0.373046875 0.7705078 0.3779297 0.52734375 0.2758789 0.516601563 0.283203125 0.9213867 0.05029297 0.9169922 0.05029297 0.9213867 0.0263671875 0.8496094 0.029296875 0.8457031 0.029296875 0.8466797 0.0263671875 0.836914063 0.04638672 0.8496094 0.04638672 0.852539063 0.0498046875 0.8496094 0.04638672 0.8496094 0.029296875 0.852539063 0.0263671875 0.88671875 0.08203125 0.886230469 0.104492188 0.87890625 0.104492188 0.8852539 0.163085938 0.8852539 0.145019531 0.8876953 0.145507813 0.899414063 0.06201172 0.8935547 0.06201172 0.8935547 0.0419921875 0.9555664 0.0522460938 0.953125 0.0278320313 0.9560547 0.0283203125 0.946289063 0.0498046875 0.9477539 0.0263671875 0.9501953 0.0268554688 0.9008789 0.08203125 0.9008789 0.0268554688 0.9135742 0.0263671875 0.87890625 0.160644531 0.87890625 0.144042969 0.8823242 0.145019531 0.9296875 0.05029297 0.925292969 0.05029297 0.9272461 0.0263671875 0.9511719 0.05126953 0.9501953 0.0268554688 0.953125 0.0278320313 0.9296875 0.161132813 0.9296875 0.106445313 0.93359375 0.104980469 0.8823242 0.1616211 0.925292969 0.05029297 0.9213867 0.05029297 0.9243164 0.0263671875 0.899414063 0.0419921875 0.8935547 0.0419921875 0.8935547 0.0263671875 0.922851563 0.06982422 0.92578125 0.08886719 0.921875 0.08886719 0.8666992 0.1015625 0.8666992 0.158203125 0.860351563 0.158203125 0.9526367 0.07080078 0.956542969 0.0717773438 0.954101563 0.09082031 0.94921875 0.08984375 0.948730469 0.104980469 0.9458008 0.101074219 0.946289063 0.0498046875 0.9511719 0.05126953 0.94921875 0.08984375 0.834472656 0.0498046875 0.852539063 0.0498046875 0.852539063 0.08886719 0.9296875 0.05029297 0.9296875 0.08935547 0.92578125 0.08886719 0.9555664 0.0522460938 0.959472656 0.0532226563 0.956542969 0.0717773438 0.8730469 0.101074219 0.8730469 0.158203125 0.8666992 0.158203125 0.9213867 0.05029297 0.922851563 0.06982422 0.9194336 0.06933594 0.899414063 0.08203125 0.8935547 0.08203125 0.8935547 0.06201172 0.87890625 0.145019531 0.875 0.1616211 0.8730469 0.112304688 0.8823242 0.125488281 0.8852539 0.125488281 0.87890625 0.126464844 0.88671875 0.06201172 0.88671875 0.0419921875 0.8876953 0.125 0.899414063 0.08203125 0.899414063 0.104492188 0.8935547 0.104492188 0.8413086 0.029296875 0.8408203 0.0263671875 0.7651367 0.3828125 0.7602539 0.387207031 0.836914063 0.029296875 0.834472656 0.0263671875 0.8852539 0.105957031 0.8876953 0.104492188 0.87890625 0.06201172 0.87890625 0.0419921875 0.87890625 0.108398438 0.8823242 0.106933594 0.88671875 0.08203125 0.87890625 0.08203125 0.87890625 0.06201172 0.8935547 0.08203125 0.8779297 0.116699219 0.873535156 0.101074219 0.88671875 0.0419921875 0.886230469 0.0263671875 0.921875 0.08886719 0.92578125 0.08886719 0.925292969 0.1015625 0.894042969 0.120605469 0.8930664 0.148925781 0.8876953 0.1538086 0.9614258 0.104492188 0.9682617 0.104492188 0.9682617 0.131835938 0.8935547 0.08203125 0.88671875 0.08203125 0.88671875 0.03857422 0.3581543 0.404296875 0.430664063 0.478027344 0.3947754 0.5124512 0.589355469 0.607666 0.58203125 0.6286621 0.5102539 0.5576172 0.4621582 0.5136719 0.484130859 0.5354004 0.421630859 0.600585938 0.332763672 0.4428711 0.405517578 0.5144043 0.374267578 0.5534668 0.852539063 0.08886719 0.85546875 0.101074219 0.831542969 0.101074219 0.92578125 0.08886719 0.9296875 0.08935547 0.9296875 0.1015625 0.954101563 0.09082031 0.9614258 0.104980469 0.948730469 0.104980469 0.500976563 0.5612793 0.4855957 0.5942383 0.484130859 0.5354004 0.8251953 0.438476563 0.8203125 0.443359375 0.7651367 0.3828125 0.8154297 0.4477539 0.7602539 0.387207031 0.6040039 0.3544922 0.8305664 0.434082031 0.7705078 0.3779297 0.3828125 0.0615234375 0.4013672 0.04736328 0.4560547 0.119628906 0.5102539 0.5576172 0.4494629 0.5678711 0.422363281 0.5402832 0.521972656 0.5410156 0.5102539 0.5576172 0.430664063 0.478027344 0.474609375 0.5925293 0.396972656 0.575927734 0.3791504 0.397460938 0.447021484 0.466796875 0.430664063 0.478027344 0.3791504 0.397460938 0.3713379 0.381835938 0.4465332 0.458984375 0.5473633 0.6640625 0.368164063 0.407714844 0.389160156 0.4008789 0.380859375 0.3852539 0.456542969 0.458984375 0.51953125 0.5583496 0.5317383 0.541748047 0.5991211 0.610839844 0.4855957 0.5942383 0.446289063 0.625244141 0.386230469 0.629394531 0.4790039 0.7211914 0.454833984 0.485839844 0.368164063 0.407714844 0.389160156 0.4008789 0.51953125 0.5583496 0.592285156 0.631835938 0.333984375 0.577148438 0.2841797 0.6315918 0.218994141 0.5649414 0.4897461 0.7253418 0.431884766 0.771240234 0.366455078 0.704834 0.41015625 0.6533203 0.3557129 0.703125 0.275634766 0.5114746 0.294921875 0.633056641 0.341796875 0.6801758 0.264892578 0.506835938 0.359863281 0.6032715 0.558105469 0.6682129 0.421142578 0.767089844 0.2644043 0.8994751 0.144042969 0.7800293 0.0869751 0.7216797 0.275146484 0.9033203 0.3334961 0.6809082 0.207275391 0.843139648 0.217651367 0.8450928 0.154785156 0.7819824 0.09741211 0.7258301 0.359863281 0.6032715 0.386230469 0.629394531 0.3334961 0.6809082 0.3173828 0.6555176 0.3088379 0.65625 0.174438477 0.801635742 0.105651855 0.8704834 0.165893555 0.8017578 0.18762207 0.8234863 0.117492676 0.8935547 0.180175781 0.9567261 0.078125 0.8557129 0.02973938 0.8062744 0.190551758 0.9605713 0.1315918 0.9091797 0.196166992 0.8234863 0.06512451 0.987861633 0.0344543457 0.9764862 0.004085541 0.926818848 0.141967773 0.9111328 0.07006836 0.9862137 0.08868408 0.857666 0.0203399658 0.9558716 0.008972168 0.9251709 0.0958251953 0.8718262 0.127197266 0.8921509 0.0401000977 0.810302734 0.5395508 0.5419922 0.547851563 0.5332031 0.623535156 0.6101074 0.3713379 0.381835938 0.380126953 0.373046875 0.4555664 0.4501953 0.589355469 0.607666 0.521972656 0.5410156 0.529785156 0.541748047 0.45703125 0.467285156 0.456542969 0.458984375 0.5395508 0.5419922 0.521972656 0.5410156 0.447021484 0.466796875 0.4465332 0.458984375 0.5991211 0.610839844 0.5317383 0.541748047 0.5395508 0.5419922 0.5053711 0.142089844 0.472167969 0.111328125 0.442626953 0.072265625 0.456542969 0.06201172 0.486083984 0.101074219 0.529785156 0.541748047 0.4465332 0.458984375 0.4555664 0.4501953 0.456542969 0.458984375 0.380859375 0.3852539 0.389892578 0.376464844 0.604980469 0.6159668 0.529785156 0.541748047 0.5385742 0.532959 0.5395508 0.5419922 0.456542969 0.458984375 0.465576172 0.4501953 0.9550781 0.104980469 0.9550781 0.125488281 0.94921875 0.125488281 0.894042969 0.160644531 0.889160156 0.164550781 0.8935547 0.03857422 0.88671875 0.03857422 0.88671875 0.02734375 0.9614258 0.131835938 0.9682617 0.131835938 0.9682617 0.1430664 0.0127639771 0.954834 0.0420227051 0.9775543 0.607910156 0.220214844 0.834472656 0.0263671875 0.9213867 0.05029297 0.9213867 0.0263671875 0.9243164 0.0263671875 0.852539063 0.0263671875 0.834472656 0.0498046875 0.852539063 0.0498046875 0.87890625 0.08203125 0.8876953 0.1640625 0.899414063 0.0419921875 0.9555664 0.0522460938 0.9560547 0.0283203125 0.959472656 0.0532226563 0.946289063 0.0498046875 0.9501953 0.0268554688 0.9511719 0.05126953 0.9135742 0.08251953 0.9296875 0.05029297 0.9272461 0.0263671875 0.9296875 0.0263671875 0.9511719 0.05126953 0.953125 0.0278320313 0.9555664 0.0522460938 0.93359375 0.163085938 0.925292969 0.05029297 0.9243164 0.0263671875 0.9272461 0.0263671875 0.9394531 0.111328125 0.943847656 0.104980469 0.943847656 0.132324219 0.922851563 0.06982422 0.921875 0.08886719 0.9194336 0.06933594 0.860351563 0.102050781 0.9526367 0.07080078 0.954101563 0.09082031 0.94921875 0.08984375 0.94921875 0.08984375 0.9458008 0.101074219 0.9458008 0.08886719 0.946289063 0.0498046875 0.94921875 0.08984375 0.9458008 0.08886719 0.834472656 0.08886719 0.9296875 0.05029297 0.92578125 0.08886719 0.925292969 0.05029297 0.9555664 0.0522460938 0.956542969 0.0717773438 0.9526367 0.07080078 0.8666992 0.1015625 0.9213867 0.05029297 0.9194336 0.06933594 0.9169922 0.05029297 0.899414063 0.06201172 0.88671875 0.06201172 0.87890625 0.105957031 0.921875 0.08886719 0.925292969 0.1015625 0.9135742 0.1015625 0.8901367 0.104492188 0.9614258 0.131835938 0.8935547 0.03857422 0.322021484 0.438476563 0.589355469 0.607666 0.5102539 0.5576172 0.521972656 0.5410156 0.834472656 0.08886719 0.92578125 0.08886719 0.9296875 0.1015625 0.925292969 0.1015625 0.954101563 0.09082031 0.948730469 0.104980469 0.94921875 0.08984375 0.87890625 0.0419921875 0.6142578 0.347167969 0.7758789 0.373046875 0.4375 0.134277344 0.447021484 0.466796875 0.3791504 0.397460938 0.430664063 0.478027344 0.3581543 0.404296875 0.3791504 0.397460938 0.4465332 0.458984375 0.447021484 0.466796875 0.58203125 0.6286621 0.454833984 0.485839844 0.45703125 0.467285156 0.51953125 0.5583496 0.5991211 0.610839844 0.592285156 0.631835938 0.454833984 0.485839844 0.389160156 0.4008789 0.45703125 0.467285156 0.229614258 0.5690918 0.3088379 0.65625 0.6147461 0.6188965 0.4465332 0.458984375 0.604980469 0.6159668 0.5317383 0.541748047 0.529785156 0.541748047 0.5991211 0.610839844 0.5395508 0.5419922 0.6147461 0.6188965 0.422363281 0.03125 0.5385742 0.532959 0.465576172 0.4501953 0.61328125 0.6069336 0.547851563 0.5332031 0.94921875 0.104980469 0.8935547 0.02734375 0.9614258 0.1430664</float_array>
          <technique_common>
            <accessor source="#Wing_Std__m_Wing-texcoord-array" count="842" stride="2">
              <param name="S" type="float" />
              <param name="T" type="float" />
            </accessor>
          </technique_common>
        </source>
        <source id="Wing_Std__m_Wing-texcoord_1">
          <float_array id="Wing_Std__m_Wing-texcoord-array_1" count="1684">0 0 0 0 0 0 0 0 0 0 0 0 0 0 0 0 0 0 0 0 0 0 0 0 0 0 0 0 0 0 0 0 0 0 0 0 0 0 0 0 0 0 0 0 0 0 0 0 0 0 0 0 0 0 0 0 0 0 0 0 0 0 0 0 0 0 0 0 0 0 0 0 0 0 0 0 0 0 0 0 0 0 0 0 0 0 0 0 0 0 0 0 0 0 0 0 0 0 0 0 0 0 0 0 0 0 0 0 0 0 0 0 0 0 0 0 0 0 0 0 0 0 0 0 0 0 0 0 0 0 0 0 0 0 0 0 0 0 0 0 0 0 0 0 0 0 0 0 0 0 0 0 0 0 0 0 0 0 0 0 0 0 0 0 0 0 0 0 0 0 0 0 0 0 0 0 0 0 0 0 0 0 0 0 0 0 0 0 0 0 0 0 0 0 0 0 0 0 0 0 0 0 0 0 0 0 0 0 0 0 0 0 0 0 0 0 0 0 0 0 0 0 0 0 0 0 0 0 0 0 0 0 0 0 0 0 0 0 0 0 0 0 0 0 0 0 0 0 0 0 0 0 0 0 0 0 0 0 0 0 0 0 0 0 0 0 0 0 0 0 0 0 0 0 0 0 0 0 0 0 0 0 0 0 0 0 0 0 0 0 0 0 0 0 0 0 0 0 0 0 0 0 0 0 0 0 0 0 0 0 0 0 0 0 0 0 0 0 0 0 0 0 0 0 0 0 0 0 0 0 0 0 0 0 0 0 0 0 0 0 0 0 0 0 0 0 0 0 0 0 0 0 0 0 0 0 0 0 0 0 0 0 0 0 0 0 0 0 0 0 0 0 0 0 0 0 0 0 0 0 0 0 0 0 0 0 0 0 0 0 0 0 0 0 0 0 0 0 0 0 0 0 0 0 0 0 0 0 0 0 0 0 0 0 0 0 0 0 0 0 0 0 0 0 0 0 0 0 0 0 0 0 0 0 0 0 0 0 0 0 0 0 0 0 0 0 0 0 0 0 0 0 0 0 0 0 0 0 0 0 0 0 0 0 0 0 0 0 0 0 0 0 0 0 0 0 0 0 0 0 0 0 0 0 0 0 0 0 0 0 0 0 0 0 0 0 0 0 0 0 0 0 0 0 0 0 0 0 0 0 0 0 0 0 0 0 0 0 0 0 0 0 0 0 0 0 0 0 0 0 0 0 0 0 0 0 0 0 0 0 0 0 0 0 0 0 0 0 0 0 0 0 0 0 0 0 0 0 0 0 0 0 0 0 0 0 0 0 0 0 0 0 0 0 0 0 0 0 0 0 0 0 0 0 0 0 0 0 0 0 0 0 0 0 0 0 0 0 0 0 0 0 0 0 0 0 0 0 0 0 0 0 0 0 0 0 0 0 0 0 0 0 0 0 0 0 0 0 0 0 0 0 0 0 0 0 0 0 0 0 0 0 0 0 0 0 0 0 0 0 0 0 0 0 0 0 0 0 0 0 0 0 0 0 0 0 0 0 0 0 0 0 0 0 0 0 0 0 0 0 0 0 0 0 0 0 0 0 0 0 0 0 0 0 0 0 0 0 0 0 0 0 0 0 0 0 0 0 0 0 0 0 0 0 0 0 0 0 0 0 0 0 0 0 0 0 0 0 0 0 0 0 0 0 0 0 0 0 0 0 0 0 0 0 0 0 0 0 0 0 0 0 0 0 0 0 0 0 0 0 0 0 0 0 0 0 0 0 0 0 0 0 0 0 0 0 0 0 0 0 0 0 0 0 0 0 0 0 0 0 0 0 0 0 0 0 0 0 0 0 0 0 0 0 0 0 0 0 0 0 0 0 0 0 0 0 0 0 0 0 0 0 0 0 0 0 0 0 0 0 0 0 0 0 0 0 0 0 0 0 0 0 0 0 0 0 0 0 0 0 0 0 0 0 0 0 0 0 0 0 0 0 0 0 0 0 0 0 0 0 0 0 0 0 0 0 0 0 0 0 0 0 0 0 0 0 0 0 0 0 0 0 0 0 0 0 0 0 0 0 0 0 0 0 0 0 0 0 0 0 0 0 0 0 0 0 0 0 0 0 0 0 0 0 0 0 0 0 0 0 0 0 0 0 0 0 0 0 0 0 0 0 0 0 0 0 0 0 0 0 0 0 0 0 0 0 0 0 0 0 0 0 0 0 0 0 0 0 0 0 0 0 0 0 0 0 0 0 0 0 0 0 0 0 0 0 0 0 0 0 0 0 0 0 0 0 0 0 0 0 0 0 0 0 0 0 0 0 0 0 0 0 0 0 0 0 0 0 0 0 0 0 0 0 0 0 0 0 0 0 0 0 0 0 0 0 0 0 0 0 0 0 0 0 0 0 0 0 0 0 0 0 0 0 0 0 0 0 0 0 0 0 0 0 0 0 0 0 0 0 0 0 0 0 0 0 0 0 0 0 0 0 0 0 0 0 0 0 0 0 0 0 0 0 0 0 0 0 0 0 0 0 0 0 0 0 0 0 0 0 0 0 0 0 0 0 0 0 0 0 0 0 0 0 0 0 0 0 0 0 0 0 0 0 0 0 0 0 0 0 0 0 0 0 0 0 0 0 0 0 0 0 0 0 0 0 0 0 0 0 0 0 0 0 0 0 0 0 0 0 0 0 0 0 0 0 0 0 0 0 0 0 0 0 0 0 0 0 0 0 0 0 0 0 0 0 0 0 0 0 0 0 0 0 0 0 0 0 0 0 0 0 0 0 0 0 0 0 0 0 0 0 0 0 0 0 0 0 0 0 0 0 0 0 0 0 0 0 0 0 0 0 0 0 0 0 0 0 0 0 0 0 0 0 0 0 0 0 0 0 0 0 0 0 0 0 0 0 0 0 0 0 0 0 0 0 0 0 0 0 0 0 0 0 0 0 0 0 0 0 0 0 0 0 0 0 0 0 0 0 0 0 0 0 0 0 0 0 0 0 0 0 0 0 0 0 0 0 0 0 0 0 0 0 0 0 0 0 0 0 0 0 0 0 0 0 0 0 0 0 0 0 0 0 0 0 0 0 0 0 0 0 0 0 0 0 0 0 0 0 0 0 0 0 0 0 0 0 0 0 0 0 0 0 0 0 0 0 0 0 0 0 0 0 0 0 0 0 0 0 0 0 0 0 0 0 0 0 0 0 0 0 0 0 0 0 0 0 0 0 0 0 0 0 0 0 0 0 0 0 0 0 0 0 0 0 0 0 0 0 0 0 0 0 0 0 0 0 0 0 0 0 0 0 0 0 0 0 0 0 0 0 0 0 0 0 0 0 0 0 0 0 0 0 0 0 0 0 0 0 0 0 0 0 0 0 0 0 0 0 0 0 0 0 0 0 0 0 0 0 0 0 0 0 0 0 0 0 0 0 0 0 0 0 0 0 0 0 0 0 0 0 0 0 0 0 0 0 0 0 0 0 0 0 0 0 0 0 0 0 0 0 0 0 0 0 0 0 0 0 0 0 0 0 0 0 0 0 0 0 0 0 0 0 0 0 0 0 0 0 0 0 0 0 0 0 0 0 0 0 0 0 0 0 0 0 0 0 0 0 0 0 0 0 0 0 0 0 0 0 0 0 0 0 0 0 0 0 0 0 0 0 0 0 0 0 0 0 0 0 0 0 0 0 0 0 0 0 0 0 0 0 0 0 0 0 0 0 0 0 0 0 0 0 0 0 0 0 0 0 0 0 0 0 0 0 0 0 0 0 0 0 0 0 0 0 0 0 0 0 0 0 0 0 0 0 0 0 0 0 0 0 0 0 0 0 0 0 0 0 0 0 0 0</float_array>
          <technique_common>
            <accessor source="#Wing_Std__m_Wing-texcoord-array_1" count="842" stride="2">
              <param name="S" type="float" />
              <param name="T" type="float" />
            </accessor>
          </technique_common>
        </source>
        <source id="Wing_Std__m_Wing-texcoord_2">
          <float_array id="Wing_Std__m_Wing-texcoord-array_2" count="1684">0 0 0 0 0 0 0 0 0 0 0 0 0 0 0 0 0 0 0 0 0 0 0 0 0 0 0 0 0 0 0 0 0 0 0 0 0 0 0 0 0 0 0 0 0 0 0 0 0 0 0 0 0 0 0 0 0 0 0 0 0 0 0 0 0 0 0 0 0 0 0 0 0 0 0 0 0 0 0 0 0 0 0 0 0 0 0 0 0 0 0 0 0 0 0 0 0 0 0 0 0 0 0 0 0 0 0 0 0 0 0 0 0 0 0 0 0 0 0 0 0 0 0 0 0 0 0 0 0 0 0 0 0 0 0 0 0 0 0 0 0 0 0 0 0 0 0 0 0 0 0 0 0 0 0 0 0 0 0 0 0 0 0 0 0 0 0 0 0 0 0 0 0 0 0 0 0 0 0 0 0 0 0 0 0 0 0 0 0 0 0 0 0 0 0 0 0 0 0 0 0 0 0 0 0 0 0 0 0 0 0 0 0 0 0 0 0 0 0 0 0 0 0 0 0 0 0 0 0 0 0 0 0 0 0 0 0 0 0 0 0 0 0 0 0 0 0 0 0 0 0 0 0 0 0 0 0 0 0 0 0 0 0 0 0 0 0 0 0 0 0 0 0 0 0 0 0 0 0 0 0 0 0 0 0 0 0 0 0 0 0 0 0 0 0 0 0 0 0 0 0 0 0 0 0 0 0 0 0 0 0 0 0 0 0 0 0 0 0 0 0 0 0 0 0 0 0 0 0 0 0 0 0 0 0 0 0 0 0 0 0 0 0 0 0 0 0 0 0 0 0 0 0 0 0 0 0 0 0 0 0 0 0 0 0 0 0 0 0 0 0 0 0 0 0 0 0 0 0 0 0 0 0 0 0 0 0 0 0 0 0 0 0 0 0 0 0 0 0 0 0 0 0 0 0 0 0 0 0 0 0 0 0 0 0 0 0 0 0 0 0 0 0 0 0 0 0 0 0 0 0 0 0 0 0 0 0 0 0 0 0 0 0 0 0 0 0 0 0 0 0 0 0 0 0 0 0 0 0 0 0 0 0 0 0 0 0 0 0 0 0 0 0 0 0 0 0 0 0 0 0 0 0 0 0 0 0 0 0 0 0 0 0 0 0 0 0 0 0 0 0 0 0 0 0 0 0 0 0 0 0 0 0 0 0 0 0 0 0 0 0 0 0 0 0 0 0 0 0 0 0 0 0 0 0 0 0 0 0 0 0 0 0 0 0 0 0 0 0 0 0 0 0 0 0 0 0 0 0 0 0 0 0 0 0 0 0 0 0 0 0 0 0 0 0 0 0 0 0 0 0 0 0 0 0 0 0 0 0 0 0 0 0 0 0 0 0 0 0 0 0 0 0 0 0 0 0 0 0 0 0 0 0 0 0 0 0 0 0 0 0 0 0 0 0 0 0 0 0 0 0 0 0 0 0 0 0 0 0 0 0 0 0 0 0 0 0 0 0 0 0 0 0 0 0 0 0 0 0 0 0 0 0 0 0 0 0 0 0 0 0 0 0 0 0 0 0 0 0 0 0 0 0 0 0 0 0 0 0 0 0 0 0 0 0 0 0 0 0 0 0 0 0 0 0 0 0 0 0 0 0 0 0 0 0 0 0 0 0 0 0 0 0 0 0 0 0 0 0 0 0 0 0 0 0 0 0 0 0 0 0 0 0 0 0 0 0 0 0 0 0 0 0 0 0 0 0 0 0 0 0 0 0 0 0 0 0 0 0 0 0 0 0 0 0 0 0 0 0 0 0 0 0 0 0 0 0 0 0 0 0 0 0 0 0 0 0 0 0 0 0 0 0 0 0 0 0 0 0 0 0 0 0 0 0 0 0 0 0 0 0 0 0 0 0 0 0 0 0 0 0 0 0 0 0 0 0 0 0 0 0 0 0 0 0 0 0 0 0 0 0 0 0 0 0 0 0 0 0 0 0 0 0 0 0 0 0 0 0 0 0 0 0 0 0 0 0 0 0 0 0 0 0 0 0 0 0 0 0 0 0 0 0 0 0 0 0 0 0 0 0 0 0 0 0 0 0 0 0 0 0 0 0 0 0 0 0 0 0 0 0 0 0 0 0 0 0 0 0 0 0 0 0 0 0 0 0 0 0 0 0 0 0 0 0 0 0 0 0 0 0 0 0 0 0 0 0 0 0 0 0 0 0 0 0 0 0 0 0 0 0 0 0 0 0 0 0 0 0 0 0 0 0 0 0 0 0 0 0 0 0 0 0 0 0 0 0 0 0 0 0 0 0 0 0 0 0 0 0 0 0 0 0 0 0 0 0 0 0 0 0 0 0 0 0 0 0 0 0 0 0 0 0 0 0 0 0 0 0 0 0 0 0 0 0 0 0 0 0 0 0 0 0 0 0 0 0 0 0 0 0 0 0 0 0 0 0 0 0 0 0 0 0 0 0 0 0 0 0 0 0 0 0 0 0 0 0 0 0 0 0 0 0 0 0 0 0 0 0 0 0 0 0 0 0 0 0 0 0 0 0 0 0 0 0 0 0 0 0 0 0 0 0 0 0 0 0 0 0 0 0 0 0 0 0 0 0 0 0 0 0 0 0 0 0 0 0 0 0 0 0 0 0 0 0 0 0 0 0 0 0 0 0 0 0 0 0 0 0 0 0 0 0 0 0 0 0 0 0 0 0 0 0 0 0 0 0 0 0 0 0 0 0 0 0 0 0 0 0 0 0 0 0 0 0 0 0 0 0 0 0 0 0 0 0 0 0 0 0 0 0 0 0 0 0 0 0 0 0 0 0 0 0 0 0 0 0 0 0 0 0 0 0 0 0 0 0 0 0 0 0 0 0 0 0 0 0 0 0 0 0 0 0 0 0 0 0 0 0 0 0 0 0 0 0 0 0 0 0 0 0 0 0 0 0 0 0 0 0 0 0 0 0 0 0 0 0 0 0 0 0 0 0 0 0 0 0 0 0 0 0 0 0 0 0 0 0 0 0 0 0 0 0 0 0 0 0 0 0 0 0 0 0 0 0 0 0 0 0 0 0 0 0 0 0 0 0 0 0 0 0 0 0 0 0 0 0 0 0 0 0 0 0 0 0 0 0 0 0 0 0 0 0 0 0 0 0 0 0 0 0 0 0 0 0 0 0 0 0 0 0 0 0 0 0 0 0 0 0 0 0 0 0 0 0 0 0 0 0 0 0 0 0 0 0 0 0 0 0 0 0 0 0 0 0 0 0 0 0 0 0 0 0 0 0 0 0 0 0 0 0 0 0 0 0 0 0 0 0 0 0 0 0 0 0 0 0 0 0 0 0 0 0 0 0 0 0 0 0 0 0 0 0 0 0 0 0 0 0 0 0 0 0 0 0 0 0 0 0 0 0 0 0 0 0 0 0 0 0 0 0 0 0 0 0 0 0 0 0 0 0 0 0 0 0 0 0 0 0 0 0 0 0 0 0 0 0 0 0 0 0 0 0 0 0 0 0 0 0 0 0 0 0 0 0 0 0 0 0 0 0 0 0 0 0 0 0 0 0 0 0 0 0 0 0 0 0 0 0 0 0 0 0 0 0 0 0 0 0 0 0 0 0 0 0 0 0 0 0 0 0 0 0 0 0 0 0 0 0 0 0 0 0 0 0 0 0 0 0 0 0 0 0 0 0 0 0 0 0 0 0 0 0 0 0 0 0 0 0 0 0 0 0 0 0 0 0 0 0 0 0 0 0 0 0 0 0 0 0 0 0 0 0 0 0 0 0 0 0 0 0 0 0 0 0 0 0 0 0 0 0 0 0 0 0 0 0 0 0 0 0 0 0 0</float_array>
          <technique_common>
            <accessor source="#Wing_Std__m_Wing-texcoord-array_2" count="842" stride="2">
              <param name="S" type="float" />
              <param name="T" type="float" />
            </accessor>
          </technique_common>
        </source>
        <vertices id="Wing_Std__m_Wing-vertex">
          <input semantic="POSITION" source="#Wing_Std__m_Wing-position" />
        </vertices>
        <triangles material="" count="568">
          <input semantic="VERTEX" source="#Wing_Std__m_Wing-vertex" offset="0" />
          <input semantic="NORMAL" source="#Wing_Std__m_Wing-normal" offset="1" />
          <input semantic="COLOR" source="#Wing_Std__m_Wing-color" offset="2" set="0" />
          <input semantic="TEXCOORD" source="#Wing_Std__m_Wing-texcoord" offset="3" set="0" />
          <input semantic="TEXCOORD" source="#Wing_Std__m_Wing-texcoord_1" offset="4" set="1" />
          <input semantic="TEXCOORD" source="#Wing_Std__m_Wing-texcoord_2" offset="5" set="2" />
          <p>0 0 0 0 0 0 1 1 1 1 1 1 2 2 2 2 2 2 3 3 3 3 3 3 4 4 4 4 4 4 5 5 5 5 5 5 6 6 6 6 6 6 7 7 7 7 7 7 8 8 8 8 8 8 9 9 9 9 9 9 10 10 10 10 10 10 11 11 11 11 11 11 12 12 12 12 12 12 13 13 13 13 13 13 14 14 14 14 14 14 15 15 15 15 15 15 16 16 16 16 16 16 17 17 17 17 17 17 18 18 18 18 18 18 19 19 19 19 19 19 20 20 20 20 20 20 21 21 21 21 21 21 22 22 22 22 22 22 23 23 23 23 23 23 24 24 24 24 24 24 25 25 25 25 25 25 26 26 26 26 26 26 27 27 27 27 27 27 28 28 28 28 28 28 29 29 29 29 29 29 30 30 30 30 30 30 31 31 31 31 31 31 32 32 32 32 32 32 33 33 33 33 33 33 34 34 34 34 34 34 35 35 35 35 35 35 36 36 36 36 36 36 37 37 37 37 37 37 38 38 38 38 38 38 39 39 39 39 39 39 40 40 40 40 40 40 41 41 41 41 41 41 42 42 42 42 42 42 43 43 43 43 43 43 44 44 44 44 44 44 45 45 45 45 45 45 46 46 46 46 46 46 47 47 47 47 47 47 48 48 48 48 48 48 49 49 49 49 49 49 50 50 50 50 50 50 51 51 51 51 51 51 52 52 52 52 52 52 53 53 53 53 53 53 54 54 54 54 54 54 55 55 55 55 55 55 56 56 56 56 56 56 57 57 57 57 57 57 32 32 32 32 32 32 46 46 46 46 46 46 58 58 58 58 58 58 59 59 59 59 59 59 60 60 60 60 60 60 61 61 61 61 61 61 62 62 62 62 62 62 63 63 63 63 63 63 64 64 64 64 64 64 65 65 65 65 65 65 66 66 66 66 66 66 67 67 67 67 67 67 68 68 68 68 68 68 69 69 69 69 69 69 70 70 70 70 70 70 71 71 71 71 71 71 72 72 72 72 72 72 73 73 73 73 73 73 74 74 74 74 74 74 75 75 75 75 75 75 76 76 76 76 76 76 77 77 77 77 77 77 78 78 78 78 78 78 79 79 79 79 79 79 80 80 80 80 80 80 81 81 81 81 81 81 82 82 82 82 82 82 83 83 83 83 83 83 84 84 84 84 84 84 85 85 85 85 85 85 86 86 86 86 86 86 87 87 87 87 87 87 88 88 88 88 88 88 89 89 89 89 89 89 90 90 90 90 90 90 91 91 91 91 91 91 92 92 92 92 92 92 93 93 93 93 93 93 94 94 94 94 94 94 95 95 95 95 95 95 96 96 96 96 96 96 97 97 97 97 97 97 98 98 98 98 98 98 99 99 99 99 99 99 46 46 46 46 46 46 100 100 100 100 100 100 101 101 101 101 101 101 47 47 47 47 47 47 101 101 101 101 101 101 102 102 102 102 102 102 35 35 35 35 35 35 103 103 103 103 103 103 104 104 104 104 104 104 32 32 32 32 32 32 105 105 105 105 105 105 100 100 100 100 100 100 106 106 106 106 106 106 107 107 107 107 107 107 108 108 108 108 108 108 20 20 20 20 20 20 109 109 109 109 109 109 110 110 110 110 110 110 111 111 111 111 111 111 112 112 112 112 112 112 113 113 113 113 113 113 114 114 114 114 114 114 109 109 109 109 109 109 115 115 115 115 115 115 116 116 116 116 116 116 105 105 105 105 105 105 117 117 117 117 117 117 104 104 104 104 104 104 118 118 118 118 118 118 119 119 119 119 119 119 120 120 120 120 120 120 101 101 101 101 101 101 121 121 121 121 121 121 121 121 121 121 121 121 100 100 100 100 100 100 116 116 116 116 116 116 122 122 122 122 122 122 123 123 123 123 123 123 124 124 124 124 124 124 125 125 125 125 125 125 29 29 29 29 29 29 107 107 107 107 107 107 11 11 11 11 11 11 126 126 126 126 126 126 111 111 111 111 111 111 127 127 127 127 127 127 128 128 128 128 128 128 98 98 98 98 98 98 63 63 63 63 63 63 129 129 129 129 129 129 130 130 130 130 130 130 131 131 131 131 131 131 132 132 132 132 132 132 133 133 133 133 133 133 134 134 134 134 134 134 135 135 135 135 135 135 136 136 136 136 136 136 137 137 137 137 137 137 138 138 138 138 138 138 139 139 139 139 139 139 140 140 140 140 140 140 141 141 141 141 141 141 142 142 142 142 142 142 143 143 143 143 143 143 144 144 144 144 144 144 145 145 145 145 145 145 146 146 146 146 146 146 147 147 147 147 147 147 148 148 148 148 148 148 149 149 149 149 149 149 150 150 150 150 150 150 151 151 151 151 151 151 152 152 152 152 152 152 153 153 153 153 153 153 154 154 154 154 154 154 155 155 155 155 155 155 156 156 156 156 156 156 157 157 157 157 157 157 158 158 158 158 158 158 159 159 159 159 159 159 160 160 160 160 160 160 161 161 161 161 161 161 162 162 162 162 162 162 163 163 163 163 163 163 164 164 164 164 164 164 165 165 165 165 165 165 166 166 166 166 166 166 167 167 167 167 167 167 168 168 168 168 168 168 169 169 169 169 169 169 169 169 169 169 169 169 170 170 170 170 170 170 171 171 171 171 171 171 172 172 172 172 172 172 12 12 12 12 12 12 14 14 14 14 14 14 173 173 173 173 173 173 174 174 174 174 174 174 167 167 167 167 167 167 175 175 175 175 175 175 176 176 176 176 176 176 177 177 177 177 177 177 178 178 178 178 178 178 2 2 2 2 2 2 179 179 179 179 179 179 180 180 180 180 180 180 181 181 181 181 181 181 182 182 182 182 182 182 183 183 183 183 183 183 184 184 184 184 184 184 185 185 185 185 185 185 182 182 182 182 182 182 186 186 186 186 186 186 180 180 180 180 180 180 181 181 181 181 181 181 145 145 145 145 145 145 144 144 144 144 144 144 154 154 154 154 154 154 187 187 187 187 187 187 149 149 149 149 149 149 188 188 188 188 188 188 189 189 189 189 189 189 190 190 190 190 190 190 191 191 191 191 191 191 192 192 192 192 192 192 193 193 193 193 193 193 194 194 194 194 194 194 180 180 180 180 180 180 186 186 186 186 186 186 154 154 154 154 154 154 195 195 195 195 195 195 152 152 152 152 152 152 196 196 196 196 196 196 197 197 197 197 197 197 198 198 198 198 198 198 199 199 199 199 199 199 200 200 200 200 200 200 201 201 201 201 201 201 202 202 202 202 202 202 150 150 150 150 150 150 203 203 203 203 203 203 181 181 181 181 181 181 204 204 204 204 204 204 182 182 182 182 182 182 186 186 186 186 186 186 205 205 205 205 205 205 194 194 194 194 194 194 206 206 206 206 206 206 207 207 207 207 207 207 208 208 208 208 208 208 202 202 202 202 202 202 209 209 209 209 209 209 210 210 210 210 210 210 211 211 211 211 211 211 212 212 212 212 212 212 213 213 213 213 213 213 214 214 214 214 214 214 215 215 215 215 215 215 216 216 216 216 216 216 204 204 204 204 204 204 217 217 217 217 217 217 218 218 218 218 218 218 150 150 150 150 150 150 215 215 215 215 215 215 203 203 203 203 203 203 219 219 219 219 219 219 220 220 220 220 220 220 153 153 153 153 153 153 187 187 187 187 187 187 221 221 221 221 221 221 150 150 150 150 150 150 144 144 144 144 144 144 222 222 222 222 222 222 211 211 211 211 211 211 181 181 181 181 181 181 211 211 211 211 211 211 223 223 223 223 223 223 182 182 182 182 182 182 218 218 218 218 218 218 186 186 186 186 186 186 224 224 224 224 224 224 203 203 203 203 203 203 214 214 214 214 214 214 217 217 217 217 217 217 225 225 225 225 225 225 226 226 226 226 226 226 213 213 213 213 213 213 227 227 227 227 227 227 228 228 228 228 228 228 215 215 215 215 215 215 229 229 229 229 229 229 216 216 216 216 216 216 230 230 230 230 230 230 231 231 231 231 231 231 217 217 217 217 217 217 221 221 221 221 221 221 232 232 232 232 232 232 215 215 215 215 215 215 220 220 220 220 220 220 233 233 233 233 233 233 234 234 234 234 234 234 218 218 218 218 218 218 226 226 226 226 226 226 205 205 205 205 205 205 235 235 235 235 235 235 236 236 236 236 236 236 237 237 237 237 237 237 153 153 153 153 153 153 238 238 238 238 238 238 187 187 187 187 187 187 223 223 223 223 223 223 213 213 213 213 213 213 239 239 239 239 239 239 234 234 234 234 234 234 240 240 240 240 240 240 241 241 241 241 241 241 242 242 242 242 242 242 243 243 243 243 243 243 244 244 244 244 244 244 231 231 231 231 231 231 245 245 245 245 245 245 225 225 225 225 225 225 228 228 228 228 228 228 246 246 246 246 246 246 247 247 247 247 247 247 232 232 232 232 232 232 248 248 248 248 248 248 229 229 229 229 229 229 244 244 244 244 244 244 249 249 249 249 249 249 231 231 231 231 231 231 239 239 239 239 239 239 244 244 244 244 244 244 230 230 230 230 230 230 238 238 238 238 238 238 234 234 234 234 234 234 241 241 241 241 241 241 239 239 239 239 239 239 228 228 228 228 228 228 242 242 242 242 242 242 221 221 221 221 221 221 241 241 241 241 241 241 250 250 250 250 250 250 251 251 251 251 251 251 249 249 249 249 249 249 252 252 252 252 252 252 253 253 253 253 253 253 247 247 247 247 247 247 246 246 246 246 246 246 249 249 249 249 249 249 243 243 243 243 243 243 252 252 252 252 252 252 254 254 254 254 254 254 255 255 255 255 255 255 248 248 248 248 248 248 256 256 256 256 256 256 257 257 257 257 257 257 258 258 258 258 258 258 242 242 242 242 242 242 247 247 247 247 247 247 259 259 259 259 259 259 241 241 241 241 241 241 260 260 260 260 260 260 250 250 250 250 250 250 234 234 234 234 234 234 261 261 261 261 261 261 256 256 256 256 256 256 232 232 232 232 232 232 260 260 260 260 260 260 254 254 254 254 254 254 262 262 262 262 262 262 263 263 263 263 263 263 264 264 264 264 264 264 265 265 265 265 265 265 266 266 266 266 266 266 267 267 267 267 267 267 268 268 268 268 268 268 269 269 269 269 269 269 270 270 270 270 270 270 271 271 271 271 271 271 272 272 272 272 272 272 273 273 273 273 273 273 274 274 274 274 274 274 275 275 275 275 275 275 276 276 276 276 276 276 277 277 277 277 277 277 278 278 278 278 278 278 279 279 279 279 279 279 280 280 280 280 280 280 281 281 281 281 281 281 282 282 282 282 282 282 283 283 283 283 283 283 280 280 280 280 280 280 284 284 284 284 284 284 285 285 285 285 285 285 286 286 286 286 286 286 287 287 287 287 287 287 288 288 288 288 288 288 289 289 289 289 289 289 290 290 290 290 290 290 291 291 291 291 291 291 292 292 292 292 292 292 293 293 293 293 293 293 294 294 294 294 294 294 295 295 295 295 295 295 296 296 296 296 296 296 297 297 297 297 297 297 298 298 298 298 298 298 299 299 299 299 299 299 136 136 136 136 136 136 300 300 300 300 300 300 301 301 301 301 301 301 302 302 302 302 302 302 303 303 303 303 303 303 304 304 304 304 304 304 305 305 305 305 305 305 306 306 306 306 306 306 307 307 307 307 307 307 259 259 259 259 259 259 247 247 247 247 247 247 308 308 308 308 308 308 259 259 259 259 259 259 252 252 252 252 252 252 243 243 243 243 243 243 254 254 254 254 254 254 260 260 260 260 260 260 309 309 309 309 309 309 240 240 240 240 240 240 309 309 309 309 309 309 260 260 260 260 260 260 240 240 240 240 240 240 256 256 256 256 256 256 258 258 258 258 258 258 0 0 0 0 0 0 310 310 310 310 310 310 1 1 1 1 1 1 3 3 3 3 3 3 311 311 311 311 311 311 4 4 4 4 4 4 6 6 6 6 6 6 312 312 312 312 312 312 7 7 7 7 7 7 9 9 9 9 9 9 313 313 313 313 313 313 10 10 10 10 10 10 12 12 12 12 12 12 314 314 314 314 314 314 13 13 13 13 13 13 315 315 315 315 315 315 316 316 316 316 316 316 317 317 317 317 317 317 18 18 18 18 18 18 318 318 318 318 318 318 19 19 19 19 19 19 21 21 21 21 21 21 319 319 319 319 319 319 22 22 22 22 22 22 24 24 24 24 24 24 320 320 320 320 320 320 25 25 25 25 25 25 27 27 27 27 27 27 321 321 321 321 321 321 28 28 28 28 28 28 30 30 30 30 30 30 322 322 322 322 322 322 31 31 31 31 31 31 33 33 33 33 33 33 323 323 323 323 323 323 34 34 34 34 34 34 324 324 324 324 324 324 325 325 325 325 325 325 326 326 326 326 326 326 327 327 327 327 327 327 328 328 328 328 328 328 329 329 329 329 329 329 42 42 42 42 42 42 330 330 330 330 330 330 43 43 43 43 43 43 45 45 45 45 45 45 57 57 57 57 57 57 46 46 46 46 46 46 331 331 331 331 331 331 332 332 332 332 332 332 333 333 333 333 333 333 334 334 334 334 334 334 335 335 335 335 335 335 336 336 336 336 336 336 54 54 54 54 54 54 337 337 337 337 337 337 55 55 55 55 55 55 57 57 57 57 57 57 30 30 30 30 30 30 32 32 32 32 32 32 338 338 338 338 338 338 339 339 339 339 339 339 340 340 340 340 340 340 341 341 341 341 341 341 342 342 342 342 342 342 343 343 343 343 343 343 344 344 344 344 344 344 345 345 345 345 345 345 346 346 346 346 346 346 67 67 67 67 67 67 347 347 347 347 347 347 68 68 68 68 68 68 348 348 348 348 348 348 349 349 349 349 349 349 350 350 350 350 350 350 351 351 351 351 351 351 352 352 352 352 352 352 353 353 353 353 353 353 354 354 354 354 354 354 355 355 355 355 355 355 356 356 356 356 356 356 79 79 79 79 79 79 357 357 357 357 357 357 80 80 80 80 80 80 358 358 358 358 358 358 359 359 359 359 359 359 360 360 360 360 360 360 361 361 361 361 361 361 362 362 362 362 362 362 363 363 363 363 363 363 88 88 88 88 88 88 364 364 364 364 364 364 89 89 89 89 89 89 365 365 365 365 365 365 366 366 366 366 366 366 367 367 367 367 367 367 94 94 94 94 94 94 368 368 368 368 368 368 95 95 95 95 95 95 97 97 97 97 97 97 127 127 127 127 127 127 98 98 98 98 98 98 46 46 46 46 46 46 32 32 32 32 32 32 100 100 100 100 100 100 47 47 47 47 47 47 46 46 46 46 46 46 101 101 101 101 101 101 35 35 35 35 35 35 34 34 34 34 34 34 103 103 103 103 103 103 32 32 32 32 32 32 31 31 31 31 31 31 105 105 105 105 105 105 106 106 106 106 106 106 125 125 125 125 125 125 107 107 107 107 107 107 20 20 20 20 20 20 19 19 19 19 19 19 109 109 109 109 109 109 111 111 111 111 111 111 126 126 126 126 126 126 112 112 112 112 112 112 114 114 114 114 114 114 110 110 110 110 110 110 109 109 109 109 109 109 116 116 116 116 116 116 100 100 100 100 100 100 105 105 105 105 105 105 104 104 104 104 104 104 103 103 103 103 103 103 118 118 118 118 118 118 120 120 120 120 120 120 102 102 102 102 102 102 101 101 101 101 101 101 121 121 121 121 121 121 101 101 101 101 101 101 100 100 100 100 100 100 122 122 122 122 122 122 369 369 369 369 369 369 123 123 123 123 123 123 125 125 125 125 125 125 27 27 27 27 27 27 29 29 29 29 29 29 11 11 11 11 11 11 10 10 10 10 10 10 126 126 126 126 126 126 127 127 127 127 127 127 370 370 370 370 370 370 128 128 128 128 128 128 63 63 63 63 63 63 62 62 62 62 62 62 129 129 129 129 129 129 371 371 371 371 371 371 372 372 372 372 372 372 373 373 373 373 373 373 134 134 134 134 134 134 374 374 374 374 374 374 135 135 135 135 135 135 137 137 137 137 137 137 375 375 375 375 375 375 138 138 138 138 138 138 140 140 140 140 140 140 376 376 376 376 376 376 141 141 141 141 141 141 143 143 143 143 143 143 377 377 377 377 377 377 144 144 144 144 144 144 378 378 378 378 378 378 379 379 379 379 379 379 380 380 380 380 380 380 149 149 149 149 149 149 187 187 187 187 187 187 150 150 150 150 150 150 152 152 152 152 152 152 219 219 219 219 219 219 153 153 153 153 153 153 155 155 155 155 155 155 381 381 381 381 381 381 156 156 156 156 156 156 382 382 382 382 382 382 383 383 383 383 383 383 384 384 384 384 384 384 385 385 385 385 385 385 386 386 386 386 386 386 387 387 387 387 387 387 388 388 388 388 388 388 130 130 130 130 130 130 129 129 129 129 129 129 167 167 167 167 167 167 174 174 174 174 174 174 168 168 168 168 168 168 169 169 169 169 169 169 168 168 168 168 168 168 170 170 170 170 170 170 172 172 172 172 172 172 389 389 389 389 389 389 12 12 12 12 12 12 173 173 173 173 173 173 390 390 390 390 390 390 174 174 174 174 174 174 175 175 175 175 175 175 391 391 391 391 391 391 176 176 176 176 176 176 178 178 178 178 178 178 0 0 0 0 0 0 2 2 2 2 2 2 180 180 180 180 180 180 145 145 145 145 145 145 181 181 181 181 181 181 183 183 183 183 183 183 392 392 392 392 392 392 184 184 184 184 184 184 154 154 154 154 154 154 153 153 153 153 153 153 187 187 187 187 187 187 393 393 393 393 393 393 394 394 394 394 394 394 395 395 395 395 395 395 396 396 396 396 396 396 397 397 397 397 397 397 398 398 398 398 398 398 194 194 194 194 194 194 399 399 399 399 399 399 180 180 180 180 180 180 154 154 154 154 154 154 400 400 400 400 400 400 195 195 195 195 195 195 196 196 196 196 196 196 401 401 401 401 401 401 197 197 197 197 197 197 402 402 402 402 402 402 403 403 403 403 403 403 404 404 404 404 404 404 202 202 202 202 202 202 151 151 151 151 151 151 150 150 150 150 150 150 181 181 181 181 181 181 223 223 223 223 223 223 204 204 204 204 204 204 186 186 186 186 186 186 218 218 218 218 218 218 205 205 205 205 205 205 405 405 405 405 405 405 406 406 406 406 406 406 407 407 407 407 407 407 202 202 202 202 202 202 224 224 224 224 224 224 209 209 209 209 209 209 211 211 211 211 211 211 222 222 222 222 222 222 212 212 212 212 212 212 214 214 214 214 214 214 203 203 203 203 203 203 215 215 215 215 215 215 204 204 204 204 204 204 230 230 230 230 230 230 217 217 217 217 217 217 150 150 150 150 150 150 221 221 221 221 221 221 215 215 215 215 215 215 219 219 219 219 219 219 408 408 408 408 408 408 220 220 220 220 220 220 187 187 187 187 187 187 238 238 238 238 238 238 221 221 221 221 221 221 144 144 144 144 144 144 377 377 377 377 377 377 222 222 222 222 222 222 181 181 181 181 181 181 144 144 144 144 144 144 211 211 211 211 211 211 182 182 182 182 182 182 204 204 204 204 204 204 218 218 218 218 218 218 224 224 224 224 224 224 202 202 202 202 202 202 203 203 203 203 203 203 217 217 217 217 217 217 231 231 231 231 231 231 225 225 225 225 225 225 213 213 213 213 213 213 212 212 212 212 212 212 227 227 227 227 227 227 215 215 215 215 215 215 232 232 232 232 232 232 229 229 229 229 229 229 230 230 230 230 230 230 244 244 244 244 244 244 231 231 231 231 231 231 221 221 221 221 221 221 250 250 250 250 250 250 232 232 232 232 232 232 220 220 220 220 220 220 408 408 408 408 408 408 233 233 233 233 233 233 218 218 218 218 218 218 217 217 217 217 217 217 226 226 226 226 226 226 235 235 235 235 235 235 409 409 409 409 409 409 236 236 236 236 236 236 153 153 153 153 153 153 220 220 220 220 220 220 238 238 238 238 238 238 223 223 223 223 223 223 211 211 211 211 211 211 213 213 213 213 213 213 234 234 234 234 234 234 256 256 256 256 256 256 240 240 240 240 240 240 242 242 242 242 242 242 259 259 259 259 259 259 243 243 243 243 243 243 231 231 231 231 231 231 249 249 249 249 249 249 245 245 245 245 245 245 228 228 228 228 228 228 227 227 227 227 227 227 246 246 246 246 246 246 232 232 232 232 232 232 254 254 254 254 254 254 248 248 248 248 248 248 244 244 244 244 244 244 243 243 243 243 243 243 249 249 249 249 249 249 239 239 239 239 239 239 242 242 242 242 242 242 244 244 244 244 244 244 238 238 238 238 238 238 220 220 220 220 220 220 234 234 234 234 234 234 239 239 239 239 239 239 213 213 213 213 213 213 228 228 228 228 228 228 221 221 221 221 221 221 238 238 238 238 238 238 241 241 241 241 241 241 251 251 251 251 251 251 245 245 245 245 245 245 249 249 249 249 249 249 253 253 253 253 253 253 308 308 308 308 308 308 247 247 247 247 247 247 254 254 254 254 254 254 309 309 309 309 309 309 255 255 255 255 255 255 256 256 256 256 256 256 261 261 261 261 261 261 257 257 257 257 257 257 242 242 242 242 242 242 228 228 228 228 228 228 247 247 247 247 247 247 241 241 241 241 241 241 240 240 240 240 240 240 260 260 260 260 260 260 234 234 234 234 234 234 233 233 233 233 233 233 261 261 261 261 261 261 232 232 232 232 232 232 250 250 250 250 250 250 260 260 260 260 260 260 262 262 262 262 262 262 410 410 410 410 410 410 263 263 263 263 263 263 265 265 265 265 265 265 411 411 411 411 411 411 266 266 266 266 266 266 268 268 268 268 268 268 412 412 412 412 412 412 269 269 269 269 269 269 271 271 271 271 271 271 413 413 413 413 413 413 272 272 272 272 272 272 274 274 274 274 274 274 414 414 414 414 414 414 275 275 275 275 275 275 415 415 415 415 415 415 416 416 416 416 416 416 417 417 417 417 417 417 280 280 280 280 280 280 418 418 418 418 418 418 281 281 281 281 281 281 283 283 283 283 283 283 418 418 418 418 418 418 280 280 280 280 280 280 285 285 285 285 285 285 419 419 419 419 419 419 286 286 286 286 286 286 288 288 288 288 288 288 420 420 420 420 420 420 289 289 289 289 289 289 291 291 291 291 291 291 421 421 421 421 421 421 292 292 292 292 292 292 294 294 294 294 294 294 422 422 422 422 422 422 295 295 295 295 295 295 297 297 297 297 297 297 423 423 423 423 423 423 298 298 298 298 298 298 136 136 136 136 136 136 135 135 135 135 135 135 300 300 300 300 300 300 302 302 302 302 302 302 424 424 424 424 424 424 303 303 303 303 303 303 305 305 305 305 305 305 425 425 425 425 425 425 306 306 306 306 306 306 259 259 259 259 259 259 308 308 308 308 308 308 252 252 252 252 252 252 240 240 240 240 240 240 258 258 258 258 258 258 309 309 309 309 309 309 426 426 426 426 426 426 427 427 427 427 427 427 428 428 428 428 428 428 429 429 429 429 429 429 430 430 430 430 430 430 431 431 431 431 431 431 432 432 432 432 432 432 433 433 433 433 433 433 7 7 7 7 7 7 434 434 434 434 434 434 435 435 435 435 435 435 10 10 10 10 10 10 436 436 436 436 436 436 437 437 437 437 437 437 13 13 13 13 13 13 438 438 438 438 438 438 439 439 439 439 439 439 440 440 440 440 440 440 441 441 441 441 441 441 442 442 442 442 442 442 443 443 443 443 443 443 444 444 444 444 444 444 445 445 445 445 445 445 446 446 446 446 446 446 447 447 447 447 447 447 448 448 448 448 448 448 449 449 449 449 449 449 450 450 450 450 450 450 451 451 451 451 451 451 452 452 452 452 452 452 453 453 453 453 453 453 454 454 454 454 454 454 455 455 455 455 455 455 456 456 456 456 456 456 457 457 457 457 457 457 458 458 458 458 458 458 459 459 459 459 459 459 460 460 460 460 460 460 461 461 461 461 461 461 462 462 462 462 462 462 463 463 463 463 463 463 464 464 464 464 464 464 465 465 465 465 465 465 466 466 466 466 466 466 467 467 467 467 467 467 468 468 468 468 468 468 469 469 469 469 469 469 470 470 470 470 470 470 471 471 471 471 471 471 472 472 472 472 472 472 473 473 473 473 473 473 474 474 474 474 474 474 475 475 475 475 475 475 476 476 476 476 476 476 477 477 477 477 477 477 478 478 478 478 478 478 479 479 479 479 479 479 480 480 480 480 480 480 470 470 470 470 470 470 454 454 454 454 454 454 481 481 481 481 481 481 482 482 482 482 482 482 483 483 483 483 483 483 484 484 484 484 484 484 485 485 485 485 485 485 486 486 486 486 486 486 487 487 487 487 487 487 488 488 488 488 488 488 489 489 489 489 489 489 490 490 490 490 490 490 491 491 491 491 491 491 492 492 492 492 492 492 493 493 493 493 493 493 494 494 494 494 494 494 495 495 495 495 495 495 496 496 496 496 496 496 497 497 497 497 497 497 498 498 498 498 498 498 499 499 499 499 499 499 500 500 500 500 500 500 501 501 501 501 501 501 502 502 502 502 502 502 503 503 503 503 503 503 504 504 504 504 504 504 505 505 505 505 505 505 506 506 506 506 506 506 507 507 507 507 507 507 508 508 508 508 508 508 509 509 509 509 509 509 510 510 510 510 510 510 511 511 511 511 511 511 512 512 512 512 512 512 513 513 513 513 513 513 514 514 514 514 514 514 515 515 515 515 515 515 516 516 516 516 516 516 517 517 517 517 517 517 518 518 518 518 518 518 519 519 519 519 519 519 520 520 520 520 520 520 521 521 521 521 521 521 522 522 522 522 522 522 470 470 470 470 470 470 523 523 523 523 523 523 524 524 524 524 524 524 469 469 469 469 469 469 525 525 525 525 525 525 523 523 523 523 523 523 457 457 457 457 457 457 526 526 526 526 526 526 527 527 527 527 527 527 454 454 454 454 454 454 524 524 524 524 524 524 528 528 528 528 528 528 529 529 529 529 529 529 530 530 530 530 530 530 531 531 531 531 531 531 442 442 442 442 442 442 532 532 532 532 532 532 533 533 533 533 533 533 534 534 534 534 534 534 535 535 535 535 535 535 112 112 112 112 112 112 536 536 536 536 536 536 537 537 537 537 537 537 533 533 533 533 533 533 538 538 538 538 538 538 539 539 539 539 539 539 528 528 528 528 528 528 526 526 526 526 526 526 540 540 540 540 540 540 541 541 541 541 541 541 542 542 542 542 542 542 543 543 543 543 543 543 523 523 523 523 523 523 543 543 543 543 543 543 538 538 538 538 538 538 524 524 524 524 524 524 544 544 544 544 544 544 545 545 545 545 545 545 546 546 546 546 546 546 547 547 547 547 547 547 531 531 531 531 531 531 451 451 451 451 451 451 435 435 435 435 435 435 534 534 534 534 534 534 126 126 126 126 126 126 548 548 548 548 548 548 522 522 522 522 522 522 549 549 549 549 549 549 485 485 485 485 485 485 550 550 550 550 550 550 551 551 551 551 551 551 552 552 552 552 552 552 553 553 553 553 553 553 554 554 554 554 554 554 555 555 555 555 555 555 556 556 556 556 556 556 557 557 557 557 557 557 558 558 558 558 558 558 559 559 559 559 559 559 560 560 560 560 560 560 561 561 561 561 561 561 562 562 562 562 562 562 563 563 563 563 563 563 564 564 564 564 564 564 565 565 565 565 565 565 566 566 566 566 566 566 567 567 567 567 567 567 568 568 568 568 568 568 569 569 569 569 569 569 570 570 570 570 570 570 571 571 571 571 571 571 572 572 572 572 572 572 573 573 573 573 573 573 574 574 574 574 574 574 575 575 575 575 575 575 576 576 576 576 576 576 577 577 577 577 577 577 578 578 578 578 578 578 579 579 579 579 579 579 580 580 580 580 580 580 581 581 581 581 581 581 582 582 582 582 582 582 583 583 583 583 583 583 584 584 584 584 584 584 585 585 585 585 585 585 586 586 586 586 586 586 587 587 587 587 587 587 588 588 588 588 588 588 589 589 589 589 589 589 590 590 590 590 590 590 589 589 589 589 589 589 591 591 591 591 591 591 592 592 592 592 592 592 593 593 593 593 593 593 437 437 437 437 437 437 436 436 436 436 436 436 594 594 594 594 594 594 588 588 588 588 588 588 595 595 595 595 595 595 596 596 596 596 596 596 597 597 597 597 597 597 598 598 598 598 598 598 178 178 178 178 178 178 179 179 179 179 179 179 427 427 427 427 427 427 599 599 599 599 599 599 600 600 600 600 600 600 601 601 601 601 601 601 602 602 602 602 602 602 603 603 603 603 603 603 604 604 604 604 604 604 600 600 600 600 600 600 599 599 599 599 599 599 605 605 605 605 605 605 601 601 601 601 601 601 566 566 566 566 566 566 565 565 565 565 565 565 574 574 574 574 574 574 570 570 570 570 570 570 606 606 606 606 606 606 607 607 607 607 607 607 608 608 608 608 608 608 609 609 609 609 609 609 610 610 610 610 610 610 611 611 611 611 611 611 612 612 612 612 612 612 613 613 613 613 613 613 605 605 605 605 605 605 599 599 599 599 599 599 574 574 574 574 574 574 573 573 573 573 573 573 614 614 614 614 614 614 615 615 615 615 615 615 616 616 616 616 616 616 617 617 617 617 617 617 618 618 618 618 618 618 619 619 619 619 619 619 620 620 620 620 620 620 621 621 621 621 621 621 622 622 622 622 622 622 572 572 572 572 572 572 601 601 601 601 601 601 600 600 600 600 600 600 623 623 623 623 623 623 605 605 605 605 605 605 613 613 613 613 613 613 624 624 624 624 624 624 625 625 625 625 625 625 626 626 626 626 626 626 627 627 627 627 627 627 621 621 621 621 621 621 628 628 628 628 628 628 629 629 629 629 629 629 630 630 630 630 630 630 631 631 631 631 631 631 632 632 632 632 632 632 633 633 633 633 633 633 634 634 634 634 634 634 635 635 635 635 635 635 623 623 623 623 623 623 636 636 636 636 636 636 637 637 637 637 637 637 572 572 572 572 572 572 622 622 622 622 622 622 635 635 635 635 635 635 638 638 638 638 638 638 575 575 575 575 575 575 639 639 639 639 639 639 606 606 606 606 606 606 572 572 572 572 572 572 640 640 640 640 640 640 566 566 566 566 566 566 630 630 630 630 630 630 641 641 641 641 641 641 601 601 601 601 601 601 642 642 642 642 642 642 630 630 630 630 630 630 600 600 600 600 600 600 605 605 605 605 605 605 636 636 636 636 636 636 643 643 643 643 643 643 633 633 633 633 633 633 622 622 622 622 622 622 637 637 637 637 637 637 644 644 644 644 644 644 645 645 645 645 645 645 631 631 631 631 631 631 646 646 646 646 646 646 647 647 647 647 647 647 635 635 635 635 635 635 634 634 634 634 634 634 648 648 648 648 648 648 649 649 649 649 649 649 637 637 637 637 637 637 650 650 650 650 650 650 640 640 640 640 640 640 635 635 635 635 635 635 651 651 651 651 651 651 639 639 639 639 639 639 652 652 652 652 652 652 653 653 653 653 653 653 636 636 636 636 636 636 624 624 624 624 624 624 644 644 644 644 644 644 654 654 654 654 654 654 655 655 655 655 655 655 656 656 656 656 656 656 575 575 575 575 575 575 606 606 606 606 606 606 657 657 657 657 657 657 642 642 642 642 642 642 658 658 658 658 658 658 631 631 631 631 631 631 652 652 652 652 652 652 659 659 659 659 659 659 660 660 660 660 660 660 661 661 661 661 661 661 662 662 662 662 662 662 663 663 663 663 663 663 650 650 650 650 650 650 645 645 645 645 645 645 664 664 664 664 664 664 646 646 646 646 646 646 665 665 665 665 665 665 666 666 666 666 666 666 651 651 651 651 651 651 648 648 648 648 648 648 667 667 667 667 667 667 662 662 662 662 662 662 650 650 650 650 650 650 668 668 668 668 668 668 658 658 658 658 658 658 649 649 649 649 649 649 662 662 662 662 662 662 657 657 657 657 657 657 659 659 659 659 659 659 652 652 652 652 652 652 658 658 658 658 658 658 661 661 661 661 661 661 646 646 646 646 646 646 640 640 640 640 640 640 669 669 669 669 669 669 659 659 659 659 659 659 670 670 670 670 670 670 671 671 671 671 671 671 668 668 668 668 668 668 672 672 672 672 672 672 666 666 666 666 666 666 665 665 665 665 665 665 668 668 668 668 668 668 671 671 671 671 671 671 663 663 663 663 663 663 673 673 673 673 673 673 667 667 667 667 667 667 674 674 674 674 674 674 675 675 675 675 675 675 676 676 676 676 676 676 677 677 677 677 677 677 661 661 661 661 661 661 678 678 678 678 678 678 665 665 665 665 665 665 659 659 659 659 659 659 669 669 669 669 669 669 679 679 679 679 679 679 652 652 652 652 652 652 675 675 675 675 675 675 680 680 680 680 680 680 651 651 651 651 651 651 673 673 673 673 673 673 679 679 679 679 679 679 681 681 681 681 681 681 682 682 682 682 682 682 683 683 683 683 683 683 684 684 684 684 684 684 685 685 685 685 685 685 686 686 686 686 686 686 687 687 687 687 687 687 688 688 688 688 688 688 689 689 689 689 689 689 690 690 690 690 690 690 691 691 691 691 691 691 692 692 692 692 692 692 693 693 693 693 693 693 694 694 694 694 694 694 695 695 695 695 695 695 696 696 696 696 696 696 697 697 697 697 697 697 698 698 698 698 698 698 699 699 699 699 699 699 700 700 700 700 700 700 701 701 701 701 701 701 702 702 702 702 702 702 703 703 703 703 703 703 699 699 699 699 699 699 704 704 704 704 704 704 705 705 705 705 705 705 706 706 706 706 706 706 707 707 707 707 707 707 708 708 708 708 708 708 709 709 709 709 709 709 710 710 710 710 710 710 711 711 711 711 711 711 712 712 712 712 712 712 713 713 713 713 713 713 714 714 714 714 714 714 715 715 715 715 715 715 716 716 716 716 716 716 717 717 717 717 717 717 718 718 718 718 718 718 556 556 556 556 556 556 719 719 719 719 719 719 720 720 720 720 720 720 721 721 721 721 721 721 722 722 722 722 722 722 723 723 723 723 723 723 724 724 724 724 724 724 725 725 725 725 725 725 726 726 726 726 726 726 678 678 678 678 678 678 727 727 727 727 727 727 665 665 665 665 665 665 678 678 678 678 678 678 663 663 663 663 663 663 671 671 671 671 671 671 673 673 673 673 673 673 728 728 728 728 728 728 679 679 679 679 679 679 660 660 660 660 660 660 679 679 679 679 679 679 728 728 728 728 728 728 660 660 660 660 660 660 676 676 676 676 676 676 675 675 675 675 675 675 426 426 426 426 426 426 428 428 428 428 428 428 729 729 729 729 729 729 429 429 429 429 429 429 431 431 431 431 431 431 730 730 730 730 730 730 432 432 432 432 432 432 7 7 7 7 7 7 312 312 312 312 312 312 434 434 434 434 434 434 10 10 10 10 10 10 313 313 313 313 313 313 436 436 436 436 436 436 13 13 13 13 13 13 314 314 314 314 314 314 731 731 731 731 731 731 732 732 732 732 732 732 733 733 733 733 733 733 441 441 441 441 441 441 443 443 443 443 443 443 734 734 734 734 734 734 444 444 444 444 444 444 446 446 446 446 446 446 735 735 735 735 735 735 447 447 447 447 447 447 449 449 449 449 449 449 736 736 736 736 736 736 450 450 450 450 450 450 452 452 452 452 452 452 737 737 737 737 737 737 453 453 453 453 453 453 455 455 455 455 455 455 738 738 738 738 738 738 456 456 456 456 456 456 458 458 458 458 458 458 739 739 739 739 739 739 740 740 740 740 740 740 741 741 741 741 741 741 742 742 742 742 742 742 743 743 743 743 743 743 744 744 744 744 744 744 745 745 745 745 745 745 465 465 465 465 465 465 467 467 467 467 467 467 746 746 746 746 746 746 468 468 468 468 468 468 470 470 470 470 470 470 480 480 480 480 480 480 747 747 747 747 747 747 748 748 748 748 748 748 749 749 749 749 749 749 750 750 750 750 750 750 751 751 751 751 751 751 752 752 752 752 752 752 477 477 477 477 477 477 479 479 479 479 479 479 753 753 753 753 753 753 480 480 480 480 480 480 454 454 454 454 454 454 453 453 453 453 453 453 754 754 754 754 754 754 755 755 755 755 755 755 756 756 756 756 756 756 757 757 757 757 757 757 758 758 758 758 758 758 759 759 759 759 759 759 760 760 760 760 760 760 761 761 761 761 761 761 762 762 762 762 762 762 490 490 490 490 490 490 492 492 492 492 492 492 763 763 763 763 763 763 764 764 764 764 764 764 765 765 765 765 765 765 766 766 766 766 766 766 767 767 767 767 767 767 768 768 768 768 768 768 769 769 769 769 769 769 770 770 770 770 770 770 771 771 771 771 771 771 772 772 772 772 772 772 502 502 502 502 502 502 504 504 504 504 504 504 773 773 773 773 773 773 774 774 774 774 774 774 775 775 775 775 775 775 776 776 776 776 776 776 777 777 777 777 777 777 778 778 778 778 778 778 779 779 779 779 779 779 511 511 511 511 511 511 513 513 513 513 513 513 780 780 780 780 780 780 781 781 781 781 781 781 782 782 782 782 782 782 783 783 783 783 783 783 517 517 517 517 517 517 519 519 519 519 519 519 784 784 784 784 784 784 520 520 520 520 520 520 522 522 522 522 522 522 548 548 548 548 548 548 470 470 470 470 470 470 524 524 524 524 524 524 454 454 454 454 454 454 469 469 469 469 469 469 523 523 523 523 523 523 470 470 470 470 470 470 457 457 457 457 457 457 527 527 527 527 527 527 458 458 458 458 458 458 454 454 454 454 454 454 528 528 528 528 528 528 455 455 455 455 455 455 529 529 529 529 529 529 531 531 531 531 531 531 547 547 547 547 547 547 442 442 442 442 442 442 533 533 533 533 533 533 443 443 443 443 443 443 534 534 534 534 534 534 112 112 112 112 112 112 126 126 126 126 126 126 536 536 536 536 536 536 533 533 533 533 533 533 532 532 532 532 532 532 538 538 538 538 538 538 528 528 528 528 528 528 524 524 524 524 524 524 526 526 526 526 526 526 541 541 541 541 541 541 527 527 527 527 527 527 542 542 542 542 542 542 523 523 523 523 523 523 525 525 525 525 525 525 543 543 543 543 543 543 524 524 524 524 524 524 523 523 523 523 523 523 544 544 544 544 544 544 546 546 546 546 546 546 785 785 785 785 785 785 547 547 547 547 547 547 451 451 451 451 451 451 450 450 450 450 450 450 435 435 435 435 435 435 126 126 126 126 126 126 10 10 10 10 10 10 548 548 548 548 548 548 549 549 549 549 549 549 786 786 786 786 786 786 485 485 485 485 485 485 551 551 551 551 551 551 486 486 486 486 486 486 787 787 787 787 787 787 788 788 788 788 788 788 789 789 789 789 789 789 555 555 555 555 555 555 557 557 557 557 557 557 790 790 790 790 790 790 558 558 558 558 558 558 560 560 560 560 560 560 791 791 791 791 791 791 561 561 561 561 561 561 563 563 563 563 563 563 792 792 792 792 792 792 564 564 564 564 564 564 566 566 566 566 566 566 793 793 793 793 793 793 794 794 794 794 794 794 795 795 795 795 795 795 796 796 796 796 796 796 570 570 570 570 570 570 572 572 572 572 572 572 606 606 606 606 606 606 573 573 573 573 573 573 575 575 575 575 575 575 638 638 638 638 638 638 576 576 576 576 576 576 578 578 578 578 578 578 797 797 797 797 797 797 798 798 798 798 798 798 799 799 799 799 799 799 800 800 800 800 800 800 801 801 801 801 801 801 802 802 802 802 802 802 803 803 803 803 803 803 804 804 804 804 804 804 551 551 551 551 551 551 550 550 550 550 550 550 588 588 588 588 588 588 590 590 590 590 590 590 595 595 595 595 595 595 589 589 589 589 589 589 592 592 592 592 592 592 590 590 590 590 590 590 593 593 593 593 593 593 436 436 436 436 436 436 805 805 805 805 805 805 594 594 594 594 594 594 595 595 595 595 595 595 806 806 806 806 806 806 596 596 596 596 596 596 598 598 598 598 598 598 807 807 807 807 807 807 178 178 178 178 178 178 427 427 427 427 427 427 426 426 426 426 426 426 599 599 599 599 599 599 601 601 601 601 601 601 565 565 565 565 565 565 602 602 602 602 602 602 604 604 604 604 604 604 808 808 808 808 808 808 574 574 574 574 574 574 606 606 606 606 606 606 575 575 575 575 575 575 809 809 809 809 809 809 810 810 810 810 810 810 811 811 811 811 811 811 812 812 812 812 812 812 813 813 813 813 813 813 814 814 814 814 814 814 613 613 613 613 613 613 599 599 599 599 599 599 815 815 815 815 815 815 574 574 574 574 574 574 614 614 614 614 614 614 816 816 816 816 816 816 615 615 615 615 615 615 617 617 617 617 617 617 817 817 817 817 817 817 818 818 818 818 818 818 819 819 819 819 819 819 820 820 820 820 820 820 621 621 621 621 621 621 572 572 572 572 572 572 571 571 571 571 571 571 601 601 601 601 601 601 623 623 623 623 623 623 642 642 642 642 642 642 605 605 605 605 605 605 624 624 624 624 624 624 636 636 636 636 636 636 821 821 821 821 821 821 822 822 822 822 822 822 823 823 823 823 823 823 621 621 621 621 621 621 629 629 629 629 629 629 643 643 643 643 643 643 630 630 630 630 630 630 632 632 632 632 632 632 641 641 641 641 641 641 633 633 633 633 633 633 635 635 635 635 635 635 622 622 622 622 622 622 623 623 623 623 623 623 637 637 637 637 637 637 649 649 649 649 649 649 572 572 572 572 572 572 635 635 635 635 635 635 640 640 640 640 640 640 638 638 638 638 638 638 639 639 639 639 639 639 824 824 824 824 824 824 606 606 606 606 606 606 640 640 640 640 640 640 657 657 657 657 657 657 566 566 566 566 566 566 641 641 641 641 641 641 793 793 793 793 793 793 601 601 601 601 601 601 630 630 630 630 630 630 566 566 566 566 566 566 600 600 600 600 600 600 636 636 636 636 636 636 623 623 623 623 623 623 643 643 643 643 643 643 622 622 622 622 622 622 621 621 621 621 621 621 637 637 637 637 637 637 645 645 645 645 645 645 650 650 650 650 650 650 631 631 631 631 631 631 647 647 647 647 647 647 632 632 632 632 632 632 635 635 635 635 635 635 648 648 648 648 648 648 651 651 651 651 651 651 649 649 649 649 649 649 650 650 650 650 650 650 662 662 662 662 662 662 640 640 640 640 640 640 651 651 651 651 651 651 669 669 669 669 669 669 639 639 639 639 639 639 653 653 653 653 653 653 824 824 824 824 824 824 636 636 636 636 636 636 644 644 644 644 644 644 637 637 637 637 637 637 654 654 654 654 654 654 656 656 656 656 656 656 825 825 825 825 825 825 575 575 575 575 575 575 657 657 657 657 657 657 639 639 639 639 639 639 642 642 642 642 642 642 631 631 631 631 631 631 630 630 630 630 630 630 652 652 652 652 652 652 660 660 660 660 660 660 675 675 675 675 675 675 661 661 661 661 661 661 663 663 663 663 663 663 678 678 678 678 678 678 650 650 650 650 650 650 664 664 664 664 664 664 668 668 668 668 668 668 646 646 646 646 646 646 666 666 666 666 666 666 647 647 647 647 647 647 651 651 651 651 651 651 667 667 667 667 667 667 673 673 673 673 673 673 662 662 662 662 662 662 668 668 668 668 668 668 663 663 663 663 663 663 658 658 658 658 658 658 662 662 662 662 662 662 661 661 661 661 661 661 657 657 657 657 657 657 652 652 652 652 652 652 639 639 639 639 639 639 658 658 658 658 658 658 646 646 646 646 646 646 631 631 631 631 631 631 640 640 640 640 640 640 659 659 659 659 659 659 657 657 657 657 657 657 670 670 670 670 670 670 668 668 668 668 668 668 664 664 664 664 664 664 672 672 672 672 672 672 665 665 665 665 665 665 727 727 727 727 727 727 673 673 673 673 673 673 674 674 674 674 674 674 728 728 728 728 728 728 675 675 675 675 675 675 677 677 677 677 677 677 680 680 680 680 680 680 661 661 661 661 661 661 665 665 665 665 665 665 646 646 646 646 646 646 659 659 659 659 659 659 679 679 679 679 679 679 660 660 660 660 660 660 652 652 652 652 652 652 680 680 680 680 680 680 653 653 653 653 653 653 651 651 651 651 651 651 679 679 679 679 679 679 669 669 669 669 669 669 681 681 681 681 681 681 683 683 683 683 683 683 826 826 826 826 826 826 684 684 684 684 684 684 686 686 686 686 686 686 827 827 827 827 827 827 687 687 687 687 687 687 689 689 689 689 689 689 828 828 828 828 828 828 690 690 690 690 690 690 692 692 692 692 692 692 829 829 829 829 829 829 693 693 693 693 693 693 695 695 695 695 695 695 830 830 830 830 830 830 831 831 831 831 831 831 832 832 832 832 832 832 833 833 833 833 833 833 699 699 699 699 699 699 701 701 701 701 701 701 834 834 834 834 834 834 702 702 702 702 702 702 699 699 699 699 699 699 834 834 834 834 834 834 704 704 704 704 704 704 706 706 706 706 706 706 835 835 835 835 835 835 707 707 707 707 707 707 709 709 709 709 709 709 836 836 836 836 836 836 710 710 710 710 710 710 712 712 712 712 712 712 837 837 837 837 837 837 713 713 713 713 713 713 715 715 715 715 715 715 838 838 838 838 838 838 716 716 716 716 716 716 718 718 718 718 718 718 839 839 839 839 839 839 556 556 556 556 556 556 720 720 720 720 720 720 557 557 557 557 557 557 721 721 721 721 721 721 723 723 723 723 723 723 840 840 840 840 840 840 724 724 724 724 724 724 726 726 726 726 726 726 841 841 841 841 841 841 678 678 678 678 678 678 671 671 671 671 671 671 727 727 727 727 727 727 660 660 660 660 660 660 728 728 728 728 728 728 676 676 676 676 676 676 </p>
        </triangles>
      </mesh>
    </geometry>
  </library_geometries>
  <library_visual_scenes>
    <visual_scene id="Scene" name="Scene">
      <node id="Armature" name="Armature" type="NODE">
        <matrix sid="transform">1 0 0 0 0 1 0 0 0 0 1 0 0 0 0 1</matrix>
      </node>
      <node id="Wing_Std__m_Wing" name="Wing_Std__m_Wing" type="NODE">
        <instance_geometry url="#Wing_Std__m_Wing-mesh" name="Wing_Std__m_Wing">
          <bind_material>
            <technique_common>
              <instance_material symbol="" target="#">
                <bind_vertex_input semantic="CHANNEL0" input_semantic="TEXCOORD" input_set="0" />
                <bind_vertex_input semantic="CHANNEL1" input_semantic="TEXCOORD" input_set="1" />
                <bind_vertex_input semantic="CHANNEL2" input_semantic="TEXCOORD" input_set="2" />
              </instance_material>
            </technique_common>
          </bind_material>
        </instance_geometry>
      </node>
    </visual_scene>
  </library_visual_scenes>
  <scene>
    <instance_visual_scene url="#Scene" />
  </scene>
</COLLADA>